query,scan_bytes,latency_ms
SELECT COUNT(*) FROM events WHERE month = 'Jan',10760083,120
SELECT * FROM users WHERE id = 87325,971950,10
SELECT * FROM orders WHERE total > 72227,5048288,49
SELECT COUNT(*) FROM events WHERE month = 'Mar',10931423,117
SELECT * FROM users WHERE id = 48081,808710,18
SELECT * FROM users WHERE id = 87859,1188975,10
SELECT COUNT(*) FROM events WHERE month = 'Feb',10606555,116
SELECT * FROM orders WHERE total > 22969,4089516,50
SELECT * FROM orders WHERE total > 70963,5093474,46
SELECT * FROM orders WHERE total > 10271,5000071,48
SELECT * FROM orders WHERE total > 8595,4342870,50
SELECT * FROM orders WHERE total > 98712,5661390,59
SELECT * FROM users WHERE id IN (431),1266704,7
"SELECT user_id, SUM(total) FROM orders WHERE region = 'garden' GROUP BY user_id",9269476,94
SELECT * FROM users WHERE id = 90556,822794,19
SELECT COUNT(*) FROM events WHERE month = 'Mar',11956706,119
"SELECT name, email FROM users WHERE signup_date > '2025-09-10'",3702284,47
SELECT * FROM users WHERE id = 15025,814466,18
SELECT * FROM sessions WHERE duration > 86781,4833037,56
"SELECT * FROM orders WHERE status IN ('cancelled', 'cancelled', 'pending', 'shipped')",2681627,31
SELECT * FROM orders WHERE total > 2995,5392311,56
SELECT * FROM orders WHERE total > 76367,5804711,60
"SELECT user_id, SUM(total) FROM orders WHERE region = 'auto' GROUP BY user_id",7868029,83
SELECT COUNT(*) FROM events WHERE month = 'Jan',9305835,92
SELECT * FROM users WHERE id = 18451,1146657,14
SELECT * FROM users WHERE id = 16504,1180115,8
SELECT * FROM users WHERE id IN (96),1488049,24
SELECT * FROM orders WHERE total > 5601,5178271,59
SELECT * FROM orders WHERE total > 64246,5026859,60
SELECT * FROM sessions WHERE duration > 46345,4842776,43
SELECT * FROM users WHERE id = 66350,819212,20
SELECT COUNT(*) FROM events WHERE month = 'May',9443259,94
SELECT * FROM users WHERE id = 60922,912613,22
SELECT COUNT(*) FROM events WHERE month = 'May',11819520,128
SELECT * FROM orders WHERE total > 57665,4194440,53
SELECT * FROM users WHERE id = 89737,1043458,18
SELECT * FROM users WHERE id = 97917,906846,11
SELECT * FROM users WHERE id = 93985,937955,12
"SELECT name, email FROM users WHERE signup_date > '2025-09-10'",3916047,52
SELECT * FROM orders WHERE total > 23521,5159325,59
SELECT * FROM users WHERE id = 79002,956412,14
SELECT * FROM users WHERE id = 90625,1198200,6
SELECT * FROM orders WHERE total > 32182,5375960,65
SELECT * FROM orders WHERE total > 18160,5064610,57
SELECT * FROM sessions WHERE duration > 16007,4726491,60
"SELECT * FROM users WHERE id IN (318, 66, 378, 35, 233)",1104511,20
SELECT * FROM orders WHERE total > 10451,5686404,68
"SELECT name, email FROM users WHERE signup_date > '2025-09-10'",3795114,37
SELECT COUNT(*) FROM events WHERE month = 'Feb',11213804,113
SELECT * FROM orders WHERE total > 79925,5896741,60
SELECT * FROM orders WHERE total > 41341,4043545,47
SELECT * FROM orders WHERE total > 17271,5021015,62
SELECT * FROM orders WHERE total > 96458,5140174,63
SELECT COUNT(*) FROM events WHERE month = 'Jan',10807942,114
SELECT COUNT(*) FROM events WHERE month = 'Apr',10853540,108
SELECT * FROM products WHERE category = 'auto',2028797,20
SELECT * FROM orders WHERE total > 58489,4103209,50
SELECT * FROM users WHERE id = 21344,983002,5
SELECT * FROM sessions WHERE duration > 30087,3527616,30
"SELECT * FROM users WHERE id IN (570, 655, 575)",1353464,20
SELECT * FROM orders WHERE total > 23270,5437177,56
"SELECT * FROM users WHERE id IN (533, 701, 187, 46, 296)",1235057,20
SELECT * FROM orders WHERE total > 86343,4960854,62
SELECT * FROM products WHERE category = 'books',1994923,23
SELECT * FROM products WHERE category = 'books',2242805,22
SELECT * FROM products WHERE category = 'toys',1730390,14
SELECT * FROM orders WHERE total > 63034,4244342,53
"SELECT user_id, SUM(total) FROM orders WHERE region = 'auto' GROUP BY user_id",7150365,68
"SELECT user_id, SUM(total) FROM orders WHERE region = 'books' GROUP BY user_id",9937583,94
SELECT * FROM users WHERE id IN (950),1119726,22
SELECT * FROM orders WHERE total > 28963,5646179,56
SELECT * FROM users WHERE id = 35856,812046,20
SELECT COUNT(*) FROM events WHERE month = 'Mar',11801464,124
SELECT * FROM products WHERE category = 'auto',1924236,14
SELECT * FROM users WHERE id = 2405,952300,23
SELECT COUNT(*) FROM events WHERE month = 'Feb',9359783,89
"SELECT * FROM users WHERE id IN (10, 838)",1452997,12
"SELECT * FROM users WHERE id IN (589, 541)",1429116,16
SELECT * FROM orders WHERE total > 4123,4544346,56
SELECT * FROM orders WHERE total > 88160,5068329,45
SELECT * FROM users WHERE id = 26871,899566,14
SELECT * FROM users WHERE id = 83655,1163128,25
SELECT COUNT(*) FROM events WHERE month = 'Apr',9470410,91
SELECT * FROM orders WHERE total > 57063,4062237,54
"SELECT user_id, SUM(total) FROM orders WHERE region = 'toys' GROUP BY user_id",7604508,79
SELECT * FROM orders WHERE total > 42963,5647797,63
"SELECT * FROM users WHERE id IN (969, 241, 948, 583, 516)",1133018,16
SELECT * FROM orders WHERE total > 95641,5730680,53
"SELECT name, email FROM users WHERE signup_date > '2025-06-20'",2727146,35
SELECT * FROM orders WHERE total > 85487,5742709,53
SELECT * FROM users WHERE id = 52912,1106859,11
"SELECT name, email FROM users WHERE signup_date > '2025-06-20'",3258668,27
SELECT * FROM users WHERE id = 53548,1128711,9
SELECT * FROM users WHERE id = 82335,1077315,18
SELECT * FROM users WHERE id = 30498,1003513,21
"SELECT user_id, SUM(total) FROM orders WHERE region = 'auto' GROUP BY user_id",9564424,103
SELECT * FROM orders WHERE total > 47482,5878936,59
SELECT * FROM users WHERE id = 94375,997676,20
SELECT COUNT(*) FROM events WHERE month = 'Apr',11360284,113
SELECT * FROM users WHERE id = 85166,921454,13
SELECT * FROM sessions WHERE duration > 24442,4008248,51
SELECT COUNT(*) FROM events WHERE month = 'Jun',9321664,103
SELECT COUNT(*) FROM events WHERE month = 'Jan',10587723,111
SELECT * FROM products WHERE category = 'electronics',1797053,21
SELECT * FROM users WHERE id = 7222,1120279,14
SELECT * FROM users WHERE id = 36575,1032786,11
SELECT * FROM users WHERE id IN (659),1119320,7
SELECT * FROM orders WHERE total > 92820,5295391,59
SELECT * FROM orders WHERE total > 51522,5106526,62
SELECT * FROM users WHERE id = 22080,1066093,9
"SELECT * FROM users WHERE id IN (349, 770, 935)",1210692,16
"SELECT * FROM users WHERE id IN (473, 190)",1050333,7
SELECT * FROM products WHERE category = 'toys',1664018,15
SELECT * FROM orders WHERE total > 22613,5191275,52
SELECT * FROM orders WHERE total > 93503,5361544,62
SELECT * FROM orders WHERE total > 51589,4483879,50
SELECT * FROM users WHERE id = 7299,1155883,17
SELECT * FROM orders WHERE total > 5583,5752507,65
SELECT * FROM orders WHERE total > 80272,5501195,57
SELECT * FROM users WHERE id = 22593,1008265,6
SELECT * FROM users WHERE id = 72317,1099190,9
SELECT * FROM users WHERE id = 41862,1026410,15
"SELECT name, email FROM users WHERE signup_date > '2025-06-20'",2886831,23
SELECT * FROM orders WHERE total > 93220,4330786,54
SELECT * FROM users WHERE id = 86005,1177314,12
SELECT * FROM orders WHERE total > 92585,5002453,65
SELECT * FROM users WHERE id = 96263,1154524,25
SELECT COUNT(*) FROM events WHERE month = 'Jun',11005726,119
SELECT * FROM orders WHERE total > 90294,4413812,54
SELECT * FROM users WHERE id = 50930,989800,5
SELECT * FROM orders WHERE total > 46082,5912358,74
SELECT * FROM users WHERE id = 29623,1114045,19
SELECT * FROM orders WHERE total > 42389,5015913,51
"SELECT name, email FROM users WHERE signup_date > '2025-06-20'",3516432,46
SELECT * FROM users WHERE id = 13534,1199258,21
SELECT * FROM users WHERE id = 84885,966739,24
SELECT * FROM users WHERE id = 38277,953471,7
SELECT * FROM users WHERE id = 92340,944537,10
SELECT COUNT(*) FROM events WHERE month = 'May',11072160,112
SELECT * FROM users WHERE id = 10816,805269,9
SELECT * FROM products WHERE category = 'electronics',2169577,32
SELECT * FROM users WHERE id = 78217,1126835,21
SELECT * FROM orders WHERE total > 71722,4146140,47
SELECT * FROM products WHERE category = 'electronics',2362235,36
SELECT * FROM products WHERE category = 'auto',1962714,31
SELECT * FROM users WHERE id = 75042,1191145,9
SELECT * FROM users WHERE id = 55731,943224,15
SELECT * FROM orders WHERE total > 73763,4200452,52
SELECT * FROM users WHERE id = 57924,1165691,12
"SELECT name, email FROM users WHERE signup_date > '2025-09-10'",3061744,31
"SELECT name, email FROM users WHERE signup_date > '2025-09-10'",2677255,30
SELECT * FROM users WHERE id = 91620,1128214,25
SELECT * FROM orders WHERE total > 19271,4660390,57
"SELECT * FROM users WHERE id IN (118, 144, 477, 110, 719)",1230615,27
"SELECT user_id, SUM(total) FROM orders WHERE region = 'auto' GROUP BY user_id",7726973,81
SELECT * FROM users WHERE id = 66092,974470,15
SELECT * FROM users WHERE id = 65294,949658,11
SELECT * FROM users WHERE id = 89366,962514,7
SELECT * FROM users WHERE id = 85257,1043127,14
SELECT COUNT(*) FROM events WHERE month = 'May',11834576,124
"SELECT name, email FROM users WHERE signup_date > '2025-06-20'",3816298,40
SELECT * FROM orders WHERE status IN ('cancelled'),2045136,23
SELECT * FROM users WHERE id = 52646,1199398,25
SELECT COUNT(*) FROM events WHERE month = 'May',10670177,115
SELECT COUNT(*) FROM events WHERE month = 'Jun',11217554,127
SELECT * FROM users WHERE id = 67202,1134811,8
SELECT COUNT(*) FROM events WHERE month = 'Mar',9997294,95
SELECT * FROM products WHERE category = 'garden',2285676,37
SELECT * FROM orders WHERE total > 76103,5081956,56
SELECT * FROM orders WHERE total > 53076,5577479,60
"SELECT name, email FROM users WHERE signup_date > '2025-06-20'",2031558,23
SELECT * FROM users WHERE id = 67900,1099524,18
SELECT * FROM users WHERE id = 35276,1157971,17
SELECT * FROM users WHERE id = 17158,1103657,8
"SELECT * FROM users WHERE id IN (356, 25, 8)",1324570,20
SELECT * FROM users WHERE id = 12147,935036,20
SELECT * FROM users WHERE id = 62609,896732,5
SELECT COUNT(*) FROM events WHERE month = 'Jun',10900494,108
SELECT * FROM users WHERE id = 9291,1055106,20
"SELECT user_id, SUM(total) FROM orders WHERE region = 'toys' GROUP BY user_id",9503832,97
SELECT * FROM orders WHERE total > 19195,5194767,65
"SELECT name, email FROM users WHERE signup_date > '2025-01-01'",3623996,33
SELECT * FROM orders WHERE total > 23719,4841052,60
SELECT * FROM users WHERE id = 9290,859572,16
SELECT * FROM users WHERE id = 43169,884382,18
SELECT * FROM orders WHERE total > 99484,4463277,49
SELECT * FROM users WHERE id = 72665,1038282,22
SELECT * FROM users WHERE id = 95231,1029068,17
"SELECT user_id, SUM(total) FROM orders WHERE region = 'garden' GROUP BY user_id",9484007,103
SELECT * FROM users WHERE id = 61275,912903,19
SELECT * FROM users WHERE id = 90940,1057658,12
SELECT * FROM users WHERE id = 5830,838376,16
SELECT * FROM orders WHERE total > 12735,5835619,64
SELECT * FROM users WHERE id = 83811,877949,19
SELECT * FROM orders WHERE total > 93392,5556322,61
SELECT * FROM orders WHERE total > 95726,4738876,54
SELECT COUNT(*) FROM events WHERE month = 'Mar',9409114,90
SELECT * FROM orders WHERE total > 18694,4385289,47
SELECT COUNT(*) FROM events WHERE month = 'Mar',11445185,111
SELECT * FROM products WHERE category = 'toys',1624213,17
SELECT * FROM orders WHERE total > 37827,5784977,72
SELECT * FROM orders WHERE total > 93760,5318666,51
SELECT * FROM sessions WHERE duration > 74198,3429814,34
SELECT COUNT(*) FROM events WHERE month = 'May',10068572,96
SELECT COUNT(*) FROM events WHERE month = 'Mar',11984529,122
SELECT * FROM orders WHERE total > 26000,5779476,65
SELECT * FROM users WHERE id = 65352,867462,19
SELECT * FROM orders WHERE total > 82361,4800008,63
SELECT * FROM sessions WHERE duration > 57161,4774364,44
SELECT COUNT(*) FROM events WHERE month = 'May',11560257,130
SELECT * FROM users WHERE id = 2707,1073661,25
SELECT COUNT(*) FROM events WHERE month = 'Mar',10539274,117
SELECT * FROM users WHERE id = 97370,1005399,25
SELECT * FROM orders WHERE total > 28068,5739771,64
"SELECT * FROM users WHERE id IN (247, 394, 91, 741)",1023214,20
"SELECT name, email FROM users WHERE signup_date > '2025-09-10'",2464929,19
"SELECT * FROM users WHERE id IN (932, 533, 779, 875, 149)",1430603,25
SELECT * FROM users WHERE id = 62863,945424,11
SELECT * FROM orders WHERE total > 27128,4139021,48
SELECT * FROM products WHERE category = 'electronics',2061624,30
SELECT * FROM orders WHERE total > 80767,4353813,48
SELECT * FROM orders WHERE total > 5391,4211822,45
SELECT * FROM orders WHERE total > 94496,5853127,60
SELECT * FROM users WHERE id = 85558,1036286,18
SELECT * FROM orders WHERE total > 59937,5782826,63
SELECT * FROM users WHERE id = 26416,1186315,26
SELECT * FROM orders WHERE total > 34260,5204188,65
SELECT * FROM users WHERE id = 43320,1035138,7
SELECT * FROM products WHERE category = 'toys',1663883,29
"SELECT * FROM orders WHERE status IN ('returned', 'cancelled', 'pending')",2068017,30
SELECT * FROM sessions WHERE duration > 46127,3369635,31
SELECT * FROM users WHERE id = 3866,840184,14
SELECT COUNT(*) FROM events WHERE month = 'Jan',9958501,101
SELECT * FROM users WHERE id = 51020,963813,5
"SELECT name, email FROM users WHERE signup_date > '2025-09-10'",2606495,40
SELECT COUNT(*) FROM events WHERE month = 'Feb',10559035,106
SELECT * FROM users WHERE id = 17805,874216,20
SELECT * FROM users WHERE id = 59280,1123675,19
SELECT * FROM orders WHERE total > 22815,4773868,43
SELECT COUNT(*) FROM events WHERE month = 'Apr',9379671,97
SELECT * FROM users WHERE id = 11239,1091057,17
SELECT COUNT(*) FROM events WHERE month = 'May',11264128,124
SELECT * FROM users WHERE id = 59384,997084,6
SELECT * FROM users WHERE id = 9452,995851,21
SELECT * FROM orders WHERE total > 91916,5096378,55
SELECT * FROM users WHERE id = 49970,986514,4
SELECT COUNT(*) FROM events WHERE month = 'Jan',11603675,121
SELECT * FROM users WHERE id = 56478,941524,14
SELECT * FROM orders WHERE total > 99615,4455897,51
SELECT * FROM users WHERE id = 92816,835552,8
SELECT * FROM users WHERE id = 31818,1118384,21
SELECT * FROM products WHERE category = 'auto',2290470,19
SELECT * FROM orders WHERE total > 62378,5997298,57
SELECT * FROM users WHERE id = 53494,922226,23
"SELECT * FROM users WHERE id IN (948, 631, 348, 716)",1202192,7
SELECT * FROM orders WHERE total > 49934,4776124,53
SELECT * FROM orders WHERE total > 22486,4598449,43
SELECT COUNT(*) FROM events WHERE month = 'Feb',11873976,118
"SELECT name, email FROM users WHERE signup_date > '2025-06-20'",2378054,21
SELECT * FROM users WHERE id = 92407,812882,22
SELECT * FROM users WHERE id = 37774,999497,10
SELECT * FROM users WHERE id = 27518,1125358,19
SELECT * FROM users WHERE id = 59400,852434,14
SELECT COUNT(*) FROM events WHERE month = 'Apr',11414042,128
SELECT * FROM users WHERE id = 26073,1083684,8
SELECT COUNT(*) FROM events WHERE month = 'May',9981701,101
SELECT * FROM orders WHERE total > 6619,5642293,54
SELECT * FROM sessions WHERE duration > 19181,4834433,63
SELECT * FROM users WHERE id = 80457,969837,13
SELECT * FROM orders WHERE total > 56725,5745408,56
SELECT * FROM products WHERE category = 'garden',2273746,22
"SELECT name, email FROM users WHERE signup_date > '2025-01-01'",2487404,31
SELECT COUNT(*) FROM events WHERE month = 'Apr',10444312,103
SELECT * FROM users WHERE id = 75207,859059,13
"SELECT * FROM users WHERE id IN (146, 982, 482, 613, 404)",1443737,15
SELECT * FROM users WHERE id = 89181,1087036,7
SELECT * FROM products WHERE category = 'electronics',1565540,11
SELECT * FROM products WHERE category = 'garden',1628914,29
SELECT * FROM products WHERE category = 'auto',2115802,35
SELECT * FROM users WHERE id = 51113,1161682,12
SELECT * FROM orders WHERE total > 88485,4223348,50
SELECT * FROM users WHERE id = 58280,1021161,24
SELECT * FROM users WHERE id = 51560,1097128,9
SELECT * FROM orders WHERE total > 71342,4482840,44
SELECT * FROM orders WHERE total > 55361,4873442,60
SELECT * FROM users WHERE id IN (509),1118231,24
"SELECT user_id, SUM(total) FROM orders WHERE region = 'books' GROUP BY user_id",9898120,101
SELECT * FROM sessions WHERE duration > 90494,4001170,53
SELECT * FROM orders WHERE total > 49175,4082519,53
SELECT COUNT(*) FROM events WHERE month = 'Jan',11558978,116
SELECT * FROM users WHERE id = 32441,1053684,20
"SELECT name, email FROM users WHERE signup_date > '2025-06-20'",2028336,20
SELECT COUNT(*) FROM events WHERE month = 'Mar',11076950,109
SELECT * FROM users WHERE id = 82232,1093195,20
SELECT * FROM users WHERE id = 48649,975827,17
SELECT * FROM products WHERE category = 'toys',1579542,14
SELECT * FROM users WHERE id = 73915,1092174,13
SELECT * FROM orders WHERE total > 52943,4215803,39
SELECT * FROM users WHERE id = 7367,960228,10
SELECT * FROM users WHERE id = 7517,1056954,19
SELECT * FROM users WHERE id = 12601,943875,16
SELECT * FROM orders WHERE total > 61875,4906846,57
SELECT * FROM users WHERE id = 80117,1156814,7
SELECT * FROM orders WHERE total > 13857,4828800,56
SELECT * FROM users WHERE id = 31978,1097022,16
"SELECT * FROM orders WHERE status IN ('pending', 'returned')",2188470,19
SELECT * FROM users WHERE id = 36157,964998,5
SELECT * FROM users WHERE id = 84200,872953,22
"SELECT user_id, SUM(total) FROM orders WHERE region = 'electronics' GROUP BY user_id",9054130,100
SELECT * FROM users WHERE id = 55693,1073247,19
SELECT * FROM users WHERE id = 13882,847891,15
SELECT COUNT(*) FROM events WHERE month = 'Feb',10899367,112
SELECT * FROM users WHERE id = 67104,869711,10
SELECT * FROM users WHERE id = 92103,1127804,19
SELECT * FROM products WHERE category = 'auto',2216181,25
SELECT COUNT(*) FROM events WHERE month = 'Mar',11959165,119
SELECT * FROM users WHERE id = 76763,1029506,5
SELECT * FROM orders WHERE total > 15076,4269263,46
SELECT * FROM orders WHERE total > 79608,4779671,43
SELECT COUNT(*) FROM events WHERE month = 'May',10526695,107
"SELECT name, email FROM users WHERE signup_date > '2025-03-15'",2978060,29
SELECT * FROM users WHERE id = 83623,981156,7
SELECT * FROM products WHERE category = 'electronics',2201109,32
"SELECT user_id, SUM(total) FROM orders WHERE region = 'books' GROUP BY user_id",8332239,90
SELECT * FROM orders WHERE total > 19611,4682736,49
SELECT * FROM orders WHERE total > 79916,5754380,62
SELECT * FROM orders WHERE total > 45763,5941318,60
SELECT * FROM users WHERE id = 49264,846717,7
SELECT * FROM users WHERE id = 23697,1057719,5
SELECT * FROM products WHERE category = 'auto',2166608,35
SELECT COUNT(*) FROM events WHERE month = 'Apr',11739102,116
SELECT * FROM orders WHERE total > 91888,5835637,60
SELECT * FROM users WHERE id = 7021,1137702,20
SELECT * FROM sessions WHERE duration > 17361,4108911,48
SELECT * FROM orders WHERE total > 68327,5537748,52
"SELECT name, email FROM users WHERE signup_date > '2025-01-01'",3551127,43
SELECT * FROM orders WHERE total > 34027,5927859,74
SELECT COUNT(*) FROM events WHERE month = 'Apr',11356948,118
SELECT * FROM orders WHERE total > 73430,5109490,49
SELECT * FROM users WHERE id = 48701,988675,5
SELECT * FROM users WHERE id = 9663,854775,14
SELECT * FROM users WHERE id = 88404,828290,17
SELECT * FROM users WHERE id = 62497,847926,12
SELECT * FROM orders WHERE total > 83668,5406886,58
SELECT * FROM users WHERE id = 54169,963956,10
SELECT * FROM users WHERE id = 26887,1173112,17
SELECT * FROM users WHERE id = 46866,1032321,19
SELECT COUNT(*) FROM events WHERE month = 'Feb',10004213,110
"SELECT name, email FROM users WHERE signup_date > '2025-03-15'",2499023,35
"SELECT name, email FROM users WHERE signup_date > '2025-01-01'",3389698,37
SELECT * FROM users WHERE id = 95956,880019,13
SELECT * FROM products WHERE category = 'electronics',1566166,17
"SELECT * FROM users WHERE id IN (973, 952)",1224735,21
SELECT * FROM orders WHERE total > 85349,5515867,51
"SELECT * FROM orders WHERE status IN ('pending', 'delivered', 'returned', 'cancelled')",2278526,18
SELECT * FROM users WHERE id = 81269,1077717,11
SELECT * FROM users WHERE id = 89601,1032287,8
SELECT * FROM users WHERE id = 52271,906528,13
SELECT * FROM orders WHERE total > 4820,4538159,60
SELECT * FROM users WHERE id = 92669,860218,23
"SELECT name, email FROM users WHERE signup_date > '2025-01-01'",2812151,24
SELECT * FROM users WHERE id = 28143,978491,14
"SELECT * FROM users WHERE id IN (913, 98, 538, 103)",1177490,9
SELECT * FROM orders WHERE total > 59779,5810911,64
SELECT * FROM users WHERE id = 87888,931249,11
SELECT * FROM users WHERE id = 5023,906306,7
SELECT * FROM orders WHERE total > 88390,5364762,62
SELECT * FROM users WHERE id = 78147,934820,4
SELECT * FROM users WHERE id = 50933,1123168,17
SELECT * FROM users WHERE id = 2772,1024407,7
SELECT COUNT(*) FROM events WHERE month = 'Apr',9434999,99
SELECT * FROM orders WHERE total > 39196,5121768,53
SELECT COUNT(*) FROM events WHERE month = 'Jun',10158617,106
SELECT * FROM products WHERE category = 'books',2161465,16
SELECT COUNT(*) FROM events WHERE month = 'Feb',10870565,115
SELECT * FROM orders WHERE total > 39320,4182020,56
SELECT COUNT(*) FROM events WHERE month = 'Mar',9256476,98
SELECT * FROM orders WHERE total > 2558,4575422,40
SELECT * FROM users WHERE id = 15117,938418,22
SELECT * FROM users WHERE id = 59335,1141880,19
SELECT * FROM users WHERE id = 92498,1165346,13
"SELECT user_id, SUM(total) FROM orders WHERE region = 'books' GROUP BY user_id",7991457,81
SELECT * FROM users WHERE id = 2057,1181729,21
SELECT * FROM users WHERE id = 96963,1199162,22
SELECT * FROM users WHERE id = 7948,1041831,5
SELECT * FROM orders WHERE total > 94475,4643055,48
SELECT COUNT(*) FROM events WHERE month = 'Feb',10517339,118
SELECT * FROM orders WHERE total > 23589,4976725,46
"SELECT name, email FROM users WHERE signup_date > '2025-03-15'",3163584,35
SELECT * FROM orders WHERE total > 84341,5308698,58
SELECT * FROM users WHERE id = 25194,918881,10
SELECT COUNT(*) FROM events WHERE month = 'May',10356045,103
SELECT * FROM users WHERE id = 72234,1016011,21
SELECT * FROM orders WHERE total > 88873,5628768,60
SELECT * FROM users WHERE id = 93387,800773,8
SELECT * FROM orders WHERE total > 78715,5384102,59
SELECT * FROM users WHERE id = 33300,904398,9
SELECT * FROM products WHERE category = 'books',1639213,18
SELECT * FROM users WHERE id = 12207,802127,13
SELECT * FROM orders WHERE total > 91760,4862487,45
SELECT * FROM users WHERE id = 66711,935392,21
SELECT * FROM users WHERE id = 57849,943543,21
SELECT COUNT(*) FROM events WHERE month = 'Jun',10859058,107
SELECT * FROM products WHERE category = 'auto',2493323,23
SELECT * FROM users WHERE id = 2134,989133,14
SELECT * FROM users WHERE id = 83564,1089473,22
SELECT COUNT(*) FROM events WHERE month = 'Mar',10233575,112
"SELECT * FROM users WHERE id IN (495, 113, 235, 343)",1040989,25
SELECT * FROM users WHERE id = 51145,1069299,15
SELECT * FROM products WHERE category = 'books',1594198,24
"SELECT user_id, SUM(total) FROM orders WHERE region = 'garden' GROUP BY user_id",8463797,87
SELECT * FROM orders WHERE total > 82589,5584447,53
SELECT * FROM users WHERE id = 50207,1129886,6
"SELECT name, email FROM users WHERE signup_date > '2025-01-01'",3455228,43
SELECT COUNT(*) FROM events WHERE month = 'May',9500097,97
SELECT * FROM users WHERE id = 12128,906912,9
SELECT * FROM users WHERE id = 84882,1139948,18
SELECT * FROM users WHERE id = 69413,1036702,20
SELECT * FROM sessions WHERE duration > 6289,4913797,64
SELECT * FROM users WHERE id = 40247,1197593,15
SELECT * FROM orders WHERE total > 65254,4543919,49
SELECT * FROM users WHERE id = 8208,876067,18
SELECT * FROM products WHERE category = 'toys',1681840,27
"SELECT * FROM orders WHERE status IN ('pending', 'pending', 'pending', 'pending')",2778311,39
SELECT * FROM orders WHERE total > 51290,4486501,42
SELECT * FROM users WHERE id = 54699,949103,14
"SELECT name, email FROM users WHERE signup_date > '2025-09-10'",2712989,42
SELECT * FROM orders WHERE total > 73714,4951122,60
SELECT * FROM users WHERE id = 73236,972716,21
SELECT * FROM users WHERE id = 43992,1163794,17
SELECT COUNT(*) FROM events WHERE month = 'Feb',10427550,101
SELECT * FROM users WHERE id = 61406,1136949,19
SELECT * FROM orders WHERE total > 79835,4188720,44
"SELECT * FROM orders WHERE status IN ('delivered', 'returned', 'delivered', 'delivered')",2987879,38
SELECT * FROM users WHERE id = 38731,945722,12
SELECT * FROM users WHERE id = 77995,1123302,19
SELECT * FROM users WHERE id = 3903,955723,15
SELECT * FROM users WHERE id = 3519,1022412,21
SELECT COUNT(*) FROM events WHERE month = 'Jan',11251028,124
SELECT * FROM users WHERE id = 4502,1048702,7
SELECT * FROM users WHERE id = 3940,1194437,22
SELECT * FROM orders WHERE total > 67327,5520683,54
SELECT * FROM orders WHERE total > 1214,5141197,59
SELECT * FROM users WHERE id = 2196,1157964,17
SELECT * FROM users WHERE id = 77441,913854,23
SELECT COUNT(*) FROM events WHERE month = 'Mar',9244716,106
SELECT * FROM users WHERE id = 78032,906203,10
SELECT * FROM users WHERE id IN (248),1492220,19
SELECT COUNT(*) FROM events WHERE month = 'Apr',9456315,94
SELECT * FROM orders WHERE total > 11116,4069243,43
"SELECT name, email FROM users WHERE signup_date > '2025-01-01'",3314384,40
SELECT * FROM users WHERE id = 58495,963636,23
SELECT * FROM users WHERE id = 13272,801031,15
SELECT * FROM products WHERE category = 'electronics',2007666,35
SELECT COUNT(*) FROM events WHERE month = 'Apr',9140656,96
SELECT COUNT(*) FROM events WHERE month = 'Apr',10601938,105
SELECT * FROM orders WHERE total > 19066,4856354,53
SELECT * FROM products WHERE category = 'garden',2411591,26
SELECT COUNT(*) FROM events WHERE month = 'Feb',10694664,107
SELECT * FROM users WHERE id = 44758,896958,5
SELECT * FROM users WHERE id = 50536,915531,12
SELECT * FROM orders WHERE total > 41028,5885780,65
"SELECT * FROM users WHERE id IN (339, 418)",1053138,8
SELECT * FROM users WHERE id = 70922,915013,20
SELECT * FROM sessions WHERE duration > 57456,3842707,34
SELECT * FROM orders WHERE total > 93452,5748428,66
SELECT * FROM users WHERE id = 10491,868181,6
"SELECT name, email FROM users WHERE signup_date > '2025-09-10'",3901496,35
SELECT COUNT(*) FROM events WHERE month = 'Jun',11686612,114
SELECT * FROM products WHERE category = 'electronics',1838696,22
SELECT COUNT(*) FROM events WHERE month = 'Apr',9183980,86
SELECT * FROM orders WHERE total > 20854,4332366,45
SELECT * FROM orders WHERE total > 1252,5427162,53
SELECT * FROM orders WHERE total > 61941,4401749,54
SELECT * FROM users WHERE id = 25734,1023698,15
SELECT * FROM products WHERE category = 'toys',2403067,32
SELECT * FROM users WHERE id = 58345,1085673,13
SELECT * FROM orders WHERE total > 95015,4332096,58
"SELECT name, email FROM users WHERE signup_date > '2025-03-15'",2837965,23
SELECT * FROM orders WHERE total > 77387,5236383,66
SELECT * FROM orders WHERE total > 18599,5803477,53
SELECT * FROM users WHERE id = 42254,1169814,24
SELECT * FROM products WHERE category = 'books',2135332,20
SELECT * FROM products WHERE category = 'toys',2114483,27
SELECT * FROM users WHERE id = 46331,1038541,20
SELECT * FROM users WHERE id = 648,994971,9
SELECT * FROM orders WHERE total > 65944,5339995,62
SELECT * FROM users WHERE id = 14238,808921,11
SELECT * FROM users WHERE id = 85240,1040734,12
SELECT * FROM users WHERE id = 18482,873576,20
SELECT COUNT(*) FROM events WHERE month = 'Mar',11834536,120
SELECT * FROM orders WHERE total > 2886,4146630,56
SELECT * FROM users WHERE id = 78205,1035614,18
SELECT * FROM users WHERE id = 31492,1198550,13
SELECT * FROM orders WHERE total > 22477,4842999,60
SELECT * FROM users WHERE id = 98667,1076586,10
"SELECT * FROM users WHERE id IN (744, 199, 334, 319)",1300296,8
SELECT * FROM users WHERE id = 58432,1091988,17
SELECT * FROM orders WHERE total > 73531,5047992,57
SELECT COUNT(*) FROM events WHERE month = 'Apr',10279101,101
"SELECT user_id, SUM(total) FROM orders WHERE region = 'books' GROUP BY user_id",9402763,98
SELECT * FROM users WHERE id = 24781,1115367,7
"SELECT name, email FROM users WHERE signup_date > '2025-06-20'",2702209,33
SELECT * FROM orders WHERE total > 16563,4233174,48
SELECT * FROM orders WHERE total > 45541,4062490,52
SELECT * FROM users WHERE id = 98134,1093506,6
SELECT COUNT(*) FROM events WHERE month = 'Apr',9488694,108
SELECT * FROM users WHERE id = 61360,809136,13
SELECT * FROM orders WHERE total > 51716,5557936,58
SELECT * FROM users WHERE id = 22580,1183551,13
SELECT * FROM orders WHERE total > 82533,5062700,65
SELECT * FROM users WHERE id = 72423,838429,3
SELECT COUNT(*) FROM events WHERE month = 'May',9465301,95
SELECT * FROM users WHERE id = 37020,1129251,20
SELECT * FROM orders WHERE total > 26421,4199674,39
SELECT * FROM users WHERE id = 57361,1162403,12
SELECT * FROM users WHERE id = 42195,1043293,9
SELECT * FROM users WHERE id = 86658,1133812,22
SELECT * FROM users WHERE id IN (562),1291438,18
SELECT * FROM orders WHERE total > 67232,4139306,50
SELECT * FROM users WHERE id = 12099,1001820,21
SELECT * FROM users WHERE id = 87062,885806,3
SELECT * FROM users WHERE id = 23020,1099623,23
SELECT * FROM users WHERE id = 17278,906001,10
SELECT * FROM users WHERE id = 1985,986890,13
SELECT * FROM orders WHERE total > 26812,5705461,58
"SELECT * FROM users WHERE id IN (874, 882, 142, 653)",1229374,18
SELECT * FROM users WHERE id IN (74),1296879,25
SELECT * FROM users WHERE id = 2735,1157845,24
SELECT * FROM users WHERE id = 53451,862841,13
SELECT * FROM products WHERE category = 'electronics',1542836,14
"SELECT name, email FROM users WHERE signup_date > '2025-01-01'",2463183,22
SELECT * FROM users WHERE id = 79977,1120110,8
SELECT COUNT(*) FROM events WHERE month = 'Jan',10233747,113
SELECT COUNT(*) FROM events WHERE month = 'May',11732273,112
SELECT * FROM users WHERE id = 48083,1045245,24
SELECT * FROM products WHERE category = 'electronics',2108373,19
SELECT * FROM orders WHERE total > 68255,4076126,53
SELECT * FROM orders WHERE total > 70542,5564611,63
SELECT * FROM orders WHERE total > 86852,5512232,50
"SELECT user_id, SUM(total) FROM orders WHERE region = 'toys' GROUP BY user_id",7620131,79
SELECT * FROM orders WHERE total > 94416,5461486,53
SELECT * FROM orders WHERE status IN ('cancelled'),2435695,31
SELECT * FROM orders WHERE total > 99128,4749656,56
"SELECT * FROM users WHERE id IN (949, 33, 662, 591)",1357927,10
SELECT * FROM users WHERE id = 17410,1192710,19
"SELECT * FROM orders WHERE status IN ('shipped', 'pending', 'delivered')",2638173,31
SELECT * FROM users WHERE id = 94033,895631,23
SELECT COUNT(*) FROM events WHERE month = 'May',11373225,119
SELECT * FROM users WHERE id = 44605,857039,9
SELECT * FROM orders WHERE total > 22713,4851213,62
SELECT * FROM orders WHERE total > 37046,5850824,59
SELECT * FROM products WHERE category = 'garden',1759713,29
SELECT * FROM users WHERE id = 50012,962453,7
SELECT * FROM users WHERE id = 9492,1045719,15
SELECT * FROM sessions WHERE duration > 61423,3294812,30
SELECT COUNT(*) FROM events WHERE month = 'May',10354567,105
SELECT * FROM users WHERE id = 43786,998350,10
SELECT * FROM users WHERE id = 95748,818413,23
SELECT * FROM users WHERE id = 23700,816885,14
"SELECT * FROM users WHERE id IN (483, 902, 141, 79, 159)",1448619,24
SELECT COUNT(*) FROM events WHERE month = 'May',10786409,118
SELECT * FROM orders WHERE total > 78099,4367167,55
SELECT * FROM orders WHERE total > 3232,5799246,54
"SELECT * FROM orders WHERE status IN ('delivered', 'returned', 'shipped')",2726548,28
SELECT COUNT(*) FROM events WHERE month = 'Jan',9794913,109
SELECT * FROM users WHERE id = 64421,1016512,5
SELECT * FROM users WHERE id = 76379,903072,15
SELECT * FROM orders WHERE total > 60324,5780759,56
SELECT * FROM orders WHERE total > 92970,5821719,69
SELECT * FROM orders WHERE total > 55653,5702221,68
SELECT * FROM orders WHERE status IN ('returned'),2313471,26
SELECT COUNT(*) FROM events WHERE month = 'Jun',10378520,102
SELECT * FROM orders WHERE status IN ('pending'),2009927,32
SELECT * FROM products WHERE category = 'garden',1850466,25
SELECT * FROM orders WHERE total > 51491,4097048,49
SELECT * FROM users WHERE id = 185,1030067,9
SELECT * FROM sessions WHERE duration > 49986,3670046,34
SELECT * FROM users WHERE id = 93112,1108252,18
SELECT * FROM orders WHERE total > 26385,5896953,60
SELECT COUNT(*) FROM events WHERE month = 'Jan',10262595,106
SELECT * FROM orders WHERE total > 47254,4847007,56
SELECT * FROM orders WHERE total > 76575,4429045,44
SELECT * FROM orders WHERE total > 62543,4347427,40
SELECT * FROM orders WHERE total > 24241,4792206,49
SELECT * FROM orders WHERE total > 81816,5101540,63
SELECT * FROM orders WHERE total > 58635,4517010,58
SELECT * FROM orders WHERE total > 64822,5170066,57
SELECT * FROM users WHERE id = 20236,871105,11
"SELECT * FROM users WHERE id IN (188, 595, 634, 665, 499)",1418742,21
"SELECT name, email FROM users WHERE signup_date > '2025-09-10'",2823114,25
SELECT * FROM orders WHERE total > 60675,5405033,68
SELECT COUNT(*) FROM events WHERE month = 'Jun',9712643,105
SELECT * FROM sessions WHERE duration > 43277,4471145,54
"SELECT user_id, SUM(total) FROM orders WHERE region = 'garden' GROUP BY user_id",8829717,92
"SELECT name, email FROM users WHERE signup_date > '2025-03-15'",3523041,34
SELECT * FROM users WHERE id = 84499,857162,8
SELECT * FROM orders WHERE total > 3099,5434616,67
SELECT COUNT(*) FROM events WHERE month = 'Apr',11999357,134
"SELECT * FROM users WHERE id IN (387, 161, 730)",1439704,11
SELECT * FROM orders WHERE total > 96717,4832001,51
SELECT * FROM users WHERE id = 66105,1154814,15
SELECT * FROM users WHERE id = 8014,1000477,6
"SELECT * FROM orders WHERE status IN ('returned', 'cancelled', 'pending', 'shipped')",2720535,39
SELECT * FROM users WHERE id = 45914,1156365,18
SELECT * FROM users WHERE id = 20806,1180101,16
SELECT * FROM users WHERE id = 79505,962802,15
SELECT * FROM orders WHERE total > 14136,5662433,71
"SELECT * FROM users WHERE id IN (916, 681, 217)",1024710,15
SELECT * FROM users WHERE id = 11862,937449,12
SELECT * FROM orders WHERE total > 87896,5173106,59
SELECT * FROM users WHERE id = 25130,830610,10
"SELECT user_id, SUM(total) FROM orders WHERE region = 'toys' GROUP BY user_id",9486150,89
SELECT * FROM users WHERE id = 98685,1073446,8
SELECT * FROM products WHERE category = 'auto',2289166,35
SELECT * FROM orders WHERE total > 55283,5458788,61
SELECT * FROM products WHERE category = 'toys',2375508,35
SELECT * FROM orders WHERE total > 1999,4439622,54
SELECT * FROM users WHERE id = 98072,1021203,9
SELECT * FROM products WHERE category = 'garden',2231782,22
SELECT * FROM users WHERE id = 79740,973662,11
"SELECT name, email FROM users WHERE signup_date > '2025-06-20'",3718860,42
"SELECT user_id, SUM(total) FROM orders WHERE region = 'books' GROUP BY user_id",9738592,102
SELECT * FROM users WHERE id = 34727,1041009,11
SELECT COUNT(*) FROM events WHERE month = 'Jun',10760983,105
SELECT * FROM orders WHERE total > 7428,5135796,55
SELECT * FROM users WHERE id = 22047,1049993,16
"SELECT * FROM users WHERE id IN (197, 138, 824, 988)",1228042,11
SELECT * FROM users WHERE id = 88070,882336,18
SELECT COUNT(*) FROM events WHERE month = 'Jun',11684908,125
SELECT COUNT(*) FROM events WHERE month = 'Jan',9725513,98
SELECT * FROM orders WHERE total > 34753,5297219,56
SELECT * FROM users WHERE id = 28289,932589,23
"SELECT * FROM users WHERE id IN (168, 836, 630, 761)",1291789,27
SELECT * FROM users WHERE id = 89925,1050693,22
SELECT * FROM sessions WHERE duration > 66424,3222173,43
SELECT * FROM users WHERE id = 18969,984988,20
SELECT * FROM users WHERE id = 24914,847611,6
SELECT * FROM users WHERE id = 68936,1033219,16
SELECT * FROM users WHERE id = 51935,857817,8
SELECT * FROM orders WHERE total > 88288,4573932,49
SELECT * FROM users WHERE id = 76396,904196,6
SELECT COUNT(*) FROM events WHERE month = 'Mar',11974350,119
"SELECT name, email FROM users WHERE signup_date > '2025-06-20'",3094922,39
SELECT * FROM users WHERE id = 83396,997042,16
SELECT COUNT(*) FROM events WHERE month = 'Jun',9748248,109
"SELECT name, email FROM users WHERE signup_date > '2025-03-15'",2470280,26
SELECT * FROM orders WHERE total > 24957,5657152,63
SELECT COUNT(*) FROM events WHERE month = 'May',10192853,104
SELECT * FROM orders WHERE total > 41201,5485158,51
SELECT * FROM users WHERE id = 88091,998463,24
SELECT * FROM products WHERE category = 'electronics',1590171,25
SELECT * FROM users WHERE id = 96664,817696,8
SELECT * FROM products WHERE category = 'books',2338183,34
SELECT * FROM users WHERE id = 56293,952144,21
SELECT * FROM orders WHERE total > 77299,4181823,55
"SELECT name, email FROM users WHERE signup_date > '2025-01-01'",3609058,43
"SELECT user_id, SUM(total) FROM orders WHERE region = 'books' GROUP BY user_id",8480068,84
SELECT * FROM orders WHERE total > 46965,4086392,47
SELECT * FROM sessions WHERE duration > 27534,3996820,53
SELECT * FROM orders WHERE total > 65426,5337936,54
SELECT * FROM users WHERE id = 6040,875438,22
SELECT * FROM products WHERE category = 'garden',2180418,30
"SELECT * FROM users WHERE id IN (253, 750, 928, 896, 428)",1463411,10
SELECT * FROM users WHERE id = 84618,911621,11
SELECT * FROM products WHERE category = 'books',2212019,27
SELECT * FROM users WHERE id = 15882,1107007,10
SELECT * FROM sessions WHERE duration > 31503,4775546,45
SELECT * FROM orders WHERE total > 25866,5545712,60
SELECT * FROM users WHERE id = 90599,1045626,20
SELECT * FROM users WHERE id = 58210,918876,21
"SELECT * FROM users WHERE id IN (942, 912)",1047133,24
SELECT * FROM orders WHERE total > 754,4893591,50
"SELECT * FROM users WHERE id IN (982, 769)",1068558,12
SELECT * FROM users WHERE id = 7566,920021,4
"SELECT user_id, SUM(total) FROM orders WHERE region = 'auto' GROUP BY user_id",8924512,88
SELECT * FROM users WHERE id = 24932,1183724,19
SELECT * FROM sessions WHERE duration > 18226,3519258,42
"SELECT user_id, SUM(total) FROM orders WHERE region = 'books' GROUP BY user_id",9636847,105
"SELECT user_id, SUM(total) FROM orders WHERE region = 'garden' GROUP BY user_id",9370307,91
SELECT * FROM users WHERE id = 10152,1060774,6
SELECT * FROM orders WHERE total > 39452,4722180,49
SELECT * FROM sessions WHERE duration > 77549,4293847,47
SELECT COUNT(*) FROM events WHERE month = 'Apr',10877266,119
SELECT * FROM orders WHERE total > 26299,4973851,56
SELECT * FROM orders WHERE total > 93491,5838318,73
SELECT * FROM users WHERE id = 72187,1173223,20
SELECT * FROM users WHERE id = 61391,936970,16
SELECT * FROM users WHERE id = 90536,888764,5
SELECT * FROM orders WHERE total > 68648,5109118,51
"SELECT name, email FROM users WHERE signup_date > '2025-01-01'",3140453,34
SELECT COUNT(*) FROM events WHERE month = 'May',11355086,109
SELECT COUNT(*) FROM events WHERE month = 'Feb',11242377,126
SELECT COUNT(*) FROM events WHERE month = 'Apr',9917051,101
SELECT * FROM users WHERE id = 96771,822036,5
SELECT * FROM users WHERE id = 66897,1094579,17
SELECT * FROM users WHERE id = 22361,1055255,10
SELECT * FROM users WHERE id = 30321,1173085,6
"SELECT * FROM users WHERE id IN (873, 756, 780, 789)",1440076,15
SELECT * FROM users WHERE id = 92560,989549,14
SELECT * FROM products WHERE category = 'garden',2465793,36
SELECT * FROM orders WHERE total > 96448,5645016,59
SELECT * FROM users WHERE id = 94044,806043,7
SELECT * FROM orders WHERE total > 41401,4588460,44
SELECT COUNT(*) FROM events WHERE month = 'Jun',11738440,130
SELECT * FROM users WHERE id = 53423,1040176,9
"SELECT * FROM users WHERE id IN (176, 127, 127)",1445369,23
SELECT * FROM users WHERE id = 3648,1005262,24
"SELECT name, email FROM users WHERE signup_date > '2025-03-15'",3786781,45
"SELECT user_id, SUM(total) FROM orders WHERE region = 'auto' GROUP BY user_id",8591892,81
SELECT * FROM users WHERE id = 75468,1004751,8
SELECT * FROM users WHERE id = 82233,1165839,23
SELECT * FROM users WHERE id = 90392,1151555,23
SELECT * FROM users WHERE id = 51102,1053685,13
"SELECT * FROM users WHERE id IN (819, 692, 681)",1397303,12
SELECT * FROM orders WHERE total > 18975,5271756,52
"SELECT * FROM users WHERE id IN (32, 978, 621, 299)",1049829,21
SELECT * FROM users WHERE id IN (351),1241927,19
SELECT * FROM users WHERE id = 871,1064040,12
SELECT COUNT(*) FROM events WHERE month = 'Mar',9840465,95
"SELECT name, email FROM users WHERE signup_date > '2025-01-01'",3724192,40
"SELECT name, email FROM users WHERE signup_date > '2025-06-20'",2791109,28
SELECT * FROM orders WHERE status IN ('pending'),2896347,25
SELECT * FROM orders WHERE total > 48506,5159946,46
SELECT * FROM users WHERE id = 60645,924202,24
SELECT * FROM orders WHERE total > 56388,5399253,60
SELECT * FROM users WHERE id = 3767,1151582,22
SELECT * FROM users WHERE id = 70857,1078363,20
SELECT * FROM orders WHERE total > 6811,4986912,48
SELECT COUNT(*) FROM events WHERE month = 'Mar',9220433,107
SELECT * FROM users WHERE id = 1288,892346,8
SELECT * FROM users WHERE id = 61182,919625,23
SELECT * FROM users WHERE id = 35806,956988,16
SELECT * FROM sessions WHERE duration > 1184,4873795,61
SELECT * FROM orders WHERE total > 45377,4235639,53
SELECT * FROM users WHERE id = 87443,1003609,21
SELECT * FROM users WHERE id = 76151,832458,10
SELECT * FROM products WHERE category = 'garden',2372334,29
SELECT COUNT(*) FROM events WHERE month = 'Jun',9442124,95
SELECT COUNT(*) FROM events WHERE month = 'Feb',9220459,94
SELECT * FROM users WHERE id = 5280,854713,10
SELECT * FROM users WHERE id = 4413,996266,17
SELECT * FROM users WHERE id = 57246,1008031,23
SELECT * FROM users WHERE id = 27072,1001744,19
SELECT * FROM users WHERE id = 76578,907639,20
SELECT * FROM orders WHERE total > 75132,4533271,41
SELECT * FROM orders WHERE total > 61240,5405632,63
SELECT COUNT(*) FROM events WHERE month = 'Jun',11020091,109
SELECT * FROM orders WHERE total > 20323,5636601,57
SELECT COUNT(*) FROM events WHERE month = 'Jun',9082416,104
SELECT * FROM orders WHERE total > 97023,5896388,59
SELECT * FROM users WHERE id = 13927,1068666,15
SELECT * FROM users WHERE id = 94133,1072719,24
SELECT COUNT(*) FROM events WHERE month = 'Mar',10754390,117
SELECT * FROM users WHERE id = 50236,1061435,16
SELECT * FROM orders WHERE total > 61320,5902624,67
SELECT * FROM users WHERE id = 46605,804432,17
SELECT * FROM users WHERE id = 26062,1053090,16
SELECT * FROM orders WHERE total > 38088,5037761,65
SELECT * FROM users WHERE id IN (791),1271966,9
SELECT * FROM users WHERE id = 15377,1160299,17
SELECT * FROM sessions WHERE duration > 32286,4457487,45
SELECT * FROM orders WHERE total > 62297,5570666,59
SELECT * FROM sessions WHERE duration > 51014,4964736,47
SELECT * FROM orders WHERE total > 82097,5898177,67
SELECT COUNT(*) FROM events WHERE month = 'Jan',10529639,104
SELECT COUNT(*) FROM events WHERE month = 'Mar',9163485,91
SELECT * FROM orders WHERE total > 75315,5795565,68
"SELECT name, email FROM users WHERE signup_date > '2025-09-10'",3344916,29
SELECT COUNT(*) FROM events WHERE month = 'May',11696183,121
SELECT COUNT(*) FROM events WHERE month = 'Feb',11549387,121
SELECT * FROM orders WHERE total > 15754,4248126,45
SELECT * FROM users WHERE id = 23420,997556,9
SELECT * FROM users WHERE id IN (889),1231682,21
SELECT * FROM products WHERE category = 'auto',1501564,10
SELECT * FROM users WHERE id = 85867,905312,22
SELECT * FROM users WHERE id = 24409,879957,6
SELECT * FROM users WHERE id = 75277,1070513,6
SELECT * FROM products WHERE category = 'electronics',2120913,24
SELECT * FROM users WHERE id = 50311,862019,17
SELECT * FROM orders WHERE total > 65865,4032449,46
SELECT * FROM orders WHERE total > 49126,4953005,51
SELECT * FROM orders WHERE total > 41019,5803918,71
"SELECT name, email FROM users WHERE signup_date > '2025-09-10'",2888338,36
SELECT * FROM users WHERE id = 38206,1048727,13
SELECT * FROM orders WHERE total > 22773,5839823,56
SELECT * FROM users WHERE id = 42206,985475,18
SELECT COUNT(*) FROM events WHERE month = 'Feb',11882285,132
SELECT * FROM users WHERE id = 35641,854077,5
SELECT * FROM orders WHERE total > 10035,4413253,52
SELECT * FROM users WHERE id = 36641,937812,23
SELECT * FROM products WHERE category = 'books',1525802,25
SELECT * FROM products WHERE category = 'garden',1675008,27
SELECT COUNT(*) FROM events WHERE month = 'Jun',9342606,93
SELECT * FROM orders WHERE total > 86424,4137290,56
SELECT * FROM users WHERE id = 17526,1002367,7
SELECT * FROM orders WHERE total > 92456,5788598,59
SELECT * FROM orders WHERE total > 31727,5258225,56
"SELECT * FROM orders WHERE status IN ('cancelled', 'delivered', 'shipped', 'returned')",2048207,21
SELECT COUNT(*) FROM events WHERE month = 'Feb',11148641,106
SELECT * FROM products WHERE category = 'auto',1630541,16
SELECT * FROM products WHERE category = 'electronics',2343529,30
SELECT * FROM users WHERE id = 86632,862887,6
SELECT * FROM users WHERE id = 5920,838152,21
SELECT * FROM users WHERE id = 97075,1198873,14
SELECT * FROM products WHERE category = 'books',1600768,29
SELECT * FROM orders WHERE total > 57714,5480578,64
"SELECT * FROM users WHERE id IN (909, 906, 69)",1153367,23
SELECT * FROM orders WHERE total > 61052,4619751,53
SELECT * FROM users WHERE id = 1012,1147870,17
"SELECT * FROM orders WHERE status IN ('cancelled', 'cancelled', 'pending', 'shipped')",2876479,32
SELECT * FROM users WHERE id = 6598,1049754,9
SELECT * FROM orders WHERE total > 34145,5615915,71
SELECT * FROM users WHERE id = 20914,829933,15
SELECT * FROM orders WHERE total > 66357,4225192,40
SELECT * FROM products WHERE category = 'auto',1945479,29
SELECT * FROM users WHERE id = 80782,921124,9
SELECT COUNT(*) FROM events WHERE month = 'Mar',11327541,111
SELECT * FROM users WHERE id = 37883,1110293,19
SELECT * FROM users WHERE id = 61590,1173911,12
SELECT * FROM users WHERE id = 81126,1085821,15
SELECT * FROM products WHERE category = 'auto',1681162,18
SELECT * FROM users WHERE id = 87859,918950,11
SELECT * FROM users WHERE id = 1701,825038,18
SELECT * FROM users WHERE id = 13128,1149540,16
SELECT COUNT(*) FROM events WHERE month = 'Jan',9198718,92
SELECT * FROM users WHERE id = 22711,941817,4
SELECT * FROM orders WHERE total > 83518,4474620,58
SELECT COUNT(*) FROM events WHERE month = 'Jan',9423603,90
SELECT * FROM users WHERE id = 4969,1106711,10
SELECT * FROM users WHERE id = 28586,1174025,13
SELECT * FROM users WHERE id = 98339,960569,17
SELECT * FROM orders WHERE total > 90849,5455179,65
SELECT * FROM users WHERE id = 93488,1149105,6
SELECT * FROM users WHERE id = 45527,819587,23
SELECT COUNT(*) FROM events WHERE month = 'May',11118360,108
"SELECT user_id, SUM(total) FROM orders WHERE region = 'garden' GROUP BY user_id",7953417,87
SELECT * FROM products WHERE category = 'electronics',1711325,20
SELECT * FROM products WHERE category = 'books',2041116,22
SELECT * FROM users WHERE id = 5536,1051255,9
SELECT * FROM users WHERE id = 26018,890517,21
SELECT * FROM orders WHERE total > 37573,4711145,54
SELECT * FROM orders WHERE total > 94247,4551017,57
SELECT * FROM users WHERE id = 11298,812891,15
"SELECT * FROM orders WHERE status IN ('returned', 'shipped')",2053467,15
SELECT * FROM orders WHERE total > 57581,5669357,59
SELECT * FROM orders WHERE total > 57731,5079620,62
SELECT * FROM users WHERE id = 6537,814020,13
SELECT * FROM orders WHERE total > 77982,5842952,64
SELECT COUNT(*) FROM events WHERE month = 'Feb',11447550,118
"SELECT * FROM users WHERE id IN (148, 350)",1118267,22
SELECT * FROM users WHERE id = 21916,1112678,9
SELECT * FROM users WHERE id = 4440,1092130,20
SELECT * FROM users WHERE id = 65975,845148,17
SELECT * FROM sessions WHERE duration > 9341,4580154,43
SELECT COUNT(*) FROM events WHERE month = 'Apr',9772079,99
SELECT COUNT(*) FROM events WHERE month = 'May',11334141,123
SELECT * FROM orders WHERE total > 27357,5154853,64
SELECT * FROM orders WHERE total > 69758,5800631,69
SELECT * FROM users WHERE id IN (712),1148604,9
SELECT COUNT(*) FROM events WHERE month = 'Apr',11995599,123
SELECT * FROM orders WHERE total > 76079,4817620,55
SELECT * FROM users WHERE id = 2933,974720,8
SELECT * FROM orders WHERE status IN ('delivered'),2539352,31
SELECT * FROM products WHERE category = 'auto',1679650,12
SELECT COUNT(*) FROM events WHERE month = 'May',9457450,96
SELECT COUNT(*) FROM events WHERE month = 'Jun',11431225,124
SELECT COUNT(*) FROM events WHERE month = 'Jan',9826413,93
SELECT * FROM users WHERE id = 51417,812877,5
"SELECT name, email FROM users WHERE signup_date > '2025-01-01'",2737492,40
SELECT * FROM orders WHERE total > 71818,5278134,51
SELECT * FROM orders WHERE total > 77467,4887267,60
SELECT * FROM products WHERE category = 'garden',2426336,38
SELECT COUNT(*) FROM events WHERE month = 'Apr',10709967,119
"SELECT user_id, SUM(total) FROM orders WHERE region = 'toys' GROUP BY user_id",7486563,82
SELECT * FROM users WHERE id = 79060,940870,8
SELECT * FROM users WHERE id = 95579,1151088,11
SELECT * FROM users WHERE id = 27776,1131846,21
SELECT * FROM users WHERE id = 71191,1113595,15
SELECT * FROM orders WHERE total > 39481,4057725,50
SELECT * FROM users WHERE id = 22630,1144587,21
SELECT * FROM products WHERE category = 'auto',2321958,20
"SELECT user_id, SUM(total) FROM orders WHERE region = 'toys' GROUP BY user_id",7046969,73
SELECT * FROM users WHERE id = 98658,975618,8
"SELECT * FROM users WHERE id IN (746, 117, 257, 183, 997)",1105108,23
SELECT * FROM users WHERE id = 32840,834056,20
SELECT * FROM users WHERE id = 98882,1109127,23
SELECT COUNT(*) FROM events WHERE month = 'Apr',10393110,106
"SELECT * FROM orders WHERE status IN ('pending', 'delivered', 'delivered', 'returned')",2399747,31
SELECT * FROM users WHERE id = 96088,865757,9
SELECT * FROM orders WHERE status IN ('pending'),2364448,24
SELECT * FROM orders WHERE total > 82195,4166207,37
SELECT * FROM products WHERE category = 'auto',2181314,31
"SELECT name, email FROM users WHERE signup_date > '2025-03-15'",3651739,40
SELECT * FROM orders WHERE status IN ('returned'),2661384,23
SELECT COUNT(*) FROM events WHERE month = 'Jan',9740399,102
SELECT * FROM users WHERE id = 69480,983101,11
SELECT * FROM users WHERE id = 56553,880519,13
SELECT * FROM sessions WHERE duration > 67173,3848313,53
"SELECT * FROM users WHERE id IN (360, 986, 474, 508)",1049836,15
"SELECT * FROM users WHERE id IN (813, 771)",1186942,16
SELECT * FROM orders WHERE total > 8575,4703233,50
SELECT COUNT(*) FROM events WHERE month = 'Mar',11211053,120
"SELECT * FROM users WHERE id IN (777, 163, 87)",1179897,9
SELECT COUNT(*) FROM events WHERE month = 'Jan',10195717,102
SELECT COUNT(*) FROM events WHERE month = 'May',10147429,114
SELECT * FROM orders WHERE total > 53141,5344542,49
"SELECT user_id, SUM(total) FROM orders WHERE region = 'electronics' GROUP BY user_id",9071341,96
SELECT * FROM users WHERE id = 70146,912013,16
SELECT * FROM users WHERE id = 22696,1051054,13
SELECT * FROM users WHERE id = 927,1047710,9
SELECT * FROM users WHERE id = 87149,845808,9
SELECT * FROM orders WHERE total > 76827,4315441,55
SELECT * FROM users WHERE id = 33597,960965,12
SELECT * FROM orders WHERE total > 43874,4498099,53
SELECT * FROM users WHERE id = 77137,1021899,20
SELECT * FROM products WHERE category = 'auto',1760577,16
SELECT COUNT(*) FROM events WHERE month = 'May',9998033,99
SELECT * FROM users WHERE id = 10378,875028,22
SELECT * FROM products WHERE category = 'electronics',1769649,16
SELECT COUNT(*) FROM events WHERE month = 'Feb',9822678,108
SELECT * FROM users WHERE id = 55573,1050867,22
SELECT * FROM users WHERE id = 3450,1104925,20
SELECT * FROM users WHERE id = 98026,829158,3
SELECT * FROM users WHERE id = 66943,1054900,6
SELECT * FROM orders WHERE total > 30393,5273350,58
SELECT * FROM users WHERE id = 17109,1060278,22
SELECT * FROM products WHERE category = 'toys',1830871,22
SELECT * FROM orders WHERE total > 82570,4942801,63
SELECT COUNT(*) FROM events WHERE month = 'Jan',10038786,108
SELECT * FROM users WHERE id = 56599,1071856,10
SELECT * FROM products WHERE category = 'toys',1897012,16
SELECT * FROM users WHERE id = 5878,916222,13
SELECT * FROM users WHERE id = 20982,1088154,11
SELECT * FROM users WHERE id = 54197,929254,12
SELECT * FROM users WHERE id = 89161,1175517,15
SELECT * FROM orders WHERE total > 27436,5107156,53
SELECT * FROM users WHERE id = 8724,856482,10
SELECT * FROM products WHERE category = 'toys',1891652,14
SELECT * FROM orders WHERE total > 20169,5730772,68
SELECT * FROM users WHERE id = 88104,1062432,20
SELECT * FROM users WHERE id = 89945,1050338,6
"SELECT * FROM orders WHERE status IN ('delivered', 'returned', 'shipped')",2774113,40
SELECT * FROM orders WHERE total > 96770,4814447,63
SELECT * FROM users WHERE id = 779,1129461,7
SELECT * FROM users WHERE id = 75581,940651,23
SELECT * FROM users WHERE id = 8239,1199866,25
SELECT * FROM users WHERE id = 73728,950147,22
SELECT * FROM users WHERE id = 17487,1036015,11
SELECT * FROM products WHERE category = 'toys',2096204,22
SELECT * FROM users WHERE id = 30875,1195134,25
SELECT * FROM orders WHERE total > 11102,5465104,53
"SELECT name, email FROM users WHERE signup_date > '2025-03-15'",3363626,45
SELECT COUNT(*) FROM events WHERE month = 'May',11120187,116
SELECT * FROM users WHERE id = 75629,1108884,7
"SELECT * FROM users WHERE id IN (934, 486, 689, 20, 380)",1316049,16
SELECT * FROM users WHERE id = 33778,918102,16
SELECT * FROM users WHERE id = 2209,1086842,22
SELECT * FROM users WHERE id = 10684,1027045,17
"SELECT * FROM users WHERE id IN (809, 216, 877)",1069648,21
SELECT * FROM orders WHERE total > 54880,4755386,42
SELECT * FROM users WHERE id = 73804,880511,13
SELECT * FROM orders WHERE total > 58479,4924303,55
SELECT * FROM users WHERE id = 67614,1001580,9
SELECT * FROM orders WHERE total > 97188,5456313,60
SELECT * FROM users WHERE id = 73634,819731,12
SELECT COUNT(*) FROM events WHERE month = 'Jan',11458379,126
SELECT COUNT(*) FROM events WHERE month = 'Feb',11074249,119
SELECT * FROM users WHERE id = 72126,1065935,22
SELECT COUNT(*) FROM events WHERE month = 'Jan',9251344,88
SELECT * FROM orders WHERE total > 17959,5795025,54
SELECT * FROM users WHERE id = 98080,1194971,14
SELECT * FROM orders WHERE status IN ('shipped'),2564840,30
SELECT COUNT(*) FROM events WHERE month = 'Jun',9219204,93
SELECT * FROM users WHERE id = 20230,921293,7
SELECT * FROM users WHERE id = 97919,1044267,9
SELECT * FROM users WHERE id = 66790,1074541,11
SELECT * FROM orders WHERE total > 54467,4167183,55
SELECT * FROM users WHERE id = 3557,868922,14
SELECT * FROM users WHERE id = 95559,869765,15
SELECT * FROM orders WHERE total > 65295,4693155,58
SELECT * FROM users WHERE id = 31122,1036731,12
SELECT * FROM orders WHERE total > 15561,5001806,58
"SELECT name, email FROM users WHERE signup_date > '2025-09-10'",3366121,39
SELECT * FROM orders WHERE total > 93033,5514146,60
SELECT * FROM orders WHERE total > 97046,4690825,56
SELECT COUNT(*) FROM events WHERE month = 'Apr',10678907,105
SELECT * FROM users WHERE id = 8949,990082,15
SELECT * FROM orders WHERE total > 94702,5207410,49
SELECT COUNT(*) FROM events WHERE month = 'Feb',10392491,105
SELECT * FROM users WHERE id = 363,1156570,18
SELECT COUNT(*) FROM events WHERE month = 'May',10115009,98
SELECT * FROM users WHERE id = 44738,1140513,6
SELECT COUNT(*) FROM events WHERE month = 'Feb',10464690,107
SELECT * FROM users WHERE id = 44775,987677,10
SELECT * FROM products WHERE category = 'toys',1599852,24
SELECT * FROM orders WHERE total > 14574,4167296,54
SELECT * FROM products WHERE category = 'electronics',1596846,26
SELECT * FROM users WHERE id = 87563,849126,22
SELECT * FROM users WHERE id = 84698,851613,17
SELECT * FROM users WHERE id = 47106,912357,20
"SELECT user_id, SUM(total) FROM orders WHERE region = 'books' GROUP BY user_id",9510652,94
SELECT * FROM sessions WHERE duration > 32364,4318538,43
SELECT * FROM orders WHERE total > 25808,4312669,48
"SELECT user_id, SUM(total) FROM orders WHERE region = 'garden' GROUP BY user_id",7938854,94
SELECT * FROM users WHERE id = 13262,1032854,21
SELECT COUNT(*) FROM events WHERE month = 'Feb',9252512,107
"SELECT user_id, SUM(total) FROM orders WHERE region = 'auto' GROUP BY user_id",7851429,83
SELECT * FROM products WHERE category = 'garden',1979596,16
SELECT * FROM orders WHERE total > 10306,4761514,43
SELECT * FROM orders WHERE total > 46512,5730021,72
SELECT * FROM users WHERE id = 70479,1102883,15
"SELECT * FROM users WHERE id IN (202, 325, 549)",1250547,26
"SELECT user_id, SUM(total) FROM orders WHERE region = 'garden' GROUP BY user_id",9637136,106
SELECT * FROM users WHERE id = 77834,1011347,6
SELECT * FROM orders WHERE total > 93313,4100489,53
SELECT * FROM orders WHERE total > 43957,4395947,47
SELECT * FROM products WHERE category = 'toys',2061238,20
SELECT * FROM users WHERE id = 26360,801622,17
SELECT COUNT(*) FROM events WHERE month = 'Mar',10129026,104
SELECT * FROM orders WHERE total > 97281,5125415,48
SELECT * FROM orders WHERE total > 94047,4886003,60
SELECT * FROM users WHERE id = 53368,948783,22
SELECT * FROM orders WHERE total > 30652,5270582,66
"SELECT name, email FROM users WHERE signup_date > '2025-01-01'",2638790,30
SELECT * FROM users WHERE id = 33166,820533,3
SELECT * FROM orders WHERE total > 79091,5941142,60
SELECT * FROM orders WHERE total > 67893,4043998,53
SELECT * FROM users WHERE id = 41215,1099419,9
SELECT * FROM users WHERE id = 81640,1062798,7
SELECT COUNT(*) FROM events WHERE month = 'May',10417270,118
SELECT * FROM users WHERE id = 8946,1188695,21
SELECT * FROM orders WHERE total > 66027,4421486,52
SELECT * FROM users WHERE id = 3942,1051786,15
SELECT * FROM users WHERE id = 75372,1033060,23
SELECT * FROM orders WHERE total > 91505,4836918,61
SELECT * FROM orders WHERE total > 97332,5721935,66
SELECT * FROM users WHERE id = 76448,850181,6
SELECT * FROM orders WHERE total > 68751,4720978,54
SELECT * FROM orders WHERE total > 58830,5933903,61
SELECT * FROM users WHERE id = 36355,1005715,18
SELECT * FROM sessions WHERE duration > 78139,4463247,43
SELECT * FROM users WHERE id = 50495,1041095,10
SELECT * FROM orders WHERE total > 79684,5918017,55
SELECT * FROM orders WHERE total > 76924,4621451,60
SELECT * FROM orders WHERE total > 10219,4987091,64
SELECT COUNT(*) FROM events WHERE month = 'Mar',9797877,98
SELECT * FROM users WHERE id = 98553,1180846,12
SELECT COUNT(*) FROM events WHERE month = 'Apr',11390983,122
SELECT * FROM orders WHERE total > 1266,5678410,59
SELECT * FROM users WHERE id = 44118,907944,12
SELECT COUNT(*) FROM events WHERE month = 'Mar',10421536,118
SELECT COUNT(*) FROM events WHERE month = 'Jun',11798193,124
SELECT * FROM users WHERE id = 17601,1074246,14
SELECT COUNT(*) FROM events WHERE month = 'Mar',10494168,107
"SELECT * FROM users WHERE id IN (60, 389, 268)",1219390,27
SELECT * FROM orders WHERE total > 39351,4872550,57
"SELECT user_id, SUM(total) FROM orders WHERE region = 'toys' GROUP BY user_id",7636473,77
SELECT * FROM orders WHERE total > 88791,5613711,65
SELECT * FROM products WHERE category = 'books',2462827,23
SELECT * FROM users WHERE id = 83101,1168447,9
SELECT * FROM orders WHERE total > 20798,5493893,58
SELECT * FROM orders WHERE total > 42997,5143677,47
SELECT * FROM users WHERE id = 86870,1119647,18
SELECT * FROM orders WHERE total > 68518,5245629,66
SELECT * FROM orders WHERE total > 74057,4496146,43
"SELECT user_id, SUM(total) FROM orders WHERE region = 'auto' GROUP BY user_id",7469452,79
SELECT * FROM products WHERE category = 'electronics',1794840,28
SELECT * FROM orders WHERE total > 70778,5700439,71
SELECT * FROM orders WHERE total > 70527,5136830,59
SELECT * FROM products WHERE category = 'electronics',1692072,25
SELECT COUNT(*) FROM events WHERE month = 'Jan',11986970,129
SELECT * FROM orders WHERE total > 34606,4453312,43
SELECT * FROM sessions WHERE duration > 87199,4447114,49
SELECT * FROM users WHERE id = 31260,1038660,24
SELECT * FROM orders WHERE total > 42480,5089189,54
"SELECT * FROM users WHERE id IN (793, 481)",1346987,27
SELECT COUNT(*) FROM events WHERE month = 'Jan',11348654,114
SELECT * FROM users WHERE id = 67156,963580,11
SELECT * FROM sessions WHERE duration > 87725,4786640,51
SELECT * FROM users WHERE id = 68928,1188999,20
SELECT * FROM orders WHERE total > 5116,4503778,47
SELECT COUNT(*) FROM events WHERE month = 'May',10677326,104
SELECT COUNT(*) FROM events WHERE month = 'Jan',10853145,115
SELECT * FROM users WHERE id = 84396,952329,6
SELECT * FROM users WHERE id IN (560),1104678,12
SELECT * FROM orders WHERE total > 82517,4849158,48
SELECT COUNT(*) FROM events WHERE month = 'Feb',10725410,117
SELECT * FROM users WHERE id = 77054,1040109,9
"SELECT * FROM users WHERE id IN (358, 889, 542, 241, 388)",1064690,21
"SELECT * FROM orders WHERE status IN ('cancelled', 'pending')",2323790,21
SELECT COUNT(*) FROM events WHERE month = 'Jun',11017496,122
SELECT * FROM users WHERE id = 46840,979753,14
SELECT * FROM users WHERE id = 23491,1147678,20
SELECT * FROM orders WHERE total > 50744,5059559,55
SELECT * FROM users WHERE id = 15128,1095954,15
SELECT * FROM users WHERE id = 87428,907529,19
SELECT * FROM users WHERE id = 40509,1112355,22
"SELECT name, email FROM users WHERE signup_date > '2025-01-01'",2643310,26
SELECT * FROM orders WHERE total > 50026,4898161,47
"SELECT user_id, SUM(total) FROM orders WHERE region = 'auto' GROUP BY user_id",8364125,97
SELECT * FROM orders WHERE total > 5570,4728762,43
SELECT COUNT(*) FROM events WHERE month = 'May',11579305,123
SELECT * FROM users WHERE id = 86110,992345,15
SELECT * FROM orders WHERE total > 74220,4831831,53
SELECT * FROM orders WHERE total > 85392,4396006,38
SELECT * FROM users WHERE id = 8335,1063841,10
SELECT * FROM orders WHERE total > 51082,5218768,49
SELECT * FROM users WHERE id = 22428,891530,12
SELECT * FROM orders WHERE total > 92187,5363150,59
SELECT * FROM users WHERE id = 12263,840850,3
SELECT * FROM users WHERE id = 221,805740,8
SELECT * FROM users WHERE id = 3781,800480,3
SELECT * FROM users WHERE id = 28877,1011634,8
SELECT * FROM users WHERE id = 2782,978316,17
SELECT * FROM users WHERE id = 40607,842894,3
SELECT COUNT(*) FROM events WHERE month = 'Jun',9252866,107
SELECT COUNT(*) FROM events WHERE month = 'May',9792054,96
SELECT * FROM orders WHERE total > 56575,5938425,57
SELECT COUNT(*) FROM events WHERE month = 'Apr',9188210,91
SELECT * FROM orders WHERE status IN ('shipped'),2395122,21
SELECT * FROM orders WHERE total > 6180,4942045,44
SELECT * FROM orders WHERE total > 37043,5545032,61
SELECT * FROM users WHERE id = 98515,1022665,10
SELECT * FROM users WHERE id = 4288,945326,18
"SELECT user_id, SUM(total) FROM orders WHERE region = 'garden' GROUP BY user_id",9520446,90
SELECT * FROM users WHERE id = 73607,883508,4
SELECT * FROM users WHERE id = 27237,1067284,5
"SELECT name, email FROM users WHERE signup_date > '2025-09-10'",3194789,33
"SELECT user_id, SUM(total) FROM orders WHERE region = 'toys' GROUP BY user_id",7104831,80
"SELECT name, email FROM users WHERE signup_date > '2025-09-10'",3010572,31
SELECT * FROM orders WHERE total > 13053,5867185,72
SELECT * FROM users WHERE id = 3656,942030,12
"SELECT * FROM users WHERE id IN (43, 534, 165)",1088282,13
"SELECT * FROM users WHERE id IN (659, 16, 980, 38)",1204877,19
SELECT * FROM users WHERE id = 84093,1054902,12
SELECT * FROM orders WHERE total > 63930,5605525,62
SELECT * FROM users WHERE id = 76120,1124969,9
SELECT * FROM users WHERE id = 27547,1198158,10
"SELECT * FROM orders WHERE status IN ('shipped', 'shipped')",2016913,30
"SELECT user_id, SUM(total) FROM orders WHERE region = 'toys' GROUP BY user_id",7949828,80
SELECT * FROM products WHERE category = 'electronics',2292835,20
"SELECT * FROM users WHERE id IN (168, 879, 652, 686, 931)",1220570,27
SELECT * FROM users WHERE id = 68204,1022961,11
SELECT * FROM orders WHERE total > 50480,4483025,53
SELECT COUNT(*) FROM events WHERE month = 'May',10653656,103
SELECT * FROM users WHERE id = 34962,829481,9
SELECT * FROM products WHERE category = 'electronics',1880296,33
SELECT * FROM users WHERE id = 93188,949272,13
SELECT * FROM users WHERE id = 29685,883542,15
SELECT COUNT(*) FROM events WHERE month = 'Feb',11998806,130
SELECT * FROM products WHERE category = 'electronics',1806472,19
"SELECT * FROM orders WHERE status IN ('delivered', 'cancelled', 'pending')",2613186,22
SELECT * FROM orders WHERE total > 53344,5739915,67
SELECT COUNT(*) FROM events WHERE month = 'Feb',10794637,116
SELECT COUNT(*) FROM events WHERE month = 'Apr',9039885,95
SELECT * FROM users WHERE id = 88736,874371,23
"SELECT user_id, SUM(total) FROM orders WHERE region = 'garden' GROUP BY user_id",8195485,89
SELECT * FROM users WHERE id = 96790,820384,18
SELECT * FROM users WHERE id = 55940,1066619,9
SELECT * FROM products WHERE category = 'auto',1518737,13
SELECT * FROM orders WHERE total > 21382,5831334,57
SELECT * FROM users WHERE id = 76863,1027278,20
SELECT * FROM users WHERE id = 12152,960294,6
SELECT * FROM orders WHERE total > 88911,4397058,49
SELECT * FROM products WHERE category = 'garden',1814383,23
SELECT * FROM sessions WHERE duration > 62632,3115005,46
SELECT * FROM orders WHERE total > 53041,4155792,44
SELECT * FROM users WHERE id = 69143,1068290,25
SELECT * FROM users WHERE id = 30582,1017904,8
SELECT * FROM orders WHERE total > 79718,5834779,62
"SELECT name, email FROM users WHERE signup_date > '2025-09-10'",2624926,30
SELECT * FROM users WHERE id = 59722,978744,22
SELECT * FROM orders WHERE total > 2903,4415128,40
SELECT * FROM users WHERE id = 42215,1136766,6
SELECT * FROM products WHERE category = 'electronics',1687473,27
SELECT * FROM products WHERE category = 'books',2372068,21
"SELECT name, email FROM users WHERE signup_date > '2025-01-01'",3836275,44
"SELECT user_id, SUM(total) FROM orders WHERE region = 'auto' GROUP BY user_id",8370126,89
"SELECT name, email FROM users WHERE signup_date > '2025-01-01'",3432183,31
SELECT * FROM orders WHERE total > 10043,5022634,46
SELECT * FROM users WHERE id = 42217,860647,15
SELECT * FROM orders WHERE total > 71691,5908308,66
SELECT COUNT(*) FROM events WHERE month = 'Jun',10977715,117
SELECT * FROM orders WHERE total > 11860,5138019,63
SELECT COUNT(*) FROM events WHERE month = 'Mar',11962325,124
SELECT * FROM users WHERE id = 73983,1005992,23
SELECT * FROM users WHERE id = 34582,978985,17
SELECT * FROM users WHERE id = 5284,1021670,15
"SELECT * FROM orders WHERE status IN ('delivered', 'shipped', 'pending')",2842725,31
SELECT * FROM users WHERE id = 99124,1114410,22
SELECT COUNT(*) FROM events WHERE month = 'Feb',9520447,106
SELECT * FROM products WHERE category = 'garden',1787312,20
SELECT * FROM users WHERE id = 97181,1154279,21
SELECT COUNT(*) FROM events WHERE month = 'Jan',11325257,114
SELECT * FROM products WHERE category = 'toys',2319378,19
SELECT * FROM sessions WHERE duration > 64320,4130238,37
SELECT COUNT(*) FROM events WHERE month = 'Apr',9053605,102
SELECT * FROM users WHERE id = 76733,990133,7
SELECT COUNT(*) FROM events WHERE month = 'Feb',10659278,111
SELECT * FROM orders WHERE total > 3444,5874112,57
SELECT * FROM users WHERE id = 68749,975951,17
SELECT * FROM users WHERE id = 27823,1148888,18
SELECT * FROM users WHERE id = 18838,992090,14
SELECT * FROM users WHERE id = 26569,1035717,8
"SELECT * FROM users WHERE id IN (9, 400, 498, 390, 430)",1492407,11
SELECT * FROM orders WHERE total > 76104,5880208,65
SELECT * FROM users WHERE id = 44145,880569,17
SELECT * FROM users WHERE id = 8731,1004598,22
SELECT * FROM orders WHERE total > 41378,5237024,48
SELECT * FROM users WHERE id IN (813),1266304,18
SELECT * FROM users WHERE id = 84746,1138179,14
SELECT * FROM users WHERE id = 90002,1183333,10
SELECT * FROM users WHERE id = 12376,812588,20
SELECT COUNT(*) FROM events WHERE month = 'Apr',11482662,125
"SELECT * FROM orders WHERE status IN ('shipped', 'pending', 'cancelled')",2005228,25
SELECT * FROM users WHERE id = 45899,866078,7
SELECT * FROM users WHERE id = 3019,919679,21
SELECT COUNT(*) FROM events WHERE month = 'Apr',9974693,96
SELECT * FROM users WHERE id = 78289,895973,14
SELECT * FROM users WHERE id = 52877,922298,16
SELECT * FROM users WHERE id = 51023,1067375,6
"SELECT * FROM orders WHERE status IN ('delivered', 'shipped')",2125372,18
SELECT * FROM sessions WHERE duration > 74908,3144543,31
SELECT * FROM sessions WHERE duration > 73037,3674366,45
SELECT * FROM orders WHERE total > 54130,4072939,48
SELECT * FROM sessions WHERE duration > 95630,3056855,32
SELECT * FROM orders WHERE total > 3875,4236627,41
SELECT * FROM orders WHERE total > 76333,4332913,38
SELECT * FROM users WHERE id = 72078,971181,19
SELECT * FROM users WHERE id = 35469,1056538,16
"SELECT name, email FROM users WHERE signup_date > '2025-03-15'",2241676,28
SELECT * FROM orders WHERE total > 12175,4028637,36
SELECT * FROM users WHERE id = 67431,959752,19
SELECT * FROM orders WHERE total > 7543,4489967,43
SELECT COUNT(*) FROM events WHERE month = 'Jun',10466199,106
"SELECT user_id, SUM(total) FROM orders WHERE region = 'toys' GROUP BY user_id",9579238,106
SELECT * FROM sessions WHERE duration > 50331,3913855,53
SELECT COUNT(*) FROM events WHERE month = 'May',11191351,118
"SELECT * FROM users WHERE id IN (309, 668, 372)",1020584,9
SELECT * FROM users WHERE id = 1557,977073,23
SELECT * FROM orders WHERE total > 56996,4496485,55
SELECT * FROM orders WHERE total > 15082,5530839,53
SELECT * FROM orders WHERE total > 69626,4595596,57
SELECT * FROM users WHERE id = 46113,838830,22
SELECT * FROM users WHERE id = 71860,817871,11
SELECT * FROM sessions WHERE duration > 78583,3986785,48
SELECT * FROM users WHERE id = 70516,875106,23
SELECT * FROM users WHERE id = 22544,982407,4
SELECT * FROM users WHERE id = 21529,1068406,14
SELECT * FROM products WHERE category = 'electronics',1865113,20
"SELECT name, email FROM users WHERE signup_date > '2025-01-01'",3192769,46
"SELECT * FROM orders WHERE status IN ('pending', 'delivered', 'pending')",2911549,42
SELECT * FROM products WHERE category = 'garden',1943726,33
SELECT * FROM products WHERE category = 'books',1623837,14
SELECT * FROM orders WHERE total > 60468,5036338,61
"SELECT * FROM orders WHERE status IN ('pending', 'shipped', 'shipped')",2025089,24
SELECT * FROM sessions WHERE duration > 5706,3408362,47
SELECT COUNT(*) FROM events WHERE month = 'Apr',10277074,108
SELECT * FROM users WHERE id = 24876,1140111,23
SELECT * FROM users WHERE id = 67293,1016934,10
SELECT * FROM users WHERE id = 68114,1085509,19
SELECT * FROM users WHERE id = 19796,885153,7
SELECT * FROM products WHERE category = 'toys',2351691,35
SELECT * FROM orders WHERE total > 35405,4738739,60
SELECT * FROM users WHERE id = 17655,1005086,13
SELECT * FROM users WHERE id = 86308,1062087,19
SELECT * FROM users WHERE id = 52462,1008313,21
SELECT * FROM products WHERE category = 'garden',1983809,14
"SELECT * FROM orders WHERE status IN ('shipped', 'shipped', 'pending')",2466671,28
SELECT * FROM users WHERE id = 30448,873104,19
SELECT * FROM users WHERE id = 20891,987164,20
SELECT * FROM users WHERE id = 15358,1153587,24
SELECT * FROM users WHERE id = 82861,1069535,12
SELECT * FROM orders WHERE total > 35623,5184456,65
SELECT * FROM products WHERE category = 'garden',2447671,23
SELECT * FROM products WHERE category = 'toys',1813065,19
SELECT * FROM orders WHERE total > 13102,4582372,42
SELECT * FROM users WHERE id = 11199,1172480,16
SELECT COUNT(*) FROM events WHERE month = 'Apr',11586961,116
SELECT * FROM users WHERE id = 92244,954114,23
SELECT * FROM orders WHERE total > 39067,5532905,58
SELECT COUNT(*) FROM events WHERE month = 'Jun',11857085,130
SELECT COUNT(*) FROM events WHERE month = 'Jun',9195258,94
SELECT * FROM users WHERE id = 76730,842924,17
SELECT * FROM products WHERE category = 'toys',2405367,28
"SELECT * FROM orders WHERE status IN ('delivered', 'cancelled', 'cancelled', 'returned')",2981031,26
"SELECT user_id, SUM(total) FROM orders WHERE region = 'auto' GROUP BY user_id",7964191,91
SELECT * FROM users WHERE id = 66536,1120531,18
SELECT * FROM sessions WHERE duration > 13912,4706064,57
SELECT * FROM orders WHERE total > 83014,4614756,49
SELECT * FROM products WHERE category = 'toys',1802955,14
SELECT COUNT(*) FROM events WHERE month = 'May',11810116,116
SELECT * FROM orders WHERE status IN ('shipped'),2487540,20
SELECT COUNT(*) FROM events WHERE month = 'Apr',11987661,125
"SELECT user_id, SUM(total) FROM orders WHERE region = 'auto' GROUP BY user_id",9342347,90
SELECT COUNT(*) FROM events WHERE month = 'Mar',9099902,91
SELECT * FROM users WHERE id = 82659,857146,7
SELECT * FROM orders WHERE total > 29790,5649795,63
SELECT COUNT(*) FROM events WHERE month = 'Jun',10794971,102
SELECT * FROM users WHERE id = 75078,891576,18
SELECT * FROM users WHERE id = 80795,1053490,6
SELECT * FROM orders WHERE status IN ('returned'),2970534,26
SELECT * FROM orders WHERE total > 80065,4860396,62
SELECT * FROM orders WHERE total > 60361,5236523,51
SELECT * FROM users WHERE id = 20613,1102696,25
SELECT * FROM users WHERE id = 25306,1135805,15
SELECT * FROM users WHERE id = 74826,1188865,8
SELECT * FROM orders WHERE total > 29571,4141801,37
"SELECT * FROM users WHERE id IN (836, 988, 18, 935)",1481988,21
SELECT * FROM users WHERE id = 31845,859500,5
SELECT * FROM orders WHERE total > 89594,5718044,72
"SELECT * FROM orders WHERE status IN ('shipped', 'pending')",2205715,30
SELECT * FROM users WHERE id = 49431,993804,12
SELECT * FROM users WHERE id = 22291,806974,9
SELECT COUNT(*) FROM events WHERE month = 'May',10714280,117
SELECT * FROM users WHERE id = 56080,872913,10
SELECT * FROM users WHERE id = 15412,996890,14
SELECT * FROM orders WHERE total > 34426,4179521,43
SELECT * FROM users WHERE id = 81981,925878,23
SELECT * FROM users WHERE id = 42462,1056530,24
SELECT * FROM orders WHERE total > 44429,4740768,62
SELECT * FROM users WHERE id = 60649,1165582,12
SELECT * FROM orders WHERE total > 1126,5711301,72
"SELECT name, email FROM users WHERE signup_date > '2025-03-15'",2051287,27
SELECT * FROM sessions WHERE duration > 43271,3825570,42
SELECT * FROM orders WHERE total > 34481,5451555,53
SELECT * FROM orders WHERE total > 4197,5520846,54
"SELECT user_id, SUM(total) FROM orders WHERE region = 'garden' GROUP BY user_id",7132227,70
SELECT * FROM users WHERE id = 75818,978628,5
SELECT * FROM products WHERE category = 'garden',2430456,28
SELECT COUNT(*) FROM events WHERE month = 'Feb',11913663,130
SELECT * FROM orders WHERE total > 80145,5655507,59
SELECT * FROM products WHERE category = 'toys',2403902,27
SELECT COUNT(*) FROM events WHERE month = 'Jan',11576285,128
SELECT * FROM users WHERE id = 29808,959664,21
SELECT COUNT(*) FROM events WHERE month = 'Feb',11098958,107
SELECT * FROM orders WHERE status IN ('pending'),2053420,31
SELECT * FROM users WHERE id = 6628,983349,11
SELECT * FROM orders WHERE total > 67451,5828906,63
SELECT * FROM orders WHERE total > 23605,5602630,63
SELECT * FROM users WHERE id = 29820,1010253,24
SELECT * FROM orders WHERE total > 41490,5244823,52
SELECT COUNT(*) FROM events WHERE month = 'Apr',10326278,117
"SELECT * FROM orders WHERE status IN ('shipped', 'cancelled')",2772010,35
SELECT * FROM products WHERE category = 'toys',2050932,32
SELECT COUNT(*) FROM events WHERE month = 'Jun',11312097,112
SELECT COUNT(*) FROM events WHERE month = 'May',11139026,114
"SELECT user_id, SUM(total) FROM orders WHERE region = 'books' GROUP BY user_id",8003806,86
SELECT * FROM users WHERE id IN (123),1289496,9
SELECT * FROM users WHERE id = 92445,1079191,25
"SELECT * FROM orders WHERE status IN ('shipped', 'pending')",2288292,31
SELECT * FROM orders WHERE total > 67014,5665865,66
SELECT COUNT(*) FROM events WHERE month = 'May',10323363,99
SELECT * FROM orders WHERE total > 63988,5654059,71
SELECT * FROM users WHERE id = 232,1164565,10
"SELECT name, email FROM users WHERE signup_date > '2025-01-01'",3645147,35
SELECT * FROM products WHERE category = 'toys',1879732,29
SELECT * FROM users WHERE id = 22297,1020911,17
SELECT COUNT(*) FROM events WHERE month = 'Jun',10851832,121
SELECT * FROM orders WHERE total > 93080,4451121,54
SELECT COUNT(*) FROM events WHERE month = 'Apr',10340626,114
SELECT COUNT(*) FROM events WHERE month = 'May',10365314,100
SELECT COUNT(*) FROM events WHERE month = 'Mar',11502977,124
SELECT COUNT(*) FROM events WHERE month = 'Jun',10056785,111
SELECT COUNT(*) FROM events WHERE month = 'Jun',10716973,116
SELECT * FROM users WHERE id = 26405,893014,10
SELECT * FROM users WHERE id = 62294,972666,15
SELECT * FROM orders WHERE total > 13434,5362634,64
SELECT * FROM products WHERE category = 'electronics',1608684,19
SELECT * FROM products WHERE category = 'books',1775624,27
SELECT * FROM users WHERE id = 88234,1100328,20
SELECT COUNT(*) FROM events WHERE month = 'Apr',9719409,104
SELECT * FROM users WHERE id = 64875,1117377,6
SELECT * FROM orders WHERE total > 45705,5317728,68
"SELECT name, email FROM users WHERE signup_date > '2025-09-10'",2576516,38
SELECT * FROM users WHERE id = 84505,948681,22
SELECT * FROM users WHERE id = 74081,1121274,19
SELECT * FROM users WHERE id = 19990,1045110,15
SELECT * FROM users WHERE id = 38825,919148,20
SELECT * FROM orders WHERE total > 5528,4607729,45
SELECT * FROM sessions WHERE duration > 40284,4998501,62
SELECT * FROM orders WHERE total > 41073,4766961,50
SELECT * FROM users WHERE id = 26595,1054069,12
"SELECT * FROM orders WHERE status IN ('delivered', 'pending', 'returned')",2527838,25
SELECT * FROM sessions WHERE duration > 96879,3732815,36
SELECT * FROM orders WHERE total > 17553,4146087,55
SELECT * FROM users WHERE id = 36636,905860,17
SELECT * FROM users WHERE id = 63012,1195691,11
SELECT * FROM sessions WHERE duration > 65501,3064246,28
SELECT * FROM orders WHERE total > 52126,5537549,60
SELECT * FROM users WHERE id = 7849,1194574,9
SELECT * FROM products WHERE category = 'toys',1706457,14
SELECT * FROM orders WHERE total > 9766,4929526,61
"SELECT user_id, SUM(total) FROM orders WHERE region = 'books' GROUP BY user_id",9153469,98
SELECT * FROM users WHERE id = 13044,1009873,20
SELECT * FROM orders WHERE total > 48199,4816882,53
"SELECT * FROM users WHERE id IN (696, 529, 368, 562, 514)",1129027,23
"SELECT * FROM orders WHERE status IN ('cancelled', 'returned')",2723916,39
SELECT * FROM users WHERE id IN (520),1232677,8
SELECT * FROM users WHERE id = 26827,1065430,20
"SELECT * FROM users WHERE id IN (494, 20)",1238759,21
SELECT * FROM orders WHERE total > 99469,4084214,48
SELECT * FROM orders WHERE total > 48424,5236421,67
SELECT * FROM users WHERE id = 54047,1111914,14
SELECT COUNT(*) FROM events WHERE month = 'Jan',10763465,116
SELECT * FROM users WHERE id = 560,1085794,24
SELECT * FROM users WHERE id = 71648,971320,8
SELECT * FROM users WHERE id = 17437,972294,22
SELECT * FROM users WHERE id = 95507,1176910,11
SELECT * FROM users WHERE id = 1294,1173335,6
SELECT * FROM users WHERE id = 90772,1120738,7
SELECT * FROM users WHERE id = 90823,1018584,25
SELECT COUNT(*) FROM events WHERE month = 'Apr',9515092,103
SELECT COUNT(*) FROM events WHERE month = 'Jun',9457315,103
SELECT * FROM orders WHERE total > 99458,5345009,63
SELECT * FROM users WHERE id = 90394,835993,5
SELECT * FROM orders WHERE total > 36445,5053178,58
"SELECT name, email FROM users WHERE signup_date > '2025-06-20'",2383682,23
"SELECT * FROM users WHERE id IN (635, 174, 292, 512)",1160996,6
"SELECT user_id, SUM(total) FROM orders WHERE region = 'toys' GROUP BY user_id",7068678,80
SELECT COUNT(*) FROM events WHERE month = 'Mar',10223084,112
SELECT * FROM orders WHERE total > 87391,5901715,70
SELECT * FROM products WHERE category = 'electronics',1941806,22
"SELECT name, email FROM users WHERE signup_date > '2025-01-01'",3819249,35
SELECT * FROM orders WHERE total > 36785,5959299,69
"SELECT * FROM users WHERE id IN (147, 617, 437, 304, 220)",1406471,23
"SELECT * FROM users WHERE id IN (924, 844, 740)",1226817,14
SELECT * FROM orders WHERE total > 87756,5477369,65
SELECT * FROM orders WHERE total > 33185,4445540,56
"SELECT * FROM orders WHERE status IN ('cancelled', 'returned')",2909804,41
SELECT * FROM users WHERE id = 67980,1105426,6
SELECT * FROM orders WHERE total > 36803,5521457,58
SELECT * FROM users WHERE id = 88706,1072335,13
SELECT * FROM orders WHERE total > 39151,4596983,53
SELECT * FROM users WHERE id = 70209,850759,16
SELECT * FROM users WHERE id = 97746,1153414,9
SELECT * FROM orders WHERE total > 31556,5791008,57
SELECT * FROM users WHERE id = 59844,919428,20
SELECT * FROM orders WHERE total > 93006,5455719,58
SELECT * FROM orders WHERE status IN ('shipped'),2513204,36
SELECT * FROM users WHERE id = 92605,919772,12
SELECT * FROM users WHERE id = 95280,1181249,13
SELECT * FROM products WHERE category = 'auto',2361318,36
SELECT * FROM orders WHERE total > 1773,4993925,60
SELECT * FROM users WHERE id = 79548,919448,10
SELECT * FROM orders WHERE total > 93366,4947901,55
SELECT * FROM users WHERE id = 24216,975193,4
SELECT * FROM users WHERE id = 68612,994691,17
"SELECT user_id, SUM(total) FROM orders WHERE region = 'toys' GROUP BY user_id",7630312,87
SELECT * FROM users WHERE id = 20030,1044107,22
SELECT * FROM users WHERE id IN (1000),1010783,25
SELECT * FROM orders WHERE total > 5765,5153426,48
"SELECT * FROM users WHERE id IN (371, 985)",1352530,27
SELECT * FROM users WHERE id = 88026,978348,4
SELECT * FROM orders WHERE total > 55072,4046597,55
SELECT * FROM users WHERE id = 60432,949162,5
SELECT * FROM users WHERE id = 31776,801666,11
SELECT COUNT(*) FROM events WHERE month = 'Apr',10993845,111
"SELECT name, email FROM users WHERE signup_date > '2025-03-15'",3836937,40
"SELECT user_id, SUM(total) FROM orders WHERE region = 'electronics' GROUP BY user_id",9538614,97
SELECT * FROM users WHERE id = 92938,1046000,24
SELECT * FROM orders WHERE total > 86299,5449394,56
SELECT * FROM orders WHERE total > 65259,5530814,67
SELECT * FROM users WHERE id = 95020,1052709,8
SELECT COUNT(*) FROM events WHERE month = 'Jun',10198030,105
"SELECT * FROM users WHERE id IN (71, 942, 789)",1298903,11
SELECT COUNT(*) FROM events WHERE month = 'May',10309790,117
"SELECT name, email FROM users WHERE signup_date > '2025-06-20'",2531320,27
SELECT * FROM users WHERE id = 20219,820015,7
SELECT COUNT(*) FROM events WHERE month = 'Jan',10639132,112
SELECT * FROM users WHERE id = 47441,840029,19
SELECT * FROM users WHERE id = 44179,985715,20
SELECT COUNT(*) FROM events WHERE month = 'May',10777300,111
SELECT * FROM orders WHERE total > 29741,5404808,52
SELECT * FROM orders WHERE total > 39761,5442304,67
SELECT COUNT(*) FROM events WHERE month = 'Mar',11231912,125
SELECT * FROM users WHERE id = 14338,969333,4
SELECT * FROM users WHERE id = 74400,953861,10
SELECT * FROM users WHERE id = 80152,847848,9
SELECT * FROM users WHERE id IN (676),1430908,18
SELECT * FROM users WHERE id = 26110,807684,11
SELECT * FROM users WHERE id = 57629,803971,9
SELECT * FROM users WHERE id = 27943,918016,18
SELECT * FROM users WHERE id = 84322,875801,8
SELECT * FROM users WHERE id = 24801,1030013,9
SELECT * FROM orders WHERE total > 76781,5741935,53
SELECT * FROM orders WHERE total > 77206,5174791,65
SELECT * FROM orders WHERE status IN ('cancelled'),2046095,24
"SELECT * FROM users WHERE id IN (3, 248, 646)",1302480,28
SELECT * FROM users WHERE id = 68747,1146764,26
SELECT * FROM users WHERE id = 69716,1055722,17
SELECT COUNT(*) FROM events WHERE month = 'May',9230743,93
SELECT COUNT(*) FROM events WHERE month = 'Jun',10372439,118
"SELECT name, email FROM users WHERE signup_date > '2025-09-10'",3839694,43
SELECT * FROM users WHERE id = 62032,870115,20
"SELECT name, email FROM users WHERE signup_date > '2025-06-20'",2498641,28
"SELECT * FROM orders WHERE status IN ('cancelled', 'cancelled', 'delivered')",2061568,35
SELECT * FROM users WHERE id = 5205,1050603,11
SELECT * FROM sessions WHERE duration > 53274,3306668,47
SELECT * FROM users WHERE id = 54757,958907,8
"SELECT * FROM orders WHERE status IN ('cancelled', 'cancelled', 'cancelled')",2902776,30
SELECT * FROM users WHERE id = 7682,862929,13
"SELECT * FROM orders WHERE status IN ('pending', 'shipped', 'shipped', 'delivered')",2510462,30
"SELECT name, email FROM users WHERE signup_date > '2025-09-10'",2979952,37
SELECT * FROM users WHERE id = 70572,1084989,17
"SELECT * FROM users WHERE id IN (203, 256, 216)",1223079,20
SELECT * FROM users WHERE id = 93411,876482,10
"SELECT * FROM users WHERE id IN (486, 787, 6, 25)",1201674,25
SELECT * FROM orders WHERE total > 28281,4772870,58
SELECT * FROM products WHERE category = 'garden',1628049,13
SELECT * FROM products WHERE category = 'garden',1955478,33
SELECT * FROM users WHERE id = 33775,1086013,20
SELECT * FROM users WHERE id = 36190,981834,5
SELECT COUNT(*) FROM events WHERE month = 'May',10971596,104
SELECT * FROM orders WHERE total > 46007,5977211,59
SELECT COUNT(*) FROM events WHERE month = 'Apr',9036236,91
SELECT * FROM users WHERE id = 52966,887214,4
SELECT * FROM users WHERE id = 70332,1156028,22
SELECT * FROM users WHERE id = 16698,1071881,10
SELECT * FROM users WHERE id = 98922,1025827,21
SELECT COUNT(*) FROM events WHERE month = 'Feb',11632266,111
"SELECT name, email FROM users WHERE signup_date > '2025-09-10'",3039325,40
SELECT * FROM users WHERE id = 93616,812166,10
"SELECT name, email FROM users WHERE signup_date > '2025-03-15'",2213864,19
SELECT * FROM users WHERE id = 63469,967298,22
SELECT * FROM orders WHERE total > 7002,5416833,68
SELECT * FROM orders WHERE total > 56816,5051561,45
SELECT * FROM users WHERE id = 2690,1169882,18
"SELECT user_id, SUM(total) FROM orders WHERE region = 'auto' GROUP BY user_id",9085452,97
SELECT * FROM users WHERE id = 26554,954327,5
SELECT * FROM users WHERE id = 82097,1169194,24
SELECT * FROM orders WHERE total > 16724,4078533,53
SELECT * FROM users WHERE id = 60793,1150075,19
SELECT * FROM users WHERE id = 4284,885741,14
"SELECT name, email FROM users WHERE signup_date > '2025-09-10'",2211894,28
SELECT * FROM orders WHERE total > 75404,4495332,58
SELECT * FROM sessions WHERE duration > 9481,4546329,49
SELECT * FROM users WHERE id = 1949,1026295,6
SELECT * FROM users WHERE id = 49829,843050,23
"SELECT user_id, SUM(total) FROM orders WHERE region = 'books' GROUP BY user_id",8703456,84
SELECT * FROM users WHERE id = 88817,1126413,11
SELECT * FROM users WHERE id = 8560,899489,14
SELECT * FROM orders WHERE total > 42920,4340850,49
SELECT * FROM orders WHERE total > 78431,4269327,55
SELECT COUNT(*) FROM events WHERE month = 'Apr',9060757,100
SELECT * FROM users WHERE id = 86012,916904,6
SELECT * FROM orders WHERE total > 58433,4317031,45
SELECT COUNT(*) FROM events WHERE month = 'May',11886434,115
"SELECT * FROM orders WHERE status IN ('delivered', 'shipped', 'pending')",2824584,23
SELECT * FROM users WHERE id = 49830,970890,18
"SELECT user_id, SUM(total) FROM orders WHERE region = 'electronics' GROUP BY user_id",9664100,107
SELECT COUNT(*) FROM events WHERE month = 'Jun',9119766,105
SELECT * FROM orders WHERE total > 85268,5850350,56
SELECT * FROM users WHERE id = 70408,1139204,25
SELECT * FROM users WHERE id = 83210,1088540,25
SELECT * FROM users WHERE id = 84516,1006599,6
SELECT * FROM users WHERE id = 64095,876213,12
SELECT COUNT(*) FROM events WHERE month = 'Feb',9375156,101
"SELECT * FROM users WHERE id IN (206, 333, 446, 440, 878)",1404163,17
SELECT * FROM users WHERE id = 26972,1197418,24
"SELECT * FROM orders WHERE status IN ('pending', 'shipped', 'cancelled', 'delivered')",2071775,22
SELECT * FROM users WHERE id = 36256,1032683,25
"SELECT * FROM orders WHERE status IN ('shipped', 'delivered', 'pending', 'returned')",2543846,36
SELECT * FROM users WHERE id = 37250,839659,4
SELECT * FROM products WHERE category = 'electronics',1995714,14
SELECT * FROM orders WHERE total > 2664,4803661,48
SELECT * FROM users WHERE id = 45514,817991,6
SELECT * FROM orders WHERE total > 96443,5616949,68
SELECT COUNT(*) FROM events WHERE month = 'Jan',10528663,105
SELECT * FROM users WHERE id = 38706,821645,19
SELECT COUNT(*) FROM events WHERE month = 'May',11456077,125
SELECT * FROM users WHERE id = 17573,804000,10
SELECT * FROM orders WHERE total > 67704,4362857,48
SELECT * FROM orders WHERE total > 81569,5815600,66
SELECT * FROM orders WHERE total > 38000,4087796,35
SELECT * FROM users WHERE id = 75904,1028700,5
SELECT * FROM users WHERE id = 40329,835211,13
SELECT * FROM orders WHERE total > 73506,4025038,49
SELECT * FROM orders WHERE total > 20024,4963829,47
SELECT COUNT(*) FROM events WHERE month = 'Feb',11571677,128
SELECT * FROM users WHERE id = 74216,1148958,7
"SELECT * FROM users WHERE id IN (643, 814, 348)",1287724,13
SELECT * FROM users WHERE id = 40559,963093,6
SELECT * FROM users WHERE id = 56055,833464,12
SELECT * FROM sessions WHERE duration > 54647,4880349,44
SELECT * FROM orders WHERE total > 89166,5148077,57
SELECT * FROM users WHERE id = 14551,1024190,17
SELECT * FROM users WHERE id = 17499,834198,8
SELECT COUNT(*) FROM events WHERE month = 'Jun',11304204,126
SELECT * FROM users WHERE id = 14854,1163435,10
SELECT COUNT(*) FROM events WHERE month = 'Feb',10432785,109
SELECT * FROM users WHERE id = 78617,872258,19
SELECT COUNT(*) FROM events WHERE month = 'Feb',10500582,103
SELECT COUNT(*) FROM events WHERE month = 'Jan',10377449,105
SELECT * FROM orders WHERE total > 94945,5800136,54
SELECT * FROM orders WHERE total > 33063,5119034,51
SELECT * FROM users WHERE id = 53897,935721,9
SELECT * FROM orders WHERE total > 23439,5704892,54
SELECT * FROM orders WHERE total > 66803,5179655,46
SELECT * FROM orders WHERE total > 92222,5631149,68
SELECT * FROM users WHERE id IN (303),1029803,20
SELECT * FROM orders WHERE total > 9158,5705068,53
SELECT COUNT(*) FROM events WHERE month = 'May',10783193,108
SELECT * FROM orders WHERE total > 63502,5882357,60
SELECT * FROM orders WHERE total > 43538,5822238,69
"SELECT * FROM orders WHERE status IN ('cancelled', 'returned')",2151177,28
SELECT * FROM users WHERE id = 91037,831359,3
SELECT * FROM orders WHERE total > 19091,5557850,65
SELECT * FROM users WHERE id = 13479,882257,20
SELECT * FROM users WHERE id = 65370,930648,15
"SELECT name, email FROM users WHERE signup_date > '2025-09-10'",2938126,37
SELECT * FROM users WHERE id = 34395,969728,8
SELECT * FROM users WHERE id = 38252,818960,23
SELECT COUNT(*) FROM events WHERE month = 'Jun',10051964,113
SELECT * FROM users WHERE id = 57452,938767,4
SELECT * FROM orders WHERE total > 64994,5753209,62
"SELECT name, email FROM users WHERE signup_date > '2025-01-01'",3247172,29
SELECT * FROM orders WHERE total > 68828,5539442,63
SELECT * FROM users WHERE id IN (396),1316599,26
SELECT COUNT(*) FROM events WHERE month = 'Apr',10082782,102
SELECT * FROM users WHERE id = 50184,886930,8
SELECT * FROM orders WHERE total > 49106,4905403,53
SELECT * FROM users WHERE id = 65984,1162149,19
SELECT * FROM orders WHERE total > 47817,4396823,42
SELECT * FROM users WHERE id = 73091,1017744,8
SELECT * FROM users WHERE id = 37727,1097454,21
SELECT * FROM users WHERE id = 96297,844441,5
SELECT * FROM orders WHERE total > 60934,5831206,55
SELECT * FROM products WHERE category = 'toys',1898118,30
"SELECT user_id, SUM(total) FROM orders WHERE region = 'electronics' GROUP BY user_id",8036531,84
SELECT * FROM users WHERE id = 2967,1175531,13
SELECT * FROM users WHERE id = 17470,999833,19
SELECT * FROM orders WHERE total > 6388,4077338,46
SELECT * FROM users WHERE id = 54091,969542,11
"SELECT user_id, SUM(total) FROM orders WHERE region = 'garden' GROUP BY user_id",8805956,85
SELECT * FROM users WHERE id = 77522,1015547,24
SELECT * FROM users WHERE id = 90135,1066698,5
SELECT * FROM orders WHERE total > 17409,4107173,49
SELECT * FROM users WHERE id = 61631,1024887,13
SELECT * FROM users WHERE id = 97303,1109952,13
SELECT * FROM products WHERE category = 'toys',2445315,28
SELECT COUNT(*) FROM events WHERE month = 'Mar',11330918,121
SELECT * FROM orders WHERE total > 74999,5254249,62
SELECT * FROM orders WHERE total > 55641,4448410,54
SELECT * FROM users WHERE id = 87258,1037788,18
SELECT * FROM users WHERE id = 70825,1062290,16
SELECT * FROM users WHERE id = 21178,1055625,22
SELECT * FROM users WHERE id IN (327),1196730,12
"SELECT user_id, SUM(total) FROM orders WHERE region = 'books' GROUP BY user_id",9308164,93
SELECT * FROM products WHERE category = 'toys',2377144,19
SELECT COUNT(*) FROM events WHERE month = 'Mar',9621745,108
SELECT * FROM orders WHERE total > 19189,4084495,52
"SELECT * FROM users WHERE id IN (92, 367, 447, 335)",1009322,14
SELECT * FROM users WHERE id = 30949,1138726,13
SELECT * FROM orders WHERE total > 59490,4070048,39
"SELECT user_id, SUM(total) FROM orders WHERE region = 'toys' GROUP BY user_id",8329649,78
SELECT * FROM users WHERE id = 88147,945018,6
SELECT * FROM users WHERE id = 34370,1100308,12
SELECT * FROM orders WHERE total > 41355,4715382,50
SELECT * FROM users WHERE id = 74979,1188477,14
SELECT COUNT(*) FROM events WHERE month = 'Jan',11251774,116
SELECT * FROM orders WHERE total > 20546,5369027,65
SELECT * FROM users WHERE id = 26771,910798,4
SELECT COUNT(*) FROM events WHERE month = 'Mar',11713928,125
"SELECT user_id, SUM(total) FROM orders WHERE region = 'garden' GROUP BY user_id",8627169,83
SELECT * FROM orders WHERE total > 4414,4615344,44
SELECT * FROM orders WHERE total > 13199,5733428,69
SELECT * FROM products WHERE category = 'electronics',1826105,22
SELECT COUNT(*) FROM events WHERE month = 'Mar',10203930,106
SELECT * FROM users WHERE id IN (658),1121829,21
SELECT COUNT(*) FROM events WHERE month = 'Apr',10499057,113
SELECT * FROM users WHERE id IN (185),1267363,12
SELECT * FROM users WHERE id = 7241,1117737,11
SELECT * FROM users WHERE id = 37803,824715,8
"SELECT user_id, SUM(total) FROM orders WHERE region = 'books' GROUP BY user_id",8322217,90
"SELECT * FROM users WHERE id IN (312, 239, 223, 230)",1069063,6
SELECT * FROM users WHERE id = 62241,979093,14
"SELECT * FROM users WHERE id IN (945, 315)",1410258,20
SELECT * FROM users WHERE id = 28320,1011982,24
SELECT COUNT(*) FROM events WHERE month = 'Jun',9987137,95
SELECT * FROM users WHERE id = 48861,1188640,22
SELECT * FROM users WHERE id = 53249,816029,19
"SELECT user_id, SUM(total) FROM orders WHERE region = 'auto' GROUP BY user_id",9766530,96
SELECT * FROM users WHERE id = 90641,1008221,18
SELECT * FROM users WHERE id = 69082,979526,11
SELECT * FROM orders WHERE total > 93371,4362165,47
SELECT COUNT(*) FROM events WHERE month = 'Jan',9353307,106
SELECT * FROM sessions WHERE duration > 50532,4758673,57
SELECT * FROM orders WHERE total > 41696,5148677,57
SELECT * FROM users WHERE id = 55199,946874,13
SELECT * FROM users WHERE id = 8609,1025756,11
SELECT COUNT(*) FROM events WHERE month = 'Mar',11664174,121
SELECT * FROM users WHERE id = 75038,980535,19
SELECT * FROM users WHERE id = 90946,1151015,19
SELECT COUNT(*) FROM events WHERE month = 'Feb',10263759,114
SELECT * FROM users WHERE id = 21697,973857,11
SELECT * FROM users WHERE id = 5539,872048,3
SELECT * FROM users WHERE id = 56785,1183831,8
"SELECT * FROM orders WHERE status IN ('pending', 'pending')",2082037,15
SELECT COUNT(*) FROM events WHERE month = 'Apr',9124637,104
"SELECT user_id, SUM(total) FROM orders WHERE region = 'auto' GROUP BY user_id",7382131,72
SELECT * FROM orders WHERE total > 16110,5219679,60
"SELECT name, email FROM users WHERE signup_date > '2025-01-01'",3247085,37
SELECT * FROM orders WHERE total > 59589,4588217,43
SELECT * FROM orders WHERE total > 2269,5791947,60
SELECT * FROM orders WHERE total > 35492,5350426,68
SELECT * FROM sessions WHERE duration > 58589,3060549,25
"SELECT * FROM orders WHERE status IN ('returned', 'shipped', 'returned', 'cancelled')",2212469,29
SELECT * FROM orders WHERE total > 71292,5365780,50
SELECT * FROM orders WHERE total > 69806,4361929,46
SELECT * FROM users WHERE id = 46759,955373,5
SELECT * FROM users WHERE id = 10036,902296,22
SELECT * FROM sessions WHERE duration > 56195,3745784,41
SELECT * FROM users WHERE id = 35874,1034137,17
SELECT * FROM orders WHERE total > 50296,4883497,60
SELECT * FROM products WHERE category = 'auto',2442453,25
SELECT COUNT(*) FROM events WHERE month = 'Mar',9023390,87
SELECT * FROM orders WHERE total > 3264,5143269,59
SELECT COUNT(*) FROM events WHERE month = 'Feb',10844457,118
SELECT * FROM orders WHERE total > 56492,4736192,43
SELECT * FROM users WHERE id = 33287,926673,4
SELECT * FROM orders WHERE total > 37612,5646256,64
SELECT * FROM users WHERE id = 57213,1103246,22
SELECT * FROM products WHERE category = 'auto',2434464,38
SELECT COUNT(*) FROM events WHERE month = 'Jan',9256704,104
SELECT COUNT(*) FROM events WHERE month = 'Mar',10574237,103
SELECT * FROM users WHERE id = 67558,809952,7
SELECT * FROM orders WHERE total > 91471,4163389,45
SELECT COUNT(*) FROM events WHERE month = 'Jan',11601876,115
SELECT * FROM orders WHERE total > 94529,5242758,65
SELECT COUNT(*) FROM events WHERE month = 'Apr',10605491,119
"SELECT name, email FROM users WHERE signup_date > '2025-03-15'",2783223,25
SELECT * FROM orders WHERE total > 54477,5369915,60
"SELECT user_id, SUM(total) FROM orders WHERE region = 'auto' GROUP BY user_id",7386330,78
SELECT * FROM users WHERE id = 37502,926820,16
SELECT * FROM orders WHERE total > 53952,5778180,69
SELECT * FROM users WHERE id = 61346,1050173,10
SELECT * FROM orders WHERE total > 72243,4495355,51
SELECT * FROM users WHERE id = 33000,1179036,11
SELECT * FROM sessions WHERE duration > 1584,4749411,43
SELECT * FROM products WHERE category = 'auto',2421153,27
SELECT * FROM orders WHERE total > 68930,5904719,72
SELECT * FROM orders WHERE total > 81713,4977666,44
SELECT * FROM orders WHERE total > 66148,4373463,49
"SELECT * FROM users WHERE id IN (208, 781, 981, 708)",1112659,23
SELECT COUNT(*) FROM events WHERE month = 'Mar',9336350,91
SELECT * FROM orders WHERE total > 48662,4267135,40
SELECT * FROM users WHERE id = 29832,1073375,14
SELECT * FROM users WHERE id = 59613,820667,23
SELECT COUNT(*) FROM events WHERE month = 'Apr',9195279,87
SELECT * FROM orders WHERE total > 21027,5168988,64
SELECT * FROM orders WHERE total > 58485,5186054,56
SELECT * FROM orders WHERE total > 76798,5370455,68
SELECT * FROM orders WHERE total > 20049,4733811,46
SELECT * FROM users WHERE id = 64700,819661,20
SELECT * FROM users WHERE id = 19418,1099594,18
SELECT * FROM orders WHERE total > 43806,5955674,71
SELECT * FROM orders WHERE total > 21595,5798637,68
SELECT COUNT(*) FROM events WHERE month = 'Feb',10585347,119
SELECT * FROM products WHERE category = 'books',2483194,34
SELECT * FROM users WHERE id = 61583,1169248,7
SELECT * FROM products WHERE category = 'electronics',2077403,20
SELECT * FROM orders WHERE total > 93691,5407060,57
"SELECT user_id, SUM(total) FROM orders WHERE region = 'garden' GROUP BY user_id",8201721,96
SELECT * FROM users WHERE id = 68086,1164248,17
SELECT * FROM users WHERE id = 98226,1157533,9
SELECT * FROM users WHERE id = 47393,813714,22
SELECT COUNT(*) FROM events WHERE month = 'Feb',9598062,109
SELECT COUNT(*) FROM events WHERE month = 'Feb',11642777,117
"SELECT * FROM users WHERE id IN (406, 53, 927, 281)",1451821,29
SELECT * FROM users WHERE id = 25952,933991,21
SELECT * FROM users WHERE id = 99382,931262,17
SELECT * FROM orders WHERE total > 46887,4709356,48
SELECT * FROM orders WHERE total > 20595,4203611,46
SELECT * FROM users WHERE id = 72235,1132051,15
SELECT * FROM users WHERE id = 4477,1190048,11
"SELECT user_id, SUM(total) FROM orders WHERE region = 'electronics' GROUP BY user_id",8452397,94
SELECT * FROM users WHERE id = 40146,1086377,5
SELECT * FROM users WHERE id = 10145,1047232,23
"SELECT * FROM users WHERE id IN (551, 612)",1126247,14
SELECT * FROM orders WHERE total > 6608,4630738,45
SELECT * FROM users WHERE id = 12112,1115130,10
SELECT * FROM users WHERE id = 26392,815178,21
"SELECT user_id, SUM(total) FROM orders WHERE region = 'toys' GROUP BY user_id",7374214,84
SELECT * FROM users WHERE id = 28068,933670,14
SELECT * FROM users WHERE id = 15932,1030169,8
SELECT * FROM users WHERE id = 84473,1169245,22
SELECT * FROM orders WHERE total > 69330,4658135,48
SELECT * FROM products WHERE category = 'books',1720295,16
SELECT * FROM users WHERE id = 29335,928265,9
SELECT * FROM users WHERE id = 75783,1109874,12
"SELECT * FROM orders WHERE status IN ('delivered', 'returned', 'delivered', 'delivered')",2223739,30
SELECT * FROM users WHERE id = 68737,1171701,22
SELECT * FROM users WHERE id = 21252,1198328,17
SELECT * FROM orders WHERE total > 42546,4373011,54
"SELECT * FROM users WHERE id IN (628, 855, 464, 986)",1049624,8
SELECT * FROM users WHERE id = 96357,1152823,18
SELECT * FROM users WHERE id = 81693,804368,6
SELECT * FROM orders WHERE total > 86203,4181175,36
SELECT * FROM orders WHERE total > 86348,4262715,45
SELECT * FROM users WHERE id = 59757,858468,18
SELECT COUNT(*) FROM events WHERE month = 'Apr',10283606,114
SELECT * FROM orders WHERE total > 71578,4689407,48
SELECT * FROM orders WHERE total > 78791,5787572,72
SELECT * FROM products WHERE category = 'toys',1887877,30
SELECT * FROM users WHERE id = 68994,1146899,14
SELECT * FROM users WHERE id = 9066,877278,20
SELECT * FROM orders WHERE total > 37412,4458029,54
SELECT * FROM orders WHERE status IN ('delivered'),2946392,35
SELECT * FROM orders WHERE total > 94633,5701032,59
SELECT * FROM orders WHERE total > 35385,5996451,59
"SELECT * FROM orders WHERE status IN ('returned', 'pending')",2509317,30
SELECT * FROM products WHERE category = 'electronics',2443069,23
SELECT COUNT(*) FROM events WHERE month = 'Mar',11119010,108
SELECT COUNT(*) FROM events WHERE month = 'Jan',11194610,113
SELECT * FROM users WHERE id = 40256,1078555,11
SELECT * FROM orders WHERE total > 32467,5686137,61
SELECT * FROM orders WHERE total > 68646,4798512,43
"SELECT * FROM orders WHERE status IN ('cancelled', 'returned', 'pending')",2447743,33
SELECT * FROM users WHERE id = 88050,983444,21
SELECT * FROM orders WHERE total > 66794,5793970,59
"SELECT * FROM users WHERE id IN (969, 517)",1307270,18
"SELECT * FROM users WHERE id IN (655, 4, 745, 183)",1296236,20
SELECT * FROM orders WHERE total > 5162,4264479,50
SELECT * FROM users WHERE id = 91937,1051375,7
"SELECT * FROM orders WHERE status IN ('cancelled', 'delivered', 'shipped', 'delivered')",2032508,16
SELECT * FROM orders WHERE total > 91456,5134515,54
SELECT * FROM orders WHERE total > 78501,4763261,59
SELECT COUNT(*) FROM events WHERE month = 'Apr',10646101,120
SELECT * FROM orders WHERE total > 29654,4241772,51
SELECT * FROM users WHERE id = 21271,976201,18
SELECT COUNT(*) FROM events WHERE month = 'Mar',9739555,110
"SELECT * FROM orders WHERE status IN ('shipped', 'shipped', 'shipped')",2627107,37
SELECT * FROM orders WHERE total > 38224,4255638,51
SELECT COUNT(*) FROM events WHERE month = 'Mar',9244979,102
"SELECT user_id, SUM(total) FROM orders WHERE region = 'toys' GROUP BY user_id",7590056,76
SELECT * FROM users WHERE id = 17484,1122579,13
SELECT * FROM users WHERE id = 30772,944757,24
SELECT * FROM orders WHERE total > 61358,5016297,59
SELECT * FROM products WHERE category = 'auto',2020455,35
SELECT * FROM users WHERE id = 28079,985358,18
SELECT * FROM orders WHERE total > 54631,4486123,53
SELECT * FROM users WHERE id = 26751,1004477,18
SELECT * FROM products WHERE category = 'garden',2117276,31
SELECT COUNT(*) FROM events WHERE month = 'Feb',10858335,104
SELECT * FROM sessions WHERE duration > 17692,4098087,50
SELECT * FROM users WHERE id = 28012,955926,11
SELECT * FROM users WHERE id = 44977,1111029,18
SELECT * FROM products WHERE category = 'auto',1949264,17
SELECT COUNT(*) FROM events WHERE month = 'Jan',10896687,123
SELECT * FROM users WHERE id = 80813,969306,24
SELECT COUNT(*) FROM events WHERE month = 'May',11105348,118
SELECT COUNT(*) FROM events WHERE month = 'Mar',9781556,112
SELECT * FROM orders WHERE total > 93881,4965086,64
SELECT COUNT(*) FROM events WHERE month = 'Mar',10476816,103
SELECT COUNT(*) FROM events WHERE month = 'Apr',11549975,110
"SELECT * FROM users WHERE id IN (166, 425)",1136167,6
SELECT * FROM users WHERE id = 99925,1104282,6
SELECT * FROM users WHERE id = 21802,1029665,6
SELECT * FROM orders WHERE total > 96607,5252650,57
SELECT * FROM users WHERE id = 1203,1120588,26
SELECT * FROM orders WHERE total > 80111,4316789,49
SELECT * FROM orders WHERE total > 10033,4941046,53
SELECT * FROM users WHERE id IN (633),1469360,12
SELECT * FROM users WHERE id = 30673,973949,18
SELECT COUNT(*) FROM events WHERE month = 'Apr',10983343,113
SELECT * FROM orders WHERE total > 6023,5425881,55
SELECT * FROM users WHERE id = 71208,824153,4
"SELECT user_id, SUM(total) FROM orders WHERE region = 'auto' GROUP BY user_id",9885972,93
SELECT * FROM users WHERE id = 97269,939771,18
SELECT * FROM orders WHERE total > 7598,5383982,66
SELECT * FROM users WHERE id = 29978,817586,11
"SELECT * FROM users WHERE id IN (634, 812, 864, 862)",1224192,8
SELECT * FROM users WHERE id = 80236,940504,16
SELECT COUNT(*) FROM events WHERE month = 'Mar',9067059,101
SELECT * FROM orders WHERE total > 97278,4249013,42
SELECT * FROM orders WHERE total > 55815,4777718,47
SELECT * FROM orders WHERE total > 1443,4584719,50
SELECT * FROM orders WHERE total > 2319,4905381,49
SELECT COUNT(*) FROM events WHERE month = 'Feb',10646185,106
SELECT COUNT(*) FROM events WHERE month = 'Apr',9871498,112
SELECT COUNT(*) FROM events WHERE month = 'Jun',10105471,110
SELECT * FROM users WHERE id = 2863,1145690,15
"SELECT * FROM users WHERE id IN (125, 605, 15, 165)",1400456,24
SELECT * FROM users WHERE id = 66154,989923,5
SELECT * FROM users WHERE id = 99254,968797,19
"SELECT user_id, SUM(total) FROM orders WHERE region = 'electronics' GROUP BY user_id",8678444,86
SELECT * FROM orders WHERE total > 86828,5620452,65
"SELECT user_id, SUM(total) FROM orders WHERE region = 'toys' GROUP BY user_id",9752577,100
SELECT * FROM users WHERE id = 22237,944237,23
SELECT * FROM products WHERE category = 'books',2276710,21
SELECT * FROM orders WHERE total > 98543,5845768,60
"SELECT * FROM orders WHERE status IN ('cancelled', 'pending', 'shipped', 'pending')",2025142,28
SELECT * FROM users WHERE id = 77049,976197,6
SELECT * FROM users WHERE id = 95238,887639,14
"SELECT name, email FROM users WHERE signup_date > '2025-01-01'",3289414,29
SELECT * FROM orders WHERE total > 80116,4283429,45
SELECT * FROM users WHERE id = 95898,811564,23
SELECT * FROM users WHERE id = 77163,981141,8
"SELECT name, email FROM users WHERE signup_date > '2025-06-20'",2071609,24
"SELECT * FROM users WHERE id IN (548, 321, 693, 25, 60)",1474641,29
"SELECT * FROM users WHERE id IN (688, 262, 202, 139, 555)",1163656,17
SELECT * FROM users WHERE id = 43484,1034591,14
SELECT * FROM sessions WHERE duration > 4697,3062820,40
SELECT * FROM users WHERE id = 24548,869193,7
SELECT * FROM orders WHERE total > 70270,5338179,56
SELECT * FROM users WHERE id = 38841,943181,4
SELECT * FROM sessions WHERE duration > 16690,3297478,41
SELECT * FROM orders WHERE total > 12403,4635161,42
"SELECT * FROM orders WHERE status IN ('delivered', 'cancelled', 'cancelled', 'pending')",2961582,24
SELECT * FROM users WHERE id = 50336,855937,19
SELECT * FROM users WHERE id = 18630,904466,6
SELECT * FROM users WHERE id = 17253,1028310,16
SELECT * FROM users WHERE id = 12611,1138670,22
"SELECT * FROM users WHERE id IN (427, 764)",1138702,24
SELECT * FROM users WHERE id = 76698,1178044,22
SELECT * FROM users WHERE id = 87163,843571,6
SELECT * FROM orders WHERE total > 32755,4525310,43
SELECT * FROM orders WHERE total > 4170,4721836,49
"SELECT name, email FROM users WHERE signup_date > '2025-09-10'",2126690,25
SELECT * FROM users WHERE id = 44096,883910,19
"SELECT * FROM orders WHERE status IN ('delivered', 'delivered', 'shipped', 'pending')",2048285,31
SELECT * FROM users WHERE id = 65908,1051277,16
SELECT * FROM users WHERE id = 85776,1196617,21
SELECT * FROM users WHERE id = 92806,867820,17
SELECT COUNT(*) FROM events WHERE month = 'Mar',10808735,119
SELECT * FROM products WHERE category = 'books',1747937,24
SELECT * FROM orders WHERE total > 57646,5305763,57
SELECT * FROM orders WHERE total > 58676,4651738,48
SELECT * FROM users WHERE id = 41359,1000419,15
SELECT * FROM users WHERE id = 38909,1166203,8
SELECT COUNT(*) FROM events WHERE month = 'Jan',9581945,101
SELECT * FROM orders WHERE total > 3620,4531686,60
SELECT COUNT(*) FROM events WHERE month = 'Apr',11917290,124
SELECT * FROM users WHERE id = 54071,1050311,21
SELECT COUNT(*) FROM events WHERE month = 'Apr',9920142,101
SELECT * FROM products WHERE category = 'garden',2007359,24
SELECT * FROM users WHERE id = 49737,860687,23
SELECT * FROM users WHERE id = 95527,888838,5
SELECT * FROM orders WHERE total > 75155,4861402,60
SELECT * FROM users WHERE id = 53000,866751,12
SELECT * FROM users WHERE id = 66466,996691,5
SELECT COUNT(*) FROM events WHERE month = 'Feb',10436243,112
"SELECT name, email FROM users WHERE signup_date > '2025-03-15'",3406718,30
SELECT * FROM users WHERE id = 25956,861813,15
SELECT * FROM users WHERE id = 26809,897763,3
SELECT * FROM users WHERE id = 42800,1168912,9
SELECT * FROM users WHERE id = 33756,1175775,12
SELECT COUNT(*) FROM events WHERE month = 'Jun',9413107,90
SELECT COUNT(*) FROM events WHERE month = 'May',9778462,105
SELECT * FROM users WHERE id = 28047,1035601,17
SELECT * FROM orders WHERE total > 77326,4446326,49
SELECT COUNT(*) FROM events WHERE month = 'Mar',11846322,118
SELECT * FROM orders WHERE total > 49258,4757021,48
SELECT * FROM orders WHERE total > 28816,4071439,55
SELECT * FROM orders WHERE total > 46609,5757047,63
SELECT * FROM users WHERE id = 45932,817258,10
SELECT COUNT(*) FROM events WHERE month = 'Mar',10046264,100
SELECT * FROM users WHERE id = 35901,1110438,25
SELECT * FROM orders WHERE total > 96447,4463345,51
SELECT * FROM orders WHERE total > 33696,4631455,58
"SELECT * FROM users WHERE id IN (726, 761)",1294964,20
"SELECT name, email FROM users WHERE signup_date > '2025-06-20'",2822697,28
SELECT * FROM products WHERE category = 'electronics',1632543,17
SELECT * FROM users WHERE id = 94198,1082070,7
"SELECT user_id, SUM(total) FROM orders WHERE region = 'electronics' GROUP BY user_id",8629317,96
"SELECT * FROM users WHERE id IN (876, 743)",1176718,7
"SELECT user_id, SUM(total) FROM orders WHERE region = 'garden' GROUP BY user_id",9320152,101
"SELECT * FROM users WHERE id IN (937, 678, 829, 730)",1065616,12
SELECT * FROM orders WHERE total > 74330,4958004,50
SELECT * FROM products WHERE category = 'auto',1578142,16
SELECT * FROM orders WHERE total > 57060,5532265,54
SELECT * FROM orders WHERE total > 28296,4960818,47
SELECT * FROM orders WHERE total > 93410,4374755,40
SELECT * FROM orders WHERE total > 24440,4429783,45
SELECT * FROM orders WHERE total > 97265,4174615,50
SELECT * FROM users WHERE id = 25940,1149735,18
SELECT COUNT(*) FROM events WHERE month = 'Jan',10178210,99
SELECT * FROM orders WHERE total > 2083,5967658,64
SELECT * FROM orders WHERE total > 79227,5709810,72
SELECT COUNT(*) FROM events WHERE month = 'Jan',9359995,91
SELECT * FROM sessions WHERE duration > 94765,3286832,40
SELECT * FROM users WHERE id = 78348,1192587,15
SELECT * FROM users WHERE id = 49760,1167911,24
SELECT * FROM users WHERE id = 59814,1173362,11
SELECT * FROM users WHERE id = 4357,1098651,11
SELECT * FROM users WHERE id = 42884,1025088,12
"SELECT user_id, SUM(total) FROM orders WHERE region = 'garden' GROUP BY user_id",9550963,94
SELECT * FROM users WHERE id = 19331,1017426,21
SELECT * FROM users WHERE id = 74251,924364,8
SELECT * FROM users WHERE id = 79864,949411,13
SELECT * FROM users WHERE id = 61609,1111044,10
"SELECT * FROM users WHERE id IN (441, 331, 897, 421, 85)",1073103,18
SELECT * FROM products WHERE category = 'garden',1882860,32
SELECT * FROM users WHERE id = 20855,1045476,11
SELECT * FROM orders WHERE total > 90047,5020801,48
SELECT COUNT(*) FROM events WHERE month = 'Feb',10090884,97
SELECT * FROM users WHERE id = 32228,1060839,18
SELECT * FROM users WHERE id = 13633,1086684,10
SELECT * FROM products WHERE category = 'auto',2470330,24
"SELECT * FROM users WHERE id IN (367, 257, 99, 214)",1232478,27
SELECT COUNT(*) FROM events WHERE month = 'Jun',10350989,108
SELECT * FROM users WHERE id = 4758,905004,16
SELECT * FROM sessions WHERE duration > 46025,3935263,52
"SELECT * FROM users WHERE id IN (223, 401, 118, 576)",1106049,17
SELECT * FROM users WHERE id = 96139,893052,15
SELECT * FROM users WHERE id = 65908,1047944,10
SELECT * FROM users WHERE id IN (451),1272826,23
SELECT * FROM users WHERE id = 65473,1103452,24
SELECT * FROM users WHERE id = 64902,942342,5
SELECT * FROM users WHERE id = 56785,929264,24
SELECT * FROM orders WHERE total > 251,4059244,50
SELECT * FROM users WHERE id = 91807,988597,16
SELECT * FROM users WHERE id = 10294,1141450,9
SELECT * FROM users WHERE id = 58447,959757,23
SELECT * FROM users WHERE id = 48707,1060132,11
SELECT * FROM orders WHERE total > 13826,5050373,62
SELECT * FROM users WHERE id = 43080,1183247,9
"SELECT name, email FROM users WHERE signup_date > '2025-01-01'",3734405,45
SELECT * FROM users WHERE id = 29596,826590,12
SELECT * FROM orders WHERE total > 64583,5758342,56
"SELECT name, email FROM users WHERE signup_date > '2025-06-20'",2293507,26
SELECT * FROM users WHERE id = 1344,1081187,5
SELECT * FROM orders WHERE total > 65246,5790550,61
SELECT * FROM users WHERE id IN (626),1219777,24
"SELECT * FROM users WHERE id IN (441, 800, 825, 681, 766)",1291037,18
SELECT * FROM users WHERE id = 82188,891621,7
SELECT * FROM orders WHERE total > 45081,4205149,51
SELECT * FROM orders WHERE total > 86130,4730949,56
SELECT * FROM users WHERE id = 29030,1040280,13
"SELECT * FROM users WHERE id IN (38, 849, 676, 880)",1332280,21
"SELECT * FROM users WHERE id IN (630, 839, 164)",1497950,13
SELECT * FROM users WHERE id = 20559,1075227,6
SELECT * FROM users WHERE id = 45790,1061227,19
"SELECT name, email FROM users WHERE signup_date > '2025-01-01'",2907740,38
SELECT * FROM users WHERE id = 18767,903504,7
SELECT * FROM orders WHERE total > 7340,4669944,49
SELECT * FROM users WHERE id = 53481,909728,12
SELECT COUNT(*) FROM events WHERE month = 'Jan',11318284,123
"SELECT name, email FROM users WHERE signup_date > '2025-06-20'",2888507,30
SELECT * FROM sessions WHERE duration > 51615,4984824,63
SELECT * FROM orders WHERE total > 4609,4412030,42
SELECT * FROM orders WHERE total > 54081,5410683,60
SELECT * FROM users WHERE id = 95308,1067941,16
SELECT * FROM users WHERE id = 83633,1055073,23
SELECT * FROM users WHERE id = 47633,1173651,9
SELECT COUNT(*) FROM events WHERE month = 'Mar',10921650,118
"SELECT name, email FROM users WHERE signup_date > '2025-01-01'",3389992,29
SELECT * FROM users WHERE id = 25373,901369,19
SELECT COUNT(*) FROM events WHERE month = 'Feb',10816338,106
SELECT * FROM orders WHERE total > 5813,4968803,57
SELECT COUNT(*) FROM events WHERE month = 'May',11399841,115
SELECT * FROM users WHERE id = 37323,865536,8
SELECT * FROM users WHERE id = 45623,1021734,15
SELECT COUNT(*) FROM events WHERE month = 'Jan',9952453,94
SELECT * FROM users WHERE id = 70534,952740,8
SELECT * FROM orders WHERE total > 3393,4940316,46
SELECT * FROM users WHERE id = 72693,1102088,14
SELECT COUNT(*) FROM events WHERE month = 'Feb',10842788,115
SELECT * FROM orders WHERE total > 97874,5064075,52
SELECT * FROM users WHERE id IN (6),1025351,19
SELECT * FROM orders WHERE status IN ('cancelled'),2105035,32
SELECT * FROM users WHERE id = 54773,1074021,24
"SELECT name, email FROM users WHERE signup_date > '2025-03-15'",2345703,20
SELECT * FROM orders WHERE total > 6407,4267135,42
"SELECT name, email FROM users WHERE signup_date > '2025-01-01'",2412334,29
SELECT * FROM users WHERE id = 1281,862698,23
SELECT * FROM users WHERE id = 35404,1103503,13
"SELECT user_id, SUM(total) FROM orders WHERE region = 'electronics' GROUP BY user_id",9811329,101
SELECT * FROM orders WHERE total > 42463,4701775,54
SELECT * FROM users WHERE id = 56651,1033040,5
"SELECT user_id, SUM(total) FROM orders WHERE region = 'electronics' GROUP BY user_id",9673215,108
SELECT * FROM orders WHERE total > 37522,4857148,59
SELECT COUNT(*) FROM events WHERE month = 'May',9882032,94
SELECT * FROM orders WHERE total > 79761,5191442,62
SELECT * FROM users WHERE id = 22218,853216,12
SELECT * FROM users WHERE id = 642,931986,12
SELECT * FROM users WHERE id = 3310,834242,17
SELECT * FROM products WHERE category = 'toys',2053773,29
SELECT * FROM users WHERE id = 32109,1094733,19
SELECT * FROM users WHERE id = 202,810402,11
SELECT * FROM orders WHERE total > 51509,4611198,55
"SELECT * FROM users WHERE id IN (983, 941)",1104517,17
SELECT * FROM orders WHERE total > 94669,5553319,53
"SELECT * FROM users WHERE id IN (134, 301, 136, 277, 803)",1031508,19
SELECT * FROM orders WHERE total > 4152,4328867,49
SELECT * FROM orders WHERE total > 26945,4242985,44
SELECT * FROM users WHERE id = 10267,1153937,14
SELECT * FROM users WHERE id = 31225,882905,17
SELECT * FROM users WHERE id = 26336,835856,11
"SELECT * FROM users WHERE id IN (804, 682, 129, 409)",1228245,24
SELECT COUNT(*) FROM events WHERE month = 'Jun',9203439,99
"SELECT user_id, SUM(total) FROM orders WHERE region = 'auto' GROUP BY user_id",9020540,94
SELECT * FROM orders WHERE total > 43560,4006834,39
SELECT * FROM orders WHERE total > 92374,4804788,57
SELECT * FROM users WHERE id = 55132,1063745,6
SELECT * FROM orders WHERE total > 45854,4825220,56
SELECT * FROM products WHERE category = 'books',2463935,19
SELECT * FROM users WHERE id = 73578,862457,8
"SELECT * FROM orders WHERE status IN ('shipped', 'returned', 'shipped', 'cancelled')",2960266,27
"SELECT user_id, SUM(total) FROM orders WHERE region = 'electronics' GROUP BY user_id",9732905,92
SELECT * FROM orders WHERE total > 40560,4666938,46
SELECT COUNT(*) FROM events WHERE month = 'Jan',11004355,119
"SELECT * FROM users WHERE id IN (901, 678)",1419075,25
SELECT * FROM products WHERE category = 'auto',2448371,38
SELECT * FROM sessions WHERE duration > 12223,3368966,32
SELECT COUNT(*) FROM events WHERE month = 'Jun',11656142,112
SELECT * FROM orders WHERE total > 24505,5753589,57
SELECT * FROM orders WHERE total > 20218,4063364,47
SELECT * FROM orders WHERE total > 20693,5541284,62
SELECT * FROM users WHERE id = 49633,919750,23
"SELECT name, email FROM users WHERE signup_date > '2025-03-15'",2128495,17
"SELECT name, email FROM users WHERE signup_date > '2025-01-01'",2807990,23
SELECT * FROM orders WHERE total > 69378,4556996,54
SELECT * FROM orders WHERE total > 88136,4235891,44
SELECT COUNT(*) FROM events WHERE month = 'Jun',11041332,119
SELECT * FROM users WHERE id = 4029,882482,9
SELECT * FROM orders WHERE total > 29557,5003953,63
SELECT * FROM products WHERE category = 'books',2274308,25
SELECT * FROM users WHERE id IN (255),1105352,18
"SELECT name, email FROM users WHERE signup_date > '2025-09-10'",2317431,31
SELECT * FROM orders WHERE total > 51580,5008686,61
SELECT * FROM orders WHERE total > 14537,4689514,43
SELECT * FROM users WHERE id = 21688,955328,19
SELECT * FROM users WHERE id = 91290,1022034,15
"SELECT * FROM orders WHERE status IN ('delivered', 'cancelled', 'cancelled', 'delivered')",2188133,31
SELECT * FROM users WHERE id = 83506,1179730,26
SELECT COUNT(*) FROM events WHERE month = 'Feb',9256217,90
SELECT COUNT(*) FROM events WHERE month = 'Feb',9846137,95
SELECT * FROM users WHERE id = 30849,1022974,20
SELECT * FROM orders WHERE total > 50147,5167772,58
SELECT * FROM users WHERE id = 62043,906348,22
SELECT * FROM orders WHERE total > 45671,5360344,53
SELECT * FROM users WHERE id = 69715,1092634,13
SELECT * FROM orders WHERE total > 55676,4303749,50
"SELECT * FROM users WHERE id IN (110, 414)",1068560,22
"SELECT * FROM users WHERE id IN (821, 902, 351, 852)",1479307,9
SELECT COUNT(*) FROM events WHERE month = 'Apr',11005762,115
SELECT * FROM users WHERE id = 8989,1006288,12
SELECT * FROM users WHERE id = 59426,840247,4
SELECT * FROM products WHERE category = 'books',1584226,13
SELECT * FROM orders WHERE total > 31634,5262410,51
SELECT * FROM orders WHERE total > 57037,5733541,58
"SELECT name, email FROM users WHERE signup_date > '2025-03-15'",3586692,47
SELECT * FROM orders WHERE total > 88075,5022035,50
SELECT * FROM users WHERE id = 73130,1171768,19
SELECT * FROM products WHERE category = 'books',2384059,25
SELECT * FROM users WHERE id = 65213,1077534,20
SELECT * FROM users WHERE id = 62902,802435,6
SELECT * FROM users WHERE id = 27799,1159571,24
SELECT * FROM users WHERE id = 3306,1065087,23
"SELECT user_id, SUM(total) FROM orders WHERE region = 'books' GROUP BY user_id",7670706,80
"SELECT name, email FROM users WHERE signup_date > '2025-09-10'",2612261,40
SELECT COUNT(*) FROM events WHERE month = 'May',10663661,117
"SELECT * FROM users WHERE id IN (177, 752)",1482468,19
SELECT * FROM users WHERE id = 13036,1163343,21
SELECT * FROM users WHERE id = 88007,1008800,8
"SELECT name, email FROM users WHERE signup_date > '2025-09-10'",3055775,39
SELECT * FROM orders WHERE total > 23838,5784314,71
"SELECT * FROM users WHERE id IN (66, 218, 383, 363)",1124226,22
SELECT * FROM users WHERE id = 94289,1156273,13
SELECT * FROM users WHERE id = 56589,827844,7
SELECT * FROM users WHERE id = 67404,1024527,13
SELECT * FROM orders WHERE total > 53339,5856271,58
"SELECT name, email FROM users WHERE signup_date > '2025-06-20'",2382599,26
SELECT * FROM users WHERE id = 9197,844025,13
SELECT * FROM products WHERE category = 'toys',1857801,14
"SELECT * FROM users WHERE id IN (351, 465, 960)",1418548,29
SELECT * FROM users WHERE id = 10152,1177989,12
"SELECT * FROM users WHERE id IN (153, 440)",1423369,15
"SELECT name, email FROM users WHERE signup_date > '2025-09-10'",2321611,37
"SELECT user_id, SUM(total) FROM orders WHERE region = 'books' GROUP BY user_id",7843936,88
SELECT * FROM products WHERE category = 'garden',2346642,28
SELECT COUNT(*) FROM events WHERE month = 'May',11626771,127
SELECT * FROM sessions WHERE duration > 32597,3560478,30
SELECT * FROM orders WHERE total > 65465,5229166,47
SELECT * FROM orders WHERE total > 45936,4949212,47
SELECT * FROM users WHERE id = 76519,1038511,10
SELECT COUNT(*) FROM events WHERE month = 'Jun',11350287,113
"SELECT * FROM orders WHERE status IN ('delivered', 'cancelled')",2050797,19
SELECT * FROM users WHERE id = 43194,1114003,9
SELECT * FROM sessions WHERE duration > 73360,4615556,54
SELECT COUNT(*) FROM events WHERE month = 'Jun',11328499,123
SELECT * FROM users WHERE id = 20200,886993,6
SELECT * FROM users WHERE id = 83804,897602,23
SELECT COUNT(*) FROM events WHERE month = 'Feb',11469255,110
SELECT * FROM users WHERE id = 30098,945395,23
SELECT * FROM orders WHERE total > 60026,5714104,71
SELECT * FROM orders WHERE total > 57349,5284917,65
SELECT * FROM orders WHERE total > 19965,5802775,69
SELECT * FROM orders WHERE total > 14108,5143553,52
"SELECT name, email FROM users WHERE signup_date > '2025-09-10'",3824786,43
SELECT * FROM users WHERE id = 7794,875119,7
SELECT COUNT(*) FROM events WHERE month = 'Feb',10275599,115
SELECT COUNT(*) FROM events WHERE month = 'Apr',11864560,118
SELECT * FROM users WHERE id = 11624,1022491,9
SELECT * FROM users WHERE id = 70052,1197017,19
SELECT * FROM users WHERE id = 98290,807093,5
"SELECT user_id, SUM(total) FROM orders WHERE region = 'auto' GROUP BY user_id",9958916,98
SELECT COUNT(*) FROM events WHERE month = 'Mar',9518029,109
"SELECT name, email FROM users WHERE signup_date > '2025-01-01'",2515357,25
SELECT * FROM orders WHERE total > 67252,5151352,55
SELECT * FROM users WHERE id = 84144,1064868,18
SELECT * FROM users WHERE id = 78818,1058559,19
"SELECT user_id, SUM(total) FROM orders WHERE region = 'auto' GROUP BY user_id",7885275,83
SELECT * FROM orders WHERE total > 46716,5908512,57
SELECT * FROM orders WHERE total > 21856,5684431,61
SELECT * FROM sessions WHERE duration > 12710,4376658,46
"SELECT user_id, SUM(total) FROM orders WHERE region = 'books' GROUP BY user_id",9252308,104
SELECT * FROM orders WHERE total > 95159,5603712,62
"SELECT name, email FROM users WHERE signup_date > '2025-09-10'",2863782,36
SELECT COUNT(*) FROM events WHERE month = 'Mar',11207410,127
SELECT * FROM users WHERE id = 70145,980947,24
SELECT * FROM users WHERE id = 90092,1119138,14
SELECT * FROM products WHERE category = 'garden',1737934,24
SELECT * FROM users WHERE id = 91550,1163046,16
SELECT COUNT(*) FROM events WHERE month = 'Feb',9659456,98
SELECT * FROM users WHERE id = 72158,1083732,10
"SELECT name, email FROM users WHERE signup_date > '2025-06-20'",3684357,46
SELECT * FROM sessions WHERE duration > 44159,3237453,43
SELECT * FROM users WHERE id = 88351,976863,11
"SELECT * FROM users WHERE id IN (709, 116, 13, 40, 668)",1186177,25
SELECT * FROM orders WHERE total > 63772,4538783,41
SELECT * FROM sessions WHERE duration > 68967,3703203,39
SELECT COUNT(*) FROM events WHERE month = 'Jan',10726694,118
SELECT * FROM users WHERE id = 14063,909339,5
SELECT * FROM products WHERE category = 'books',1878711,22
SELECT COUNT(*) FROM events WHERE month = 'Jun',10810118,109
SELECT * FROM orders WHERE total > 6927,4092679,52
SELECT * FROM orders WHERE total > 55248,5091375,55
SELECT * FROM users WHERE id = 4203,1041389,8
SELECT * FROM orders WHERE total > 71546,4655738,44
SELECT * FROM users WHERE id = 30423,1189088,9
SELECT * FROM users WHERE id = 97525,971880,18
SELECT * FROM users WHERE id = 16743,1183624,20
SELECT * FROM orders WHERE total > 90627,4093708,43
SELECT * FROM users WHERE id = 55644,821425,5
SELECT * FROM users WHERE id = 4890,1124938,8
SELECT * FROM products WHERE category = 'electronics',1672195,20
SELECT * FROM orders WHERE total > 58903,5076013,61
SELECT * FROM users WHERE id = 47043,821124,5
"SELECT * FROM users WHERE id IN (986, 121, 23)",1002712,15
SELECT * FROM orders WHERE total > 19718,4914697,61
SELECT * FROM users WHERE id = 75026,1036083,10
SELECT COUNT(*) FROM events WHERE month = 'May',9933182,95
SELECT * FROM users WHERE id = 76260,816642,3
SELECT * FROM users WHERE id = 23195,1134913,13
"SELECT * FROM orders WHERE status IN ('delivered', 'shipped', 'cancelled')",2171338,24
SELECT * FROM users WHERE id = 45634,908449,19
SELECT * FROM users WHERE id = 71133,834043,18
SELECT * FROM users WHERE id = 84849,1115177,13
SELECT * FROM users WHERE id = 2474,1005137,20
SELECT * FROM users WHERE id = 26335,803889,13
"SELECT user_id, SUM(total) FROM orders WHERE region = 'electronics' GROUP BY user_id",8674930,86
SELECT * FROM orders WHERE status IN ('pending'),2706076,28
SELECT COUNT(*) FROM events WHERE month = 'Jun',11414496,117
SELECT * FROM orders WHERE total > 84792,4958527,56
SELECT * FROM orders WHERE total > 12629,5903007,54
SELECT * FROM users WHERE id = 23768,831125,21
SELECT * FROM products WHERE category = 'books',2461394,31
SELECT * FROM sessions WHERE duration > 59441,3418794,33
SELECT * FROM products WHERE category = 'toys',1955516,19
SELECT * FROM users WHERE id = 26700,1078299,23
SELECT * FROM orders WHERE total > 74281,4261648,55
SELECT * FROM users WHERE id = 68256,1011424,12
SELECT * FROM orders WHERE total > 31815,4957676,48
SELECT * FROM users WHERE id = 20085,899486,12
"SELECT user_id, SUM(total) FROM orders WHERE region = 'books' GROUP BY user_id",8077554,83
"SELECT user_id, SUM(total) FROM orders WHERE region = 'electronics' GROUP BY user_id",9512830,96
SELECT * FROM orders WHERE total > 10563,5381245,65
SELECT * FROM users WHERE id = 11830,1171886,20
SELECT * FROM orders WHERE total > 81810,5298583,67
SELECT * FROM products WHERE category = 'books',2434086,21
SELECT * FROM users WHERE id = 47263,823808,4
SELECT * FROM orders WHERE total > 40640,5188053,55
SELECT * FROM users WHERE id = 82845,858284,4
SELECT * FROM orders WHERE total > 14235,4208647,57
SELECT COUNT(*) FROM events WHERE month = 'Jan',11877927,130
SELECT * FROM orders WHERE total > 20081,4595246,40
SELECT * FROM orders WHERE total > 7677,4161111,51
"SELECT * FROM users WHERE id IN (568, 464)",1184261,19
SELECT COUNT(*) FROM events WHERE month = 'Mar',10369736,110
SELECT * FROM users WHERE id = 17256,1135959,17
SELECT * FROM orders WHERE total > 38081,4936809,57
SELECT * FROM users WHERE id = 44748,982664,13
SELECT COUNT(*) FROM events WHERE month = 'Apr',9492314,107
SELECT * FROM orders WHERE total > 55868,4066019,47
SELECT COUNT(*) FROM events WHERE month = 'Feb',10662508,105
"SELECT user_id, SUM(total) FROM orders WHERE region = 'auto' GROUP BY user_id",8898257,102
"SELECT * FROM users WHERE id IN (765, 269, 517, 227, 225)",1488111,17
SELECT * FROM users WHERE id = 77303,1171321,10
SELECT * FROM users WHERE id = 13769,1193166,9
SELECT * FROM users WHERE id IN (216),1250056,15
SELECT * FROM orders WHERE total > 51329,5981276,72
SELECT * FROM products WHERE category = 'garden',2385125,19
SELECT COUNT(*) FROM events WHERE month = 'Apr',10846685,113
SELECT * FROM users WHERE id = 34691,1049085,21
SELECT * FROM users WHERE id = 94628,899683,13
"SELECT name, email FROM users WHERE signup_date > '2025-09-10'",3286690,27
SELECT * FROM users WHERE id = 25891,951802,14
SELECT * FROM users WHERE id = 93908,1129458,24
SELECT * FROM sessions WHERE duration > 38156,3615047,39
SELECT * FROM orders WHERE total > 1299,4733997,47
SELECT * FROM users WHERE id = 36175,833090,15
SELECT * FROM products WHERE category = 'toys',1814634,29
SELECT * FROM products WHERE category = 'toys',2152354,26
SELECT * FROM products WHERE category = 'toys',1663772,16
SELECT * FROM orders WHERE total > 76035,5607089,51
SELECT * FROM users WHERE id = 90764,1001023,23
SELECT * FROM users WHERE id = 23205,1149250,8
SELECT * FROM users WHERE id = 1115,943121,13
SELECT * FROM users WHERE id = 335,922967,16
SELECT * FROM orders WHERE total > 60312,5356160,57
SELECT * FROM users WHERE id = 74735,1175064,10
SELECT * FROM products WHERE category = 'garden',2219805,18
"SELECT user_id, SUM(total) FROM orders WHERE region = 'auto' GROUP BY user_id",8986332,102
SELECT * FROM users WHERE id = 25838,842222,10
"SELECT * FROM users WHERE id IN (652, 247, 202)",1062120,21
SELECT * FROM products WHERE category = 'toys',1986782,18
SELECT * FROM users WHERE id = 62068,871434,22
SELECT * FROM orders WHERE total > 3992,4290061,56
SELECT * FROM orders WHERE total > 27416,5497395,57
"SELECT * FROM users WHERE id IN (738, 106)",1162295,12
SELECT * FROM orders WHERE total > 65588,5776004,64
"SELECT user_id, SUM(total) FROM orders WHERE region = 'garden' GROUP BY user_id",7457484,78
"SELECT * FROM users WHERE id IN (409, 378, 315, 990, 822)",1252826,12
SELECT * FROM products WHERE category = 'auto',2311410,20
SELECT * FROM users WHERE id = 83512,1010253,15
SELECT * FROM users WHERE id = 49060,1134341,23
SELECT * FROM users WHERE id = 58032,1025186,25
SELECT * FROM users WHERE id = 78454,904852,6
"SELECT user_id, SUM(total) FROM orders WHERE region = 'electronics' GROUP BY user_id",8301445,94
SELECT * FROM orders WHERE total > 25242,5452699,53
SELECT * FROM products WHERE category = 'books',2369891,25
SELECT COUNT(*) FROM events WHERE month = 'Jun',11583720,129
SELECT * FROM users WHERE id = 17828,1152881,10
SELECT * FROM sessions WHERE duration > 96704,4630564,42
SELECT * FROM users WHERE id = 15872,1062902,23
SELECT * FROM products WHERE category = 'books',1879943,17
SELECT * FROM users WHERE id = 5679,924690,15
SELECT * FROM orders WHERE total > 85373,4391813,40
SELECT * FROM users WHERE id = 78258,956952,5
"SELECT * FROM orders WHERE status IN ('shipped', 'pending', 'pending', 'delivered')",2307925,31
SELECT * FROM sessions WHERE duration > 91150,4779611,48
"SELECT name, email FROM users WHERE signup_date > '2025-01-01'",2233655,37
SELECT * FROM orders WHERE total > 83834,4014469,37
SELECT * FROM users WHERE id = 17464,960128,24
"SELECT name, email FROM users WHERE signup_date > '2025-06-20'",3797250,32
SELECT * FROM products WHERE category = 'auto',1588009,11
SELECT * FROM users WHERE id = 39721,998240,9
SELECT * FROM users WHERE id = 99261,956661,20
SELECT * FROM orders WHERE status IN ('returned'),2953918,25
SELECT * FROM orders WHERE total > 18013,4191851,39
SELECT * FROM users WHERE id = 18335,1014769,10
SELECT * FROM orders WHERE total > 86576,4150071,49
SELECT * FROM users WHERE id = 81705,807927,17
SELECT COUNT(*) FROM events WHERE month = 'Jun',11663671,115
"SELECT * FROM users WHERE id IN (244, 857, 391, 234)",1304748,11
"SELECT name, email FROM users WHERE signup_date > '2025-09-10'",2755488,38
SELECT * FROM users WHERE id = 40225,1061956,7
SELECT * FROM users WHERE id = 55117,877945,18
SELECT COUNT(*) FROM events WHERE month = 'Jan',11688815,128
"SELECT * FROM orders WHERE status IN ('delivered', 'pending', 'delivered', 'cancelled')",2769696,24
SELECT * FROM users WHERE id = 36223,1081228,16
SELECT * FROM users WHERE id = 43049,957182,22
SELECT * FROM users WHERE id = 49562,872086,10
SELECT * FROM users WHERE id = 24460,888118,4
SELECT * FROM orders WHERE total > 68895,5168097,64
SELECT * FROM users WHERE id = 32906,1103306,24
SELECT * FROM orders WHERE total > 17850,5427849,49
SELECT * FROM users WHERE id = 76507,898888,19
SELECT * FROM users WHERE id = 11562,979156,18
"SELECT user_id, SUM(total) FROM orders WHERE region = 'books' GROUP BY user_id",8696375,93
"SELECT name, email FROM users WHERE signup_date > '2025-01-01'",2812391,29
"SELECT * FROM orders WHERE status IN ('returned', 'delivered')",2053787,20
SELECT * FROM users WHERE id = 4943,1164238,10
SELECT COUNT(*) FROM events WHERE month = 'Mar',11609052,120
SELECT * FROM orders WHERE total > 67315,4201588,52
SELECT * FROM orders WHERE total > 64078,4853220,51
SELECT * FROM users WHERE id = 76524,1183209,12
SELECT * FROM users WHERE id = 24728,879015,23
SELECT * FROM users WHERE id = 33067,937077,17
SELECT * FROM products WHERE category = 'toys',2043906,26
SELECT COUNT(*) FROM events WHERE month = 'Jan',11211244,119
SELECT * FROM orders WHERE total > 94425,5515448,60
SELECT * FROM products WHERE category = 'auto',1562812,18
SELECT * FROM orders WHERE total > 28701,5318338,63
SELECT * FROM orders WHERE total > 89693,4034519,55
SELECT * FROM users WHERE id = 66579,981343,4
SELECT * FROM products WHERE category = 'electronics',1849252,20
SELECT * FROM orders WHERE total > 46039,4650089,50
"SELECT name, email FROM users WHERE signup_date > '2025-06-20'",2234322,28
SELECT * FROM users WHERE id = 95136,818543,18
"SELECT user_id, SUM(total) FROM orders WHERE region = 'books' GROUP BY user_id",9877737,112
SELECT * FROM orders WHERE total > 25841,4249200,44
SELECT * FROM users WHERE id = 86535,989042,9
SELECT COUNT(*) FROM events WHERE month = 'Feb',9700551,102
"SELECT user_id, SUM(total) FROM orders WHERE region = 'books' GROUP BY user_id",8326638,98
"SELECT * FROM users WHERE id IN (864, 953, 37, 848, 180)",1213790,17
SELECT * FROM users WHERE id = 76599,1066926,14
SELECT * FROM orders WHERE total > 62290,5503192,68
SELECT COUNT(*) FROM events WHERE month = 'May',9090338,85
SELECT * FROM users WHERE id = 78026,1026868,13
SELECT * FROM users WHERE id = 71494,1053896,5
SELECT * FROM products WHERE category = 'electronics',1657644,18
SELECT COUNT(*) FROM events WHERE month = 'Jan',11747560,123
SELECT * FROM users WHERE id = 8055,912762,4
SELECT COUNT(*) FROM events WHERE month = 'Mar',11885462,117
SELECT * FROM users WHERE id = 67791,955422,24
SELECT * FROM users WHERE id = 85058,961146,24
SELECT COUNT(*) FROM events WHERE month = 'Jun',11043912,124
SELECT COUNT(*) FROM events WHERE month = 'Jan',10556399,110
SELECT * FROM users WHERE id = 93392,1167945,8
"SELECT user_id, SUM(total) FROM orders WHERE region = 'garden' GROUP BY user_id",8900147,87
SELECT * FROM users WHERE id = 47995,978646,17
SELECT * FROM users WHERE id = 87089,1122934,13
SELECT * FROM users WHERE id IN (262),1318644,22
SELECT * FROM users WHERE id = 80004,1172220,6
SELECT * FROM users WHERE id = 26670,911125,11
SELECT * FROM orders WHERE status IN ('pending'),2967612,31
SELECT * FROM orders WHERE total > 17109,4359692,46
SELECT * FROM users WHERE id = 92360,910211,7
SELECT * FROM users WHERE id = 77409,827884,19
"SELECT user_id, SUM(total) FROM orders WHERE region = 'auto' GROUP BY user_id",7559241,74
SELECT COUNT(*) FROM events WHERE month = 'Feb',10674317,103
"SELECT * FROM orders WHERE status IN ('pending', 'returned', 'returned', 'cancelled')",2480156,38
SELECT * FROM products WHERE category = 'books',1627403,12
"SELECT name, email FROM users WHERE signup_date > '2025-01-01'",3271651,35
SELECT * FROM orders WHERE total > 36512,5762683,69
SELECT * FROM users WHERE id = 63500,897237,7
SELECT * FROM users WHERE id = 12913,1118176,17
SELECT * FROM users WHERE id = 40775,1002375,21
"SELECT name, email FROM users WHERE signup_date > '2025-06-20'",3655651,49
SELECT COUNT(*) FROM events WHERE month = 'Jun',10565568,120
SELECT COUNT(*) FROM events WHERE month = 'Jun',9880868,102
SELECT * FROM orders WHERE total > 89066,5348812,66
SELECT * FROM orders WHERE total > 49753,5461618,63
SELECT * FROM users WHERE id = 72247,943882,22
SELECT * FROM users WHERE id = 70791,959960,9
"SELECT * FROM users WHERE id IN (796, 267, 78, 417, 928)",1450256,17
SELECT COUNT(*) FROM events WHERE month = 'Apr',10645824,119
SELECT * FROM orders WHERE total > 12111,5047333,64
SELECT * FROM users WHERE id = 55890,840982,17
SELECT COUNT(*) FROM events WHERE month = 'Jun',10905572,106
SELECT * FROM users WHERE id = 61767,819107,11
SELECT * FROM users WHERE id = 42675,902663,8
"SELECT user_id, SUM(total) FROM orders WHERE region = 'toys' GROUP BY user_id",7037116,79
SELECT * FROM users WHERE id = 1355,997878,20
SELECT * FROM products WHERE category = 'garden',2398559,38
"SELECT name, email FROM users WHERE signup_date > '2025-03-15'",2749000,28
SELECT * FROM products WHERE category = 'books',2052004,30
SELECT * FROM orders WHERE total > 37835,4545682,40
SELECT * FROM users WHERE id = 69798,1068175,10
SELECT * FROM users WHERE id IN (865),1034173,20
"SELECT name, email FROM users WHERE signup_date > '2025-01-01'",2914861,43
SELECT * FROM products WHERE category = 'electronics',1814198,13
SELECT * FROM products WHERE category = 'auto',2268807,35
SELECT * FROM users WHERE id = 74745,1097617,22
SELECT * FROM products WHERE category = 'electronics',2350503,32
"SELECT * FROM orders WHERE status IN ('returned', 'shipped', 'returned')",2174537,31
"SELECT user_id, SUM(total) FROM orders WHERE region = 'electronics' GROUP BY user_id",8212519,94
"SELECT name, email FROM users WHERE signup_date > '2025-06-20'",2362357,21
SELECT * FROM orders WHERE total > 86381,5053436,59
SELECT COUNT(*) FROM events WHERE month = 'Jan',11817229,115
SELECT * FROM users WHERE id = 31774,1116952,6
SELECT * FROM users WHERE id = 59044,852297,10
SELECT * FROM users WHERE id = 9687,946725,7
SELECT * FROM users WHERE id = 84849,877350,16
SELECT COUNT(*) FROM events WHERE month = 'Feb',9002421,105
SELECT * FROM users WHERE id = 98200,975094,15
SELECT * FROM users WHERE id = 19102,968682,20
SELECT * FROM sessions WHERE duration > 30605,4404931,49
SELECT * FROM orders WHERE total > 98240,4193251,40
SELECT * FROM orders WHERE total > 23241,5536527,60
SELECT * FROM orders WHERE total > 11515,5940179,66
SELECT * FROM users WHERE id = 86566,998233,6
SELECT * FROM products WHERE category = 'electronics',2264040,34
SELECT COUNT(*) FROM events WHERE month = 'Jan',10357161,98
SELECT * FROM sessions WHERE duration > 31501,3903399,46
SELECT * FROM users WHERE id = 34735,848401,21
SELECT * FROM users WHERE id = 91035,1144921,9
SELECT * FROM users WHERE id = 61227,1189887,14
SELECT * FROM products WHERE category = 'electronics',2044309,35
"SELECT * FROM users WHERE id IN (573, 611, 49, 441, 519)",1008150,8
SELECT * FROM orders WHERE total > 18780,4995939,49
SELECT * FROM orders WHERE total > 46756,5046622,55
SELECT * FROM products WHERE category = 'books',2085154,31
SELECT * FROM orders WHERE total > 76136,5868462,72
SELECT * FROM users WHERE id = 63001,833158,14
"SELECT * FROM orders WHERE status IN ('cancelled', 'pending', 'shipped')",2819353,42
SELECT * FROM orders WHERE total > 35902,4279047,54
"SELECT name, email FROM users WHERE signup_date > '2025-01-01'",3505981,45
"SELECT * FROM users WHERE id IN (376, 22, 990, 540, 93)",1001093,22
"SELECT * FROM orders WHERE status IN ('shipped', 'cancelled')",2334330,27
SELECT * FROM users WHERE id = 22161,992799,4
SELECT * FROM users WHERE id = 51147,921080,22
SELECT * FROM products WHERE category = 'auto',1598728,26
SELECT COUNT(*) FROM events WHERE month = 'Apr',10953914,115
SELECT * FROM orders WHERE total > 37112,5336481,48
"SELECT name, email FROM users WHERE signup_date > '2025-01-01'",2200976,25
SELECT * FROM users WHERE id = 50748,879322,11
SELECT * FROM orders WHERE total > 20962,4724202,43
SELECT * FROM users WHERE id = 44476,1135080,17
"SELECT name, email FROM users WHERE signup_date > '2025-03-15'",3513681,38
"SELECT user_id, SUM(total) FROM orders WHERE region = 'auto' GROUP BY user_id",8793667,87
SELECT COUNT(*) FROM events WHERE month = 'Apr',10028544,107
SELECT * FROM users WHERE id = 17088,913042,20
SELECT * FROM users WHERE id = 60289,1141530,7
SELECT * FROM users WHERE id = 56823,1032414,18
SELECT * FROM orders WHERE total > 72405,4959787,57
SELECT COUNT(*) FROM events WHERE month = 'May',10421887,100
SELECT * FROM users WHERE id = 58654,1024917,21
SELECT * FROM products WHERE category = 'auto',1501001,28
SELECT * FROM orders WHERE status IN ('cancelled'),2652392,22
SELECT * FROM orders WHERE total > 43072,5906157,58
SELECT * FROM orders WHERE total > 82459,5680146,51
SELECT * FROM users WHERE id = 82162,931494,24
"SELECT * FROM users WHERE id IN (225, 834, 261)",1357575,18
"SELECT name, email FROM users WHERE signup_date > '2025-06-20'",2877562,37
SELECT * FROM products WHERE category = 'auto',2368858,34
SELECT * FROM users WHERE id = 38927,867443,22
SELECT * FROM orders WHERE total > 82388,4640791,61
SELECT * FROM users WHERE id = 96934,1038533,22
SELECT * FROM users WHERE id = 90019,998366,13
SELECT COUNT(*) FROM events WHERE month = 'Feb',11250892,113
SELECT COUNT(*) FROM events WHERE month = 'Apr',9959928,105
SELECT * FROM orders WHERE total > 47335,4759165,56
SELECT * FROM users WHERE id = 27343,1008737,19
SELECT * FROM orders WHERE total > 81662,4433923,46
SELECT * FROM users WHERE id = 35151,1069695,6
SELECT * FROM users WHERE id = 116,885271,6
SELECT * FROM users WHERE id = 32854,871042,21
"SELECT name, email FROM users WHERE signup_date > '2025-03-15'",2047394,35
SELECT COUNT(*) FROM events WHERE month = 'Apr',10181419,111
SELECT * FROM users WHERE id = 1139,1008106,5
SELECT * FROM users WHERE id = 21644,865796,22
"SELECT * FROM users WHERE id IN (140, 917)",1119351,19
"SELECT * FROM users WHERE id IN (578, 481, 394, 699, 229)",1205884,21
SELECT * FROM users WHERE id = 39141,1061043,17
SELECT * FROM users WHERE id = 61445,1064374,21
SELECT * FROM orders WHERE total > 30687,4612147,55
SELECT * FROM products WHERE category = 'garden',2388049,35
SELECT * FROM users WHERE id = 88728,1180796,21
SELECT * FROM users WHERE id = 82503,816360,9
SELECT * FROM users WHERE id = 73585,946194,19
"SELECT user_id, SUM(total) FROM orders WHERE region = 'books' GROUP BY user_id",9017295,98
SELECT * FROM products WHERE category = 'auto',1528101,29
"SELECT user_id, SUM(total) FROM orders WHERE region = 'garden' GROUP BY user_id",8439234,95
"SELECT * FROM users WHERE id IN (126, 112, 946, 744)",1436103,25
SELECT * FROM users WHERE id = 38129,959542,15
SELECT * FROM users WHERE id = 12691,1194594,8
SELECT * FROM users WHERE id = 354,996096,17
"SELECT name, email FROM users WHERE signup_date > '2025-01-01'",2408433,19
SELECT COUNT(*) FROM events WHERE month = 'Feb',9436930,104
SELECT * FROM orders WHERE total > 44789,4050455,37
SELECT * FROM users WHERE id = 23691,1075887,17
SELECT * FROM users WHERE id = 87749,916874,8
SELECT * FROM users WHERE id = 96778,1134796,22
SELECT * FROM orders WHERE total > 46207,5024002,57
"SELECT name, email FROM users WHERE signup_date > '2025-09-10'",3426411,49
SELECT * FROM users WHERE id = 21208,982581,15
SELECT * FROM orders WHERE total > 67220,4008489,53
SELECT COUNT(*) FROM events WHERE month = 'Apr',10888015,107
SELECT * FROM products WHERE category = 'toys',1970969,25
SELECT COUNT(*) FROM events WHERE month = 'Mar',9159885,95
SELECT * FROM users WHERE id = 51057,983950,22
SELECT * FROM orders WHERE total > 49655,5464987,62
SELECT COUNT(*) FROM events WHERE month = 'Feb',10463714,105
SELECT * FROM orders WHERE total > 21263,5542571,57
SELECT * FROM users WHERE id = 33746,1038758,20
"SELECT name, email FROM users WHERE signup_date > '2025-01-01'",2595220,39
SELECT * FROM orders WHERE total > 62793,4933203,55
SELECT * FROM users WHERE id = 16813,1172862,24
SELECT * FROM users WHERE id = 64143,883293,4
SELECT * FROM users WHERE id = 38588,899815,21
SELECT * FROM users WHERE id = 30774,855847,7
SELECT * FROM users WHERE id = 70839,984854,18
SELECT * FROM orders WHERE status IN ('returned'),2195457,24
"SELECT * FROM orders WHERE status IN ('pending', 'cancelled', 'cancelled')",2496812,24
SELECT * FROM users WHERE id = 83267,1007053,25
SELECT * FROM users WHERE id = 94916,879072,7
SELECT * FROM orders WHERE total > 9039,4081504,51
SELECT * FROM users WHERE id = 46871,1012656,12
SELECT * FROM products WHERE category = 'electronics',2240995,18
"SELECT * FROM users WHERE id IN (747, 880)",1259588,27
SELECT * FROM orders WHERE total > 40067,4671221,44
SELECT * FROM products WHERE category = 'garden',2130739,31
SELECT * FROM products WHERE category = 'books',2355105,20
SELECT * FROM orders WHERE total > 91149,4507705,56
SELECT * FROM orders WHERE total > 93984,4696056,56
SELECT * FROM sessions WHERE duration > 90272,4256841,53
SELECT COUNT(*) FROM events WHERE month = 'Mar',10260522,99
SELECT * FROM users WHERE id = 58388,976400,6
"SELECT name, email FROM users WHERE signup_date > '2025-03-15'",2220939,36
SELECT * FROM products WHERE category = 'books',1587438,15
SELECT COUNT(*) FROM events WHERE month = 'Apr',11985794,134
SELECT * FROM orders WHERE total > 22019,4635968,42
SELECT * FROM users WHERE id = 43819,1057923,9
SELECT * FROM users WHERE id = 78039,922335,5
"SELECT name, email FROM users WHERE signup_date > '2025-09-10'",3204770,37
SELECT * FROM users WHERE id = 15095,808989,13
SELECT * FROM orders WHERE total > 70423,4530445,55
SELECT * FROM users WHERE id = 3441,806134,9
"SELECT user_id, SUM(total) FROM orders WHERE region = 'garden' GROUP BY user_id",8449467,96
SELECT COUNT(*) FROM events WHERE month = 'May',9711959,105
SELECT * FROM users WHERE id = 90747,939678,5
SELECT * FROM products WHERE category = 'garden',2280394,32
SELECT * FROM users WHERE id = 84098,1196522,22
SELECT * FROM orders WHERE total > 17807,5188604,48
SELECT * FROM users WHERE id = 17669,1143303,12
SELECT * FROM users WHERE id = 844,922103,22
SELECT * FROM users WHERE id = 54781,997839,22
SELECT COUNT(*) FROM events WHERE month = 'Jun',11506092,127
SELECT * FROM sessions WHERE duration > 78031,4856143,52
SELECT * FROM users WHERE id = 98184,877016,5
SELECT COUNT(*) FROM events WHERE month = 'May',9815562,96
SELECT * FROM users WHERE id = 61958,1033448,15
SELECT * FROM products WHERE category = 'auto',1927410,29
SELECT * FROM users WHERE id = 27380,960236,11
SELECT * FROM users WHERE id = 86661,1170761,14
SELECT COUNT(*) FROM events WHERE month = 'Mar',10471143,112
SELECT * FROM users WHERE id = 13876,1070520,18
SELECT * FROM users WHERE id = 67791,828816,8
SELECT * FROM users WHERE id = 91244,892115,11
SELECT * FROM orders WHERE total > 79111,5136665,53
SELECT * FROM users WHERE id = 5899,867967,10
SELECT * FROM users WHERE id = 85845,1038042,6
SELECT * FROM users WHERE id = 91080,826945,19
SELECT * FROM users WHERE id IN (629),1470625,29
SELECT * FROM orders WHERE total > 99726,5889405,69
SELECT COUNT(*) FROM events WHERE month = 'May',9889865,108
"SELECT user_id, SUM(total) FROM orders WHERE region = 'electronics' GROUP BY user_id",8503869,93
"SELECT name, email FROM users WHERE signup_date > '2025-09-10'",3213091,47
SELECT * FROM users WHERE id = 62895,1134982,21
SELECT * FROM users WHERE id = 22757,1121651,22
SELECT COUNT(*) FROM events WHERE month = 'Jan',9015685,103
SELECT COUNT(*) FROM events WHERE month = 'May',9906783,96
SELECT * FROM users WHERE id = 48202,940071,24
SELECT * FROM users WHERE id = 75766,1102142,25
SELECT * FROM users WHERE id = 46215,923226,19
SELECT * FROM orders WHERE total > 4182,5629054,55
SELECT * FROM orders WHERE total > 28027,5331161,49
SELECT * FROM users WHERE id = 40384,833197,19
SELECT * FROM orders WHERE total > 27004,5473025,50
SELECT * FROM users WHERE id = 73093,810483,19
"SELECT * FROM orders WHERE status IN ('pending', 'returned', 'cancelled')",2458994,35
SELECT * FROM orders WHERE total > 56481,4655261,43
SELECT * FROM users WHERE id = 81129,1010350,10
SELECT * FROM users WHERE id = 84485,1108462,16
SELECT COUNT(*) FROM events WHERE month = 'Jun',9669971,102
SELECT * FROM users WHERE id = 67394,970864,18
SELECT * FROM orders WHERE total > 33167,4766289,58
SELECT * FROM users WHERE id = 13308,914962,16
SELECT * FROM users WHERE id = 81922,885453,21
SELECT * FROM users WHERE id = 54850,992812,18
SELECT * FROM users WHERE id = 2248,1050042,16
SELECT * FROM users WHERE id = 71464,1190705,13
SELECT * FROM users WHERE id = 97239,907037,10
"SELECT * FROM users WHERE id IN (582, 710, 584, 189)",1187302,9
SELECT * FROM orders WHERE total > 91005,5515383,61
SELECT * FROM users WHERE id = 48299,1035315,12
SELECT * FROM users WHERE id = 48815,1147225,14
SELECT * FROM users WHERE id = 98489,1115277,14
SELECT * FROM users WHERE id = 46169,1095116,9
SELECT * FROM orders WHERE total > 79701,4274058,38
SELECT * FROM users WHERE id = 58700,977482,16
SELECT * FROM users WHERE id = 30901,1016760,15
SELECT * FROM orders WHERE total > 38048,4937990,49
"SELECT user_id, SUM(total) FROM orders WHERE region = 'auto' GROUP BY user_id",8138571,92
SELECT * FROM users WHERE id = 42623,989152,7
SELECT * FROM orders WHERE total > 69974,5255834,64
"SELECT name, email FROM users WHERE signup_date > '2025-06-20'",3503374,38
SELECT * FROM users WHERE id = 29831,1038285,16
SELECT * FROM users WHERE id = 27136,930377,10
SELECT * FROM orders WHERE total > 49900,4142019,54
"SELECT name, email FROM users WHERE signup_date > '2025-09-10'",3961998,36
SELECT * FROM orders WHERE total > 41865,4546926,46
SELECT * FROM users WHERE id = 54133,1043432,25
"SELECT * FROM orders WHERE status IN ('returned', 'cancelled')",2739996,24
SELECT * FROM users WHERE id = 5456,910316,21
SELECT * FROM orders WHERE total > 32779,4083932,36
SELECT COUNT(*) FROM events WHERE month = 'Jan',9961053,97
SELECT * FROM products WHERE category = 'auto',1506304,15
SELECT * FROM orders WHERE total > 12310,4868800,60
SELECT * FROM users WHERE id = 21240,915728,7
"SELECT name, email FROM users WHERE signup_date > '2025-09-10'",3614358,45
SELECT * FROM users WHERE id = 93184,974268,14
SELECT * FROM orders WHERE total > 81471,5565567,60
SELECT * FROM orders WHERE total > 90378,5748861,60
SELECT COUNT(*) FROM events WHERE month = 'Jan',9231232,94
"SELECT * FROM users WHERE id IN (473, 561, 137, 341)",1085892,17
SELECT * FROM orders WHERE status IN ('cancelled'),2983359,25
SELECT * FROM users WHERE id = 60946,876163,6
SELECT * FROM orders WHERE total > 67325,4684794,58
"SELECT name, email FROM users WHERE signup_date > '2025-06-20'",2357496,38
"SELECT user_id, SUM(total) FROM orders WHERE region = 'toys' GROUP BY user_id",9331711,105
SELECT COUNT(*) FROM events WHERE month = 'May',11334116,114
"SELECT name, email FROM users WHERE signup_date > '2025-03-15'",3838783,44
SELECT * FROM users WHERE id = 15393,1124085,24
SELECT * FROM users WHERE id = 20180,963096,4
"SELECT * FROM users WHERE id IN (657, 715, 95, 92, 438)",1011986,18
SELECT COUNT(*) FROM events WHERE month = 'Jun',11126522,108
SELECT * FROM users WHERE id = 35422,1112976,13
"SELECT name, email FROM users WHERE signup_date > '2025-09-10'",2447253,24
SELECT * FROM users WHERE id = 7907,841905,11
SELECT * FROM orders WHERE total > 25886,4376989,43
SELECT * FROM users WHERE id = 99767,842187,9
SELECT * FROM products WHERE category = 'auto',1548786,17
SELECT * FROM orders WHERE total > 68062,4987603,52
SELECT COUNT(*) FROM events WHERE month = 'Jan',9085682,96
SELECT * FROM products WHERE category = 'toys',1604035,17
SELECT COUNT(*) FROM events WHERE month = 'Apr',9396486,91
"SELECT user_id, SUM(total) FROM orders WHERE region = 'electronics' GROUP BY user_id",8749889,93
SELECT * FROM users WHERE id = 506,1078599,23
SELECT * FROM orders WHERE total > 61187,4342507,49
SELECT * FROM orders WHERE total > 32118,5387767,54
SELECT * FROM products WHERE category = 'toys',2209122,18
"SELECT name, email FROM users WHERE signup_date > '2025-03-15'",2841472,42
"SELECT user_id, SUM(total) FROM orders WHERE region = 'toys' GROUP BY user_id",8555033,87
SELECT COUNT(*) FROM events WHERE month = 'Apr',10279449,115
"SELECT * FROM orders WHERE status IN ('shipped', 'pending', 'pending')",2552007,21
SELECT * FROM users WHERE id = 82052,1061547,20
SELECT * FROM users WHERE id = 31789,834026,21
SELECT * FROM orders WHERE total > 43672,4434335,57
SELECT COUNT(*) FROM events WHERE month = 'May',10543833,104
"SELECT name, email FROM users WHERE signup_date > '2025-01-01'",3635893,39
SELECT * FROM users WHERE id = 71129,893050,16
SELECT * FROM orders WHERE total > 19378,5735085,54
SELECT * FROM orders WHERE total > 91001,4779890,47
SELECT * FROM users WHERE id = 91415,1049715,23
SELECT * FROM users WHERE id = 30627,996418,16
SELECT * FROM orders WHERE total > 92479,4379472,57
SELECT COUNT(*) FROM events WHERE month = 'Feb',9024017,93
SELECT * FROM users WHERE id = 82612,1070021,23
SELECT * FROM sessions WHERE duration > 18586,3772743,42
SELECT * FROM users WHERE id = 19258,854493,8
SELECT * FROM users WHERE id = 36306,1179916,13
SELECT * FROM users WHERE id = 8561,1061510,18
SELECT * FROM users WHERE id = 79003,1145307,23
SELECT * FROM users WHERE id = 16856,997535,23
SELECT * FROM products WHERE category = 'toys',2111702,16
SELECT * FROM users WHERE id = 25068,1058960,12
SELECT * FROM orders WHERE status IN ('returned'),2579984,34
SELECT * FROM orders WHERE total > 8498,5052350,64
"SELECT * FROM orders WHERE status IN ('cancelled', 'cancelled', 'returned', 'returned')",2544451,32
SELECT COUNT(*) FROM events WHERE month = 'May',9144289,96
SELECT * FROM orders WHERE total > 38445,4201124,56
SELECT * FROM orders WHERE total > 63321,5445381,69
SELECT COUNT(*) FROM events WHERE month = 'May',11583157,110
SELECT * FROM orders WHERE total > 91699,5051716,48
SELECT * FROM products WHERE category = 'auto',2329149,18
SELECT * FROM users WHERE id = 17541,1028563,19
SELECT * FROM users WHERE id = 8045,1051601,22
SELECT * FROM products WHERE category = 'electronics',1679375,18
SELECT * FROM sessions WHERE duration > 42496,3882773,46
SELECT * FROM sessions WHERE duration > 84045,3921300,45
SELECT * FROM users WHERE id = 75866,1181452,23
"SELECT * FROM users WHERE id IN (38, 189)",1284038,15
SELECT * FROM orders WHERE total > 74894,5451253,54
SELECT * FROM orders WHERE total > 33014,4510237,44
SELECT * FROM orders WHERE total > 32654,4115659,52
SELECT * FROM users WHERE id = 69309,836169,19
SELECT * FROM products WHERE category = 'toys',2415687,35
SELECT * FROM users WHERE id = 99370,947583,22
SELECT * FROM users WHERE id = 19560,904618,24
SELECT * FROM orders WHERE status IN ('shipped'),2601513,22
"SELECT * FROM orders WHERE status IN ('delivered', 'pending')",2751795,40
SELECT * FROM orders WHERE total > 45359,5527940,68
"SELECT user_id, SUM(total) FROM orders WHERE region = 'electronics' GROUP BY user_id",9188272,95
SELECT COUNT(*) FROM events WHERE month = 'Jun',9698912,103
SELECT * FROM users WHERE id = 39627,936483,21
SELECT * FROM products WHERE category = 'electronics',2383612,31
SELECT COUNT(*) FROM events WHERE month = 'Jan',11799073,120
SELECT * FROM products WHERE category = 'toys',2387812,27
SELECT * FROM orders WHERE total > 93768,5590095,68
SELECT * FROM sessions WHERE duration > 54530,3279670,41
SELECT * FROM orders WHERE total > 6396,5780743,71
SELECT COUNT(*) FROM events WHERE month = 'Jan',11838025,119
SELECT COUNT(*) FROM events WHERE month = 'Feb',11356288,110
SELECT * FROM sessions WHERE duration > 38053,4689837,56
SELECT * FROM orders WHERE total > 67273,4814981,63
"SELECT * FROM orders WHERE status IN ('cancelled', 'returned', 'cancelled', 'delivered')",2812572,24
"SELECT name, email FROM users WHERE signup_date > '2025-03-15'",2672467,32
SELECT * FROM orders WHERE total > 46477,4355393,51
SELECT * FROM users WHERE id = 23907,950034,4
SELECT COUNT(*) FROM events WHERE month = 'Feb',9478217,108
SELECT * FROM users WHERE id = 66069,1058525,12
"SELECT * FROM users WHERE id IN (480, 698, 950)",1364930,11
SELECT * FROM users WHERE id = 71562,1042637,16
SELECT * FROM users WHERE id = 64002,1070176,5
SELECT * FROM users WHERE id = 49671,1144234,18
"SELECT * FROM users WHERE id IN (59, 539, 229)",1429566,28
SELECT * FROM users WHERE id = 45386,803788,18
SELECT COUNT(*) FROM events WHERE month = 'Jun',10728249,121
SELECT * FROM users WHERE id = 26344,998319,4
SELECT COUNT(*) FROM events WHERE month = 'Apr',9764375,109
"SELECT name, email FROM users WHERE signup_date > '2025-09-10'",3255521,40
SELECT * FROM orders WHERE status IN ('cancelled'),2160374,28
SELECT * FROM orders WHERE total > 99404,5086430,50
SELECT * FROM users WHERE id = 65745,1024761,9
SELECT * FROM sessions WHERE duration > 38519,4447002,45
SELECT * FROM orders WHERE status IN ('returned'),2716189,41
SELECT COUNT(*) FROM events WHERE month = 'Jun',9223101,105
SELECT * FROM users WHERE id IN (894),1311214,12
SELECT * FROM users WHERE id = 98110,1124680,13
"SELECT * FROM users WHERE id IN (296, 392, 274)",1431198,24
SELECT * FROM orders WHERE total > 23695,4465544,54
SELECT * FROM orders WHERE total > 80404,5115381,47
SELECT * FROM users WHERE id = 25448,1139313,6
SELECT * FROM products WHERE category = 'toys',2459228,35
SELECT COUNT(*) FROM events WHERE month = 'Feb',9867098,100
"SELECT * FROM users WHERE id IN (94, 609, 455, 418)",1325506,12
SELECT * FROM users WHERE id = 89567,904850,9
SELECT * FROM orders WHERE total > 40023,4729129,43
SELECT * FROM users WHERE id = 73250,999226,12
SELECT * FROM orders WHERE total > 28888,5616836,60
SELECT * FROM sessions WHERE duration > 83468,4285630,42
SELECT * FROM users WHERE id = 34771,1001964,15
SELECT * FROM sessions WHERE duration > 16216,4462582,40
SELECT * FROM orders WHERE total > 55054,5496542,63
SELECT COUNT(*) FROM events WHERE month = 'Feb',11979494,128
SELECT * FROM users WHERE id = 75347,1009878,18
SELECT * FROM users WHERE id = 68193,864974,13
SELECT * FROM orders WHERE total > 61017,4211727,45
SELECT * FROM users WHERE id = 38927,1111212,20
SELECT * FROM products WHERE category = 'auto',1615539,11
SELECT COUNT(*) FROM events WHERE month = 'May',11202500,113
SELECT COUNT(*) FROM events WHERE month = 'Mar',9920791,113
"SELECT user_id, SUM(total) FROM orders WHERE region = 'garden' GROUP BY user_id",9043078,105
SELECT * FROM orders WHERE total > 83601,4536034,57
SELECT * FROM users WHERE id = 1015,819806,3
SELECT * FROM sessions WHERE duration > 23327,4975947,63
SELECT * FROM users WHERE id = 37282,1010424,8
SELECT * FROM users WHERE id = 7307,1197094,6
"SELECT * FROM users WHERE id IN (752, 539, 320, 48)",1128136,21
SELECT * FROM orders WHERE total > 71911,4569672,58
SELECT * FROM orders WHERE total > 81244,5394148,49
SELECT * FROM orders WHERE total > 51086,5004622,45
SELECT * FROM products WHERE category = 'electronics',2152073,28
SELECT COUNT(*) FROM events WHERE month = 'May',9369506,106
"SELECT user_id, SUM(total) FROM orders WHERE region = 'auto' GROUP BY user_id",9860518,95
SELECT * FROM users WHERE id = 31236,1055087,24
SELECT * FROM orders WHERE total > 6870,5451724,56
SELECT * FROM orders WHERE total > 39830,5254649,56
SELECT COUNT(*) FROM events WHERE month = 'Jan',11883939,117
SELECT * FROM orders WHERE total > 58994,4056182,38
SELECT * FROM products WHERE category = 'books',2099854,15
SELECT * FROM users WHERE id = 61286,868660,9
SELECT * FROM products WHERE category = 'books',2307640,19
SELECT * FROM products WHERE category = 'auto',1685838,23
SELECT * FROM users WHERE id = 24969,864681,4
SELECT * FROM users WHERE id = 56109,976341,13
SELECT * FROM users WHERE id = 96445,1128684,15
SELECT * FROM orders WHERE total > 36428,4383192,38
SELECT * FROM users WHERE id = 74028,1184261,21
SELECT * FROM users WHERE id = 27814,904713,6
SELECT * FROM users WHERE id = 91745,853014,10
SELECT COUNT(*) FROM events WHERE month = 'Jan',9368886,103
SELECT * FROM users WHERE id = 60446,1144883,11
SELECT COUNT(*) FROM events WHERE month = 'Feb',10030966,113
SELECT COUNT(*) FROM events WHERE month = 'Mar',11672791,127
"SELECT * FROM users WHERE id IN (108, 850, 337, 436, 897)",1128825,9
SELECT * FROM products WHERE category = 'auto',2023137,22
SELECT * FROM orders WHERE status IN ('delivered'),2045834,25
SELECT * FROM products WHERE category = 'books',1671114,25
"SELECT user_id, SUM(total) FROM orders WHERE region = 'garden' GROUP BY user_id",7054399,70
SELECT * FROM users WHERE id = 74430,1129937,26
SELECT COUNT(*) FROM events WHERE month = 'Apr',11273783,113
"SELECT * FROM users WHERE id IN (648, 603, 724, 678, 244)",1359184,18
SELECT * FROM users WHERE id = 13457,1166972,21
SELECT * FROM users WHERE id = 30468,1063877,10
SELECT * FROM users WHERE id IN (365),1328115,18
SELECT * FROM orders WHERE total > 56092,5231463,50
SELECT * FROM products WHERE category = 'auto',2324074,29
"SELECT * FROM orders WHERE status IN ('returned', 'delivered', 'pending')",2159483,22
SELECT * FROM users WHERE id = 29395,1024112,14
SELECT * FROM users WHERE id = 99299,980947,23
SELECT * FROM products WHERE category = 'toys',1885527,31
SELECT COUNT(*) FROM events WHERE month = 'Mar',10464435,111
SELECT * FROM orders WHERE total > 10123,5629927,60
SELECT * FROM orders WHERE total > 86364,5553801,61
SELECT COUNT(*) FROM events WHERE month = 'May',10246524,117
SELECT * FROM users WHERE id = 76576,1065840,12
SELECT * FROM users WHERE id = 31757,840549,3
SELECT * FROM products WHERE category = 'auto',1578140,24
SELECT * FROM users WHERE id = 12002,1083360,7
"SELECT user_id, SUM(total) FROM orders WHERE region = 'toys' GROUP BY user_id",7493924,74
SELECT * FROM orders WHERE total > 25453,5646046,51
SELECT * FROM orders WHERE total > 4672,4863509,45
SELECT * FROM users WHERE id = 14890,1126306,24
SELECT * FROM users WHERE id = 16970,1029865,10
"SELECT * FROM users WHERE id IN (685, 587, 872, 556, 146)",1029073,10
"SELECT name, email FROM users WHERE signup_date > '2025-01-01'",3980735,36
SELECT * FROM orders WHERE total > 52016,4690054,54
SELECT * FROM users WHERE id = 89875,1132469,15
SELECT * FROM users WHERE id = 74127,1091801,18
"SELECT user_id, SUM(total) FROM orders WHERE region = 'auto' GROUP BY user_id",8238484,78
SELECT * FROM users WHERE id = 95417,1020660,23
SELECT * FROM users WHERE id = 92330,1103619,20
SELECT * FROM users WHERE id = 3663,1112404,8
SELECT COUNT(*) FROM events WHERE month = 'Feb',10331274,98
SELECT * FROM orders WHERE total > 16217,4293124,46
"SELECT * FROM orders WHERE status IN ('delivered', 'shipped', 'shipped', 'delivered')",2807093,23
SELECT * FROM products WHERE category = 'books',2265398,17
"SELECT * FROM orders WHERE status IN ('shipped', 'delivered', 'pending', 'pending')",2514100,36
SELECT * FROM users WHERE id = 13678,1163928,17
"SELECT name, email FROM users WHERE signup_date > '2025-09-10'",2300691,24
SELECT * FROM users WHERE id = 96714,862173,10
"SELECT user_id, SUM(total) FROM orders WHERE region = 'garden' GROUP BY user_id",9827609,113
"SELECT name, email FROM users WHERE signup_date > '2025-03-15'",3250702,29
"SELECT name, email FROM users WHERE signup_date > '2025-03-15'",3480149,37
SELECT * FROM orders WHERE total > 98308,4059168,36
SELECT * FROM users WHERE id = 30196,802935,10
SELECT * FROM orders WHERE total > 10124,4740472,49
SELECT COUNT(*) FROM events WHERE month = 'Mar',9739940,108
"SELECT * FROM users WHERE id IN (66, 462, 451, 661)",1265124,25
SELECT COUNT(*) FROM events WHERE month = 'Jan',11426281,115
SELECT * FROM users WHERE id = 18793,908861,15
SELECT COUNT(*) FROM events WHERE month = 'Feb',11935261,132
"SELECT name, email FROM users WHERE signup_date > '2025-06-20'",3941326,34
SELECT * FROM orders WHERE total > 77672,4257053,42
SELECT * FROM products WHERE category = 'toys',2227006,21
"SELECT user_id, SUM(total) FROM orders WHERE region = 'books' GROUP BY user_id",7534794,83
"SELECT * FROM users WHERE id IN (805, 454, 422, 825, 642)",1314638,27
SELECT * FROM users WHERE id = 20383,1069068,15
SELECT * FROM products WHERE category = 'auto',2209720,35
SELECT * FROM orders WHERE total > 49066,4803581,63
SELECT * FROM users WHERE id = 51819,1172723,18
SELECT * FROM users WHERE id = 63735,893614,15
SELECT * FROM users WHERE id = 11226,886434,19
SELECT * FROM orders WHERE total > 55073,5954892,66
SELECT * FROM orders WHERE total > 37173,4367679,39
SELECT COUNT(*) FROM events WHERE month = 'Feb',10687507,108
SELECT * FROM users WHERE id = 47733,962680,22
SELECT * FROM users WHERE id = 42891,994612,5
SELECT * FROM users WHERE id = 51275,1036868,15
SELECT * FROM orders WHERE total > 2976,4117345,55
SELECT * FROM sessions WHERE duration > 4687,4349152,49
SELECT * FROM products WHERE category = 'auto',1652933,17
SELECT * FROM users WHERE id = 52764,1102110,9
SELECT * FROM products WHERE category = 'garden',2013464,26
"SELECT * FROM users WHERE id IN (866, 134)",1188093,22
"SELECT user_id, SUM(total) FROM orders WHERE region = 'electronics' GROUP BY user_id",8064655,93
SELECT COUNT(*) FROM events WHERE month = 'May',11520428,120
SELECT * FROM orders WHERE total > 27435,5833186,54
SELECT * FROM orders WHERE total > 44291,5802262,58
SELECT COUNT(*) FROM events WHERE month = 'May',10430919,118
SELECT * FROM orders WHERE total > 44617,5947966,67
"SELECT user_id, SUM(total) FROM orders WHERE region = 'toys' GROUP BY user_id",7660926,80
"SELECT name, email FROM users WHERE signup_date > '2025-06-20'",3432950,34
"SELECT name, email FROM users WHERE signup_date > '2025-06-20'",3260194,44
SELECT * FROM products WHERE category = 'garden',2207111,25
SELECT * FROM users WHERE id = 65048,809361,21
SELECT * FROM users WHERE id = 63641,1100007,14
SELECT * FROM orders WHERE total > 55105,4026238,41
"SELECT name, email FROM users WHERE signup_date > '2025-01-01'",2369726,38
SELECT * FROM users WHERE id = 76239,1110209,14
SELECT * FROM orders WHERE total > 29406,5031920,58
SELECT * FROM users WHERE id = 57859,1099254,12
SELECT * FROM users WHERE id = 38999,1145491,18
SELECT * FROM orders WHERE total > 49742,4082168,47
SELECT * FROM products WHERE category = 'garden',1611219,29
SELECT * FROM orders WHERE total > 44053,4889575,55
"SELECT user_id, SUM(total) FROM orders WHERE region = 'auto' GROUP BY user_id",7552262,79
SELECT COUNT(*) FROM events WHERE month = 'Mar',10284530,115
SELECT * FROM users WHERE id = 93005,908290,13
SELECT * FROM users WHERE id = 30125,941404,8
"SELECT * FROM users WHERE id IN (863, 193, 945)",1099646,5
SELECT * FROM users WHERE id = 15846,832605,5
SELECT COUNT(*) FROM events WHERE month = 'Jan',9956381,108
SELECT COUNT(*) FROM events WHERE month = 'Feb',9496220,103
SELECT * FROM orders WHERE total > 89844,5754264,71
SELECT * FROM orders WHERE total > 31647,4246498,39
SELECT * FROM users WHERE id IN (566),1148013,20
SELECT * FROM products WHERE category = 'electronics',1856215,19
SELECT * FROM users WHERE id = 81203,1177426,16
SELECT * FROM products WHERE category = 'books',1817032,23
"SELECT user_id, SUM(total) FROM orders WHERE region = 'toys' GROUP BY user_id",9617601,97
SELECT * FROM users WHERE id IN (139),1319427,17
SELECT * FROM products WHERE category = 'electronics',1582756,28
SELECT * FROM users WHERE id = 9974,1105042,13
SELECT * FROM products WHERE category = 'toys',1794628,32
"SELECT name, email FROM users WHERE signup_date > '2025-01-01'",3887620,35
SELECT * FROM users WHERE id = 25609,831434,14
"SELECT name, email FROM users WHERE signup_date > '2025-09-10'",2887907,33
SELECT * FROM users WHERE id = 2065,1199957,10
SELECT COUNT(*) FROM events WHERE month = 'Mar',9722827,107
"SELECT * FROM orders WHERE status IN ('returned', 'cancelled', 'cancelled')",2745970,23
SELECT * FROM orders WHERE total > 63378,4292667,57
SELECT * FROM sessions WHERE duration > 36207,3510645,49
SELECT COUNT(*) FROM events WHERE month = 'Jan',11157182,114
SELECT COUNT(*) FROM events WHERE month = 'Apr',9238000,103
SELECT * FROM orders WHERE total > 74008,5723831,62
SELECT * FROM orders WHERE total > 82359,4455119,50
SELECT * FROM users WHERE id = 28379,971060,17
SELECT COUNT(*) FROM events WHERE month = 'Mar',11110482,118
SELECT COUNT(*) FROM events WHERE month = 'Jun',11500876,127
SELECT * FROM orders WHERE total > 516,5133857,66
SELECT COUNT(*) FROM events WHERE month = 'Feb',9897686,97
"SELECT name, email FROM users WHERE signup_date > '2025-01-01'",3702033,45
"SELECT user_id, SUM(total) FROM orders WHERE region = 'toys' GROUP BY user_id",8609710,82
SELECT * FROM users WHERE id = 37273,1176978,22
SELECT * FROM orders WHERE total > 2832,5902996,61
"SELECT * FROM users WHERE id IN (709, 872, 437, 296, 862)",1351679,12
SELECT * FROM users WHERE id = 67568,895778,20
SELECT * FROM users WHERE id = 23685,854449,21
SELECT * FROM users WHERE id = 81304,1035164,9
SELECT * FROM users WHERE id = 81089,988198,23
SELECT * FROM products WHERE category = 'books',1984840,18
"SELECT user_id, SUM(total) FROM orders WHERE region = 'garden' GROUP BY user_id",9295003,88
"SELECT * FROM users WHERE id IN (143, 283, 309, 62, 96)",1359142,10
SELECT * FROM users WHERE id = 27700,1107320,19
SELECT * FROM users WHERE id = 89406,803117,20
SELECT * FROM users WHERE id = 59626,912270,11
"SELECT * FROM users WHERE id IN (265, 686, 21, 567)",1404904,20
SELECT * FROM users WHERE id = 6349,975675,15
SELECT * FROM products WHERE category = 'auto',2471586,23
SELECT * FROM users WHERE id = 91521,1016794,20
SELECT COUNT(*) FROM events WHERE month = 'May',11991471,118
"SELECT user_id, SUM(total) FROM orders WHERE region = 'toys' GROUP BY user_id",8791155,91
"SELECT name, email FROM users WHERE signup_date > '2025-03-15'",3868810,51
SELECT COUNT(*) FROM events WHERE month = 'Apr',11384192,118
SELECT COUNT(*) FROM events WHERE month = 'Jun',9529532,109
SELECT COUNT(*) FROM events WHERE month = 'Mar',10262240,100
SELECT * FROM users WHERE id = 55874,1062129,22
SELECT COUNT(*) FROM events WHERE month = 'Jan',9490355,106
SELECT * FROM orders WHERE total > 64676,4472718,47
SELECT * FROM orders WHERE total > 68466,4156544,47
"SELECT name, email FROM users WHERE signup_date > '2025-03-15'",2954655,37
SELECT * FROM users WHERE id = 81780,936945,17
SELECT * FROM orders WHERE total > 11375,4891960,61
SELECT * FROM users WHERE id = 42420,956994,6
SELECT * FROM users WHERE id = 81752,1148690,15
SELECT * FROM users WHERE id = 37952,905627,5
SELECT * FROM users WHERE id = 56706,1136339,25
SELECT * FROM users WHERE id = 21222,1185513,11
"SELECT * FROM users WHERE id IN (159, 57, 146, 514, 684)",1368573,15
"SELECT user_id, SUM(total) FROM orders WHERE region = 'electronics' GROUP BY user_id",8582237,93
SELECT * FROM users WHERE id IN (155),1065872,6
SELECT * FROM orders WHERE total > 39263,5442683,64
SELECT * FROM users WHERE id = 92462,952874,8
SELECT * FROM users WHERE id = 34191,846633,8
SELECT * FROM orders WHERE total > 36670,5451128,64
SELECT * FROM products WHERE category = 'toys',1923571,25
SELECT * FROM users WHERE id = 88243,927700,18
SELECT * FROM users WHERE id = 21481,805033,20
SELECT * FROM users WHERE id = 94633,851897,21
SELECT * FROM users WHERE id = 97447,1191064,23
SELECT * FROM users WHERE id = 72435,912535,11
SELECT * FROM products WHERE category = 'books',1586310,26
SELECT COUNT(*) FROM events WHERE month = 'May',10894116,123
SELECT COUNT(*) FROM events WHERE month = 'May',10274670,108
SELECT * FROM users WHERE id = 81950,849721,8
SELECT * FROM orders WHERE total > 36067,4320563,43
SELECT * FROM users WHERE id = 68031,1114050,15
SELECT * FROM orders WHERE total > 3270,5344323,58
SELECT * FROM users WHERE id = 35965,946044,14
SELECT * FROM users WHERE id = 90727,1057078,22
SELECT COUNT(*) FROM events WHERE month = 'Jan',11664347,112
SELECT * FROM users WHERE id = 32622,997693,21
SELECT * FROM users WHERE id = 61213,882993,15
SELECT * FROM users WHERE id = 61418,1044983,21
SELECT * FROM orders WHERE status IN ('pending'),2227607,30
SELECT * FROM sessions WHERE duration > 20598,4391370,39
SELECT * FROM users WHERE id = 34894,930738,7
SELECT COUNT(*) FROM events WHERE month = 'Apr',9452736,104
SELECT * FROM users WHERE id = 42302,969193,23
"SELECT name, email FROM users WHERE signup_date > '2025-06-20'",3071356,28
SELECT * FROM users WHERE id = 91069,969223,13
SELECT * FROM orders WHERE total > 90402,4835898,58
SELECT * FROM products WHERE category = 'garden',2347117,23
SELECT * FROM users WHERE id = 84660,803563,5
SELECT COUNT(*) FROM events WHERE month = 'Feb',11012465,111
SELECT * FROM orders WHERE total > 40,5957294,63
SELECT COUNT(*) FROM events WHERE month = 'Apr',10060883,113
SELECT * FROM users WHERE id = 33594,824185,3
SELECT * FROM orders WHERE total > 32130,5961648,57
"SELECT user_id, SUM(total) FROM orders WHERE region = 'books' GROUP BY user_id",7156363,73
SELECT * FROM users WHERE id = 94203,1114602,20
SELECT COUNT(*) FROM events WHERE month = 'Jun',9131297,105
SELECT COUNT(*) FROM events WHERE month = 'Mar',10617004,108
SELECT * FROM orders WHERE total > 42436,5501421,52
SELECT * FROM orders WHERE total > 29390,5493887,60
SELECT * FROM users WHERE id = 5761,842854,11
"SELECT * FROM users WHERE id IN (393, 127, 438)",1370333,25
SELECT * FROM orders WHERE total > 21930,4490858,56
SELECT * FROM products WHERE category = 'toys',1874610,18
"SELECT user_id, SUM(total) FROM orders WHERE region = 'auto' GROUP BY user_id",8297054,90
SELECT * FROM orders WHERE total > 38141,5984569,61
SELECT * FROM orders WHERE total > 82468,4045700,55
SELECT * FROM products WHERE category = 'books',2125040,32
"SELECT name, email FROM users WHERE signup_date > '2025-01-01'",2621452,26
SELECT * FROM orders WHERE total > 69923,5645977,59
SELECT COUNT(*) FROM events WHERE month = 'Jun',11795057,129
SELECT * FROM users WHERE id = 1039,997670,13
SELECT * FROM users WHERE id = 57185,942902,22
SELECT * FROM users WHERE id = 42950,997732,16
SELECT * FROM orders WHERE total > 14261,4372010,49
SELECT * FROM users WHERE id = 24874,815316,7
"SELECT * FROM orders WHERE status IN ('returned', 'delivered', 'shipped')",2994138,39
SELECT * FROM orders WHERE total > 56748,4711050,43
SELECT * FROM users WHERE id = 32225,879597,11
SELECT * FROM orders WHERE total > 98421,4236771,39
SELECT * FROM users WHERE id = 13307,910039,12
SELECT * FROM users WHERE id = 37602,865011,18
"SELECT name, email FROM users WHERE signup_date > '2025-09-10'",2175621,20
SELECT * FROM users WHERE id = 90448,808451,16
SELECT * FROM orders WHERE total > 43121,4341213,43
"SELECT * FROM users WHERE id IN (659, 33, 641, 637)",1343935,19
SELECT * FROM users WHERE id = 70322,808445,17
SELECT * FROM users WHERE id IN (996),1194421,6
SELECT * FROM products WHERE category = 'books',2246966,29
SELECT * FROM users WHERE id = 58616,961178,4
SELECT * FROM users WHERE id = 58513,1169487,16
"SELECT name, email FROM users WHERE signup_date > '2025-01-01'",3627242,42
SELECT * FROM orders WHERE total > 15803,5752335,70
SELECT * FROM products WHERE category = 'garden',2084653,33
"SELECT user_id, SUM(total) FROM orders WHERE region = 'garden' GROUP BY user_id",7264382,82
SELECT * FROM orders WHERE total > 62387,4306716,39
SELECT * FROM orders WHERE total > 11203,5055927,65
SELECT COUNT(*) FROM events WHERE month = 'May',10571439,111
SELECT * FROM orders WHERE total > 94546,4431802,55
SELECT * FROM orders WHERE total > 61004,5264265,49
"SELECT name, email FROM users WHERE signup_date > '2025-09-10'",2992803,26
"SELECT user_id, SUM(total) FROM orders WHERE region = 'toys' GROUP BY user_id",9319987,104
SELECT * FROM orders WHERE total > 4990,5384258,64
SELECT * FROM orders WHERE total > 63517,4208864,43
SELECT * FROM users WHERE id = 97651,1153238,8
SELECT * FROM orders WHERE total > 53990,5614469,65
"SELECT user_id, SUM(total) FROM orders WHERE region = 'garden' GROUP BY user_id",8060658,94
SELECT * FROM orders WHERE total > 43324,4352289,46
SELECT * FROM orders WHERE total > 49367,5270731,50
"SELECT user_id, SUM(total) FROM orders WHERE region = 'toys' GROUP BY user_id",9286655,88
SELECT * FROM users WHERE id = 53494,811959,20
SELECT * FROM users WHERE id = 91646,995714,20
SELECT * FROM users WHERE id = 53769,945578,20
SELECT * FROM users WHERE id = 78714,927378,24
SELECT * FROM sessions WHERE duration > 17847,4176003,54
SELECT * FROM users WHERE id = 19121,891030,20
SELECT * FROM users WHERE id = 6058,872452,22
SELECT * FROM users WHERE id = 17696,809285,7
"SELECT user_id, SUM(total) FROM orders WHERE region = 'electronics' GROUP BY user_id",8934048,90
SELECT * FROM orders WHERE total > 40788,4297832,47
SELECT * FROM products WHERE category = 'garden',1601091,25
SELECT * FROM orders WHERE total > 53818,5276628,57
SELECT COUNT(*) FROM events WHERE month = 'Jun',10289953,112
SELECT * FROM users WHERE id = 23815,1183601,22
SELECT * FROM orders WHERE total > 27563,5863121,73
SELECT * FROM orders WHERE total > 64633,5189276,48
SELECT * FROM sessions WHERE duration > 93159,4437160,53
SELECT * FROM orders WHERE total > 65571,5004403,61
SELECT * FROM users WHERE id = 22230,1128306,18
SELECT COUNT(*) FROM events WHERE month = 'Mar',9877816,103
SELECT * FROM users WHERE id = 22706,881868,19
SELECT COUNT(*) FROM events WHERE month = 'Apr',11325993,109
SELECT * FROM sessions WHERE duration > 46396,4694110,57
"SELECT * FROM users WHERE id IN (222, 325)",1306431,20
SELECT * FROM users WHERE id = 48126,1041427,21
SELECT * FROM users WHERE id = 36676,964621,7
SELECT * FROM users WHERE id = 21015,1072667,20
SELECT * FROM users WHERE id = 45381,871311,6
SELECT * FROM users WHERE id = 42823,1129568,10
SELECT * FROM orders WHERE total > 37838,4915026,62
SELECT * FROM users WHERE id = 73976,1010143,9
SELECT * FROM users WHERE id = 98317,986471,24
SELECT COUNT(*) FROM events WHERE month = 'Mar',10391017,107
SELECT * FROM users WHERE id IN (522),1062101,7
"SELECT * FROM users WHERE id IN (616, 743)",1472499,20
SELECT * FROM users WHERE id = 11874,1185723,10
SELECT COUNT(*) FROM events WHERE month = 'May',9798732,100
SELECT * FROM orders WHERE total > 25115,5083736,51
"SELECT * FROM orders WHERE status IN ('cancelled', 'delivered', 'pending', 'cancelled')",2631622,25
SELECT * FROM orders WHERE total > 44974,5003268,52
SELECT COUNT(*) FROM events WHERE month = 'Feb',9305978,92
SELECT COUNT(*) FROM events WHERE month = 'Feb',9916886,99
"SELECT * FROM users WHERE id IN (129, 387)",1084888,20
SELECT * FROM users WHERE id = 20387,894500,18
SELECT COUNT(*) FROM events WHERE month = 'Jun',9923398,103
"SELECT * FROM users WHERE id IN (33, 423, 541, 994)",1373908,10
SELECT * FROM users WHERE id = 14430,1026166,7
SELECT * FROM users WHERE id = 80234,973427,12
SELECT * FROM orders WHERE total > 24254,5682894,57
"SELECT name, email FROM users WHERE signup_date > '2025-03-15'",2954646,33
SELECT * FROM orders WHERE total > 74604,5270856,62
"SELECT name, email FROM users WHERE signup_date > '2025-06-20'",2811588,36
SELECT COUNT(*) FROM events WHERE month = 'May',11067821,114
"SELECT * FROM users WHERE id IN (727, 591, 727, 179, 576)",1305281,19
SELECT * FROM products WHERE category = 'books',1915799,25
"SELECT * FROM orders WHERE status IN ('pending', 'delivered', 'pending', 'shipped')",2019427,35
"SELECT user_id, SUM(total) FROM orders WHERE region = 'electronics' GROUP BY user_id",8470314,83
SELECT * FROM users WHERE id = 91262,997526,19
SELECT * FROM users WHERE id = 72053,1096670,18
SELECT * FROM users WHERE id = 18184,949230,7
"SELECT user_id, SUM(total) FROM orders WHERE region = 'garden' GROUP BY user_id",9847755,113
SELECT * FROM orders WHERE total > 87020,5241840,56
"SELECT name, email FROM users WHERE signup_date > '2025-09-10'",2345524,33
SELECT * FROM orders WHERE total > 25183,5476045,68
SELECT * FROM users WHERE id = 91804,1087741,21
SELECT COUNT(*) FROM events WHERE month = 'Feb',11021244,109
SELECT * FROM users WHERE id = 581,1033701,6
"SELECT name, email FROM users WHERE signup_date > '2025-06-20'",2445263,38
SELECT * FROM sessions WHERE duration > 78563,4555192,52
SELECT * FROM products WHERE category = 'books',2135349,21
SELECT COUNT(*) FROM events WHERE month = 'Feb',10508507,119
SELECT * FROM products WHERE category = 'books',1939833,20
SELECT * FROM users WHERE id = 78470,1040228,22
SELECT * FROM users WHERE id = 76552,1068164,9
SELECT * FROM users WHERE id = 32604,861839,15
SELECT * FROM orders WHERE total > 24630,5642877,64
SELECT * FROM users WHERE id = 91505,872281,5
SELECT * FROM orders WHERE total > 14620,4705971,62
SELECT * FROM users WHERE id = 25339,868942,4
SELECT * FROM orders WHERE total > 29281,4231050,57
SELECT * FROM products WHERE category = 'toys',1977220,33
"SELECT name, email FROM users WHERE signup_date > '2025-06-20'",3415323,38
"SELECT user_id, SUM(total) FROM orders WHERE region = 'auto' GROUP BY user_id",8968101,103
SELECT * FROM users WHERE id = 59600,845529,23
SELECT * FROM orders WHERE total > 11626,5226092,56
"SELECT name, email FROM users WHERE signup_date > '2025-01-01'",3034365,40
SELECT * FROM orders WHERE total > 21699,4152389,39
SELECT * FROM sessions WHERE duration > 85574,4980643,64
"SELECT * FROM users WHERE id IN (346, 56, 750, 332)",1032905,9
SELECT * FROM orders WHERE total > 65000,5091458,61
SELECT * FROM users WHERE id = 72021,1089152,11
SELECT * FROM products WHERE category = 'auto',2378531,33
SELECT * FROM products WHERE category = 'garden',1882717,25
SELECT COUNT(*) FROM events WHERE month = 'Jan',9836651,112
SELECT COUNT(*) FROM events WHERE month = 'Mar',11274717,121
SELECT * FROM users WHERE id = 96881,807485,13
SELECT * FROM users WHERE id = 29499,1173955,22
SELECT * FROM users WHERE id = 1876,924179,11
SELECT * FROM users WHERE id = 7742,935209,14
SELECT * FROM orders WHERE total > 43830,5062565,45
"SELECT name, email FROM users WHERE signup_date > '2025-03-15'",2343342,33
SELECT * FROM users WHERE id = 18947,932999,4
SELECT * FROM users WHERE id = 34138,1079454,8
SELECT COUNT(*) FROM events WHERE month = 'Jan',9048077,86
SELECT * FROM products WHERE category = 'books',2211217,35
"SELECT * FROM orders WHERE status IN ('cancelled', 'pending', 'returned', 'shipped')",2711580,28
"SELECT user_id, SUM(total) FROM orders WHERE region = 'toys' GROUP BY user_id",8695019,84
SELECT * FROM users WHERE id = 21758,807260,5
SELECT * FROM orders WHERE status IN ('returned'),2429431,39
SELECT * FROM users WHERE id = 70236,1103672,6
SELECT * FROM users WHERE id = 66664,1040365,17
"SELECT user_id, SUM(total) FROM orders WHERE region = 'electronics' GROUP BY user_id",8571196,97
"SELECT name, email FROM users WHERE signup_date > '2025-09-10'",2162723,17
SELECT * FROM users WHERE id = 44809,1013196,24
SELECT * FROM users WHERE id = 19430,1020596,14
SELECT * FROM orders WHERE total > 86671,5052869,54
SELECT * FROM users WHERE id = 28644,823815,7
SELECT * FROM orders WHERE total > 82206,4290298,56
SELECT * FROM orders WHERE total > 53161,4703743,61
"SELECT * FROM orders WHERE status IN ('delivered', 'cancelled', 'returned', 'shipped')",2641804,25
SELECT * FROM users WHERE id = 56852,863660,11
"SELECT user_id, SUM(total) FROM orders WHERE region = 'garden' GROUP BY user_id",7084478,77
SELECT * FROM users WHERE id = 72925,931450,21
SELECT * FROM orders WHERE total > 23460,5346671,64
SELECT * FROM orders WHERE total > 33422,4670065,45
SELECT * FROM users WHERE id = 27356,823489,23
SELECT * FROM users WHERE id = 61894,1006786,7
SELECT * FROM users WHERE id = 24483,904778,11
SELECT * FROM users WHERE id = 57459,970921,22
SELECT * FROM orders WHERE total > 90253,4028404,54
SELECT * FROM users WHERE id = 92480,1105978,17
SELECT * FROM orders WHERE total > 11485,5254862,67
SELECT * FROM orders WHERE total > 29241,5975359,66
SELECT * FROM users WHERE id = 95984,837011,23
SELECT * FROM users WHERE id = 14307,1149603,14
SELECT COUNT(*) FROM events WHERE month = 'May',11256332,115
SELECT * FROM orders WHERE total > 51165,4778492,58
SELECT * FROM users WHERE id = 61375,843620,7
SELECT * FROM sessions WHERE duration > 73627,3082086,32
SELECT * FROM orders WHERE total > 11379,5523062,56
SELECT * FROM orders WHERE total > 76192,5759176,68
SELECT * FROM users WHERE id = 37321,802460,15
SELECT COUNT(*) FROM events WHERE month = 'Jun',11902210,121
"SELECT * FROM users WHERE id IN (457, 727, 706)",1185902,9
SELECT * FROM users WHERE id = 81403,1135017,13
SELECT * FROM orders WHERE total > 93363,4214713,43
SELECT * FROM orders WHERE total > 72984,4170688,37
SELECT * FROM products WHERE category = 'books',1831642,21
SELECT * FROM users WHERE id = 68953,1087851,12
"SELECT name, email FROM users WHERE signup_date > '2025-06-20'",2735143,31
SELECT COUNT(*) FROM events WHERE month = 'Feb',9535349,99
SELECT * FROM orders WHERE total > 31387,4453918,58
SELECT * FROM users WHERE id = 635,822932,15
SELECT COUNT(*) FROM events WHERE month = 'Jun',11828244,127
SELECT * FROM users WHERE id = 61913,981212,16
SELECT * FROM users WHERE id = 96164,1038005,23
SELECT * FROM orders WHERE total > 38467,5524754,52
SELECT * FROM products WHERE category = 'books',2298857,30
SELECT * FROM orders WHERE total > 50509,4928240,49
"SELECT * FROM users WHERE id IN (663, 783, 758)",1151164,20
SELECT * FROM orders WHERE total > 95962,5809432,61
"SELECT user_id, SUM(total) FROM orders WHERE region = 'books' GROUP BY user_id",9326035,97
"SELECT name, email FROM users WHERE signup_date > '2025-09-10'",3344300,43
SELECT COUNT(*) FROM events WHERE month = 'May',11570378,116
"SELECT user_id, SUM(total) FROM orders WHERE region = 'garden' GROUP BY user_id",8999435,104
SELECT * FROM orders WHERE total > 10658,4677207,43
"SELECT user_id, SUM(total) FROM orders WHERE region = 'toys' GROUP BY user_id",7415405,73
SELECT * FROM users WHERE id = 63642,963223,11
SELECT * FROM orders WHERE total > 16013,4739984,59
SELECT COUNT(*) FROM events WHERE month = 'Jan',9522363,110
SELECT COUNT(*) FROM events WHERE month = 'Jan',11243204,107
SELECT * FROM orders WHERE total > 9984,4468301,54
SELECT * FROM products WHERE category = 'auto',1826982,31
SELECT * FROM orders WHERE total > 69398,5465923,65
SELECT * FROM products WHERE category = 'toys',2396175,36
SELECT * FROM users WHERE id = 273,1053345,12
SELECT * FROM orders WHERE total > 80978,4664531,50
SELECT * FROM users WHERE id = 38950,1172523,15
SELECT * FROM products WHERE category = 'toys',1902324,27
SELECT * FROM orders WHERE total > 6107,5206831,54
SELECT COUNT(*) FROM events WHERE month = 'Mar',10576085,117
SELECT * FROM users WHERE id = 70800,917404,10
SELECT * FROM orders WHERE total > 97967,4520601,56
SELECT * FROM users WHERE id = 98058,1186171,14
"SELECT * FROM orders WHERE status IN ('returned', 'pending', 'cancelled', 'pending')",2927942,41
SELECT * FROM products WHERE category = 'books',2211685,29
SELECT * FROM orders WHERE total > 48621,4422904,39
SELECT * FROM orders WHERE total > 89098,5399048,58
SELECT * FROM users WHERE id = 630,968703,8
SELECT * FROM orders WHERE total > 96834,4967445,54
SELECT * FROM users WHERE id = 76047,989229,10
SELECT * FROM users WHERE id = 59112,1017107,11
SELECT * FROM users WHERE id = 39645,936224,20
SELECT COUNT(*) FROM events WHERE month = 'Feb',10077893,108
SELECT * FROM orders WHERE total > 29179,5841670,61
SELECT * FROM users WHERE id = 86529,1082607,16
SELECT * FROM orders WHERE total > 67270,5971659,71
SELECT COUNT(*) FROM events WHERE month = 'May',11948781,125
"SELECT name, email FROM users WHERE signup_date > '2025-06-20'",3151684,33
SELECT COUNT(*) FROM events WHERE month = 'Feb',9583298,101
SELECT * FROM orders WHERE total > 9076,4356459,43
SELECT * FROM users WHERE id = 80740,968547,9
SELECT * FROM users WHERE id = 39140,835709,22
SELECT * FROM orders WHERE total > 99011,5548648,58
SELECT COUNT(*) FROM events WHERE month = 'May',9725404,99
SELECT * FROM users WHERE id = 74094,1199946,8
SELECT COUNT(*) FROM events WHERE month = 'Feb',9288502,87
SELECT COUNT(*) FROM events WHERE month = 'Mar',11979116,116
SELECT * FROM products WHERE category = 'auto',2490111,32
SELECT * FROM sessions WHERE duration > 92834,4214130,41
"SELECT * FROM users WHERE id IN (247, 546, 705)",1371306,25
SELECT * FROM users WHERE id = 8524,903393,12
SELECT * FROM orders WHERE total > 2523,4673110,59
SELECT * FROM orders WHERE total > 10503,4910077,64
SELECT COUNT(*) FROM events WHERE month = 'May',9432518,109
SELECT * FROM users WHERE id = 46061,1005636,14
"SELECT name, email FROM users WHERE signup_date > '2025-06-20'",2531761,28
SELECT * FROM orders WHERE total > 16070,5245026,50
SELECT * FROM orders WHERE status IN ('pending'),2953351,38
SELECT * FROM users WHERE id = 75272,1189498,25
SELECT * FROM users WHERE id = 28935,1087369,15
SELECT * FROM orders WHERE total > 91320,5594434,55
SELECT * FROM orders WHERE total > 59167,4554182,54
SELECT * FROM users WHERE id = 92967,906157,8
"SELECT * FROM orders WHERE status IN ('returned', 'delivered', 'pending')",2492440,33
SELECT * FROM orders WHERE total > 51036,4978066,44
SELECT * FROM users WHERE id = 78252,1153089,6
SELECT * FROM products WHERE category = 'auto',1556255,30
SELECT * FROM orders WHERE total > 50608,4928440,57
"SELECT name, email FROM users WHERE signup_date > '2025-01-01'",3998737,37
SELECT * FROM users WHERE id = 47840,914184,7
SELECT * FROM users WHERE id = 86863,927944,7
SELECT * FROM users WHERE id = 76751,1144718,25
SELECT COUNT(*) FROM events WHERE month = 'Mar',9598212,91
SELECT * FROM orders WHERE status IN ('shipped'),2612567,29
SELECT * FROM users WHERE id = 77986,1089872,10
SELECT * FROM users WHERE id = 53677,807765,19
SELECT COUNT(*) FROM events WHERE month = 'Mar',10776330,121
SELECT * FROM products WHERE category = 'toys',1934071,24
SELECT * FROM users WHERE id IN (380),1399775,25
SELECT COUNT(*) FROM events WHERE month = 'Jan',9012210,100
SELECT * FROM orders WHERE total > 39217,5310155,50
SELECT COUNT(*) FROM events WHERE month = 'Mar',10067177,106
SELECT COUNT(*) FROM events WHERE month = 'Jun',11004245,121
SELECT * FROM sessions WHERE duration > 80747,4481781,46
SELECT * FROM orders WHERE total > 16544,4051848,54
SELECT * FROM orders WHERE total > 9273,5847512,65
SELECT * FROM orders WHERE total > 19982,5024293,53
SELECT * FROM orders WHERE total > 27532,5646717,61
SELECT * FROM products WHERE category = 'books',2215284,26
SELECT * FROM products WHERE category = 'garden',2082634,33
SELECT * FROM users WHERE id = 11927,951636,11
SELECT * FROM orders WHERE total > 15894,4009276,37
SELECT COUNT(*) FROM events WHERE month = 'May',9655557,99
"SELECT user_id, SUM(total) FROM orders WHERE region = 'electronics' GROUP BY user_id",8004516,81
SELECT * FROM users WHERE id = 62234,1037676,11
SELECT * FROM users WHERE id = 96149,972188,6
SELECT * FROM orders WHERE total > 32954,4066668,35
SELECT * FROM users WHERE id = 66044,975627,19
SELECT COUNT(*) FROM events WHERE month = 'May',9693332,99
"SELECT * FROM orders WHERE status IN ('cancelled', 'pending', 'shipped')",2011719,33
"SELECT name, email FROM users WHERE signup_date > '2025-09-10'",2091189,30
SELECT * FROM orders WHERE total > 34803,5370427,57
SELECT * FROM users WHERE id = 41443,858611,17
"SELECT * FROM orders WHERE status IN ('shipped', 'delivered')",2085068,16
SELECT * FROM users WHERE id = 79550,1197147,19
SELECT * FROM users WHERE id = 42196,982955,15
SELECT COUNT(*) FROM events WHERE month = 'Apr',10706431,111
"SELECT * FROM orders WHERE status IN ('shipped', 'returned', 'cancelled')",2849783,37
SELECT * FROM users WHERE id = 40070,1108280,18
SELECT * FROM orders WHERE total > 19790,5294781,59
SELECT * FROM orders WHERE total > 1784,4659209,49
SELECT COUNT(*) FROM events WHERE month = 'Feb',9521826,94
SELECT * FROM users WHERE id = 46100,1186308,16
SELECT * FROM users WHERE id = 49416,837655,8
SELECT * FROM users WHERE id = 36273,992912,15
SELECT * FROM users WHERE id = 35533,890077,21
"SELECT * FROM users WHERE id IN (905, 712)",1423426,10
SELECT * FROM products WHERE category = 'books',2166601,36
SELECT * FROM orders WHERE total > 80178,5095087,47
SELECT * FROM orders WHERE total > 38651,4172874,50
SELECT * FROM products WHERE category = 'books',1969090,30
SELECT * FROM users WHERE id = 76078,870095,20
SELECT * FROM users WHERE id = 66129,1098685,12
SELECT * FROM users WHERE id IN (561),1168330,21
"SELECT * FROM users WHERE id IN (658, 441, 381)",1497312,9
SELECT * FROM users WHERE id = 82680,831016,5
SELECT * FROM orders WHERE total > 20045,4684171,49
SELECT * FROM users WHERE id = 90675,991172,23
"SELECT * FROM users WHERE id IN (831, 514)",1006544,12
SELECT * FROM users WHERE id = 33835,1194983,10
"SELECT * FROM users WHERE id IN (721, 124, 380, 588, 566)",1379912,19
SELECT * FROM users WHERE id = 16754,1021620,5
SELECT COUNT(*) FROM events WHERE month = 'Jan',10198499,96
"SELECT name, email FROM users WHERE signup_date > '2025-06-20'",3682598,32
SELECT * FROM users WHERE id = 585,805174,21
SELECT * FROM orders WHERE total > 41302,4865341,47
SELECT * FROM products WHERE category = 'books',2100924,36
SELECT * FROM orders WHERE total > 58484,4002517,48
SELECT * FROM users WHERE id = 35595,926936,22
SELECT * FROM users WHERE id = 91222,1171272,11
SELECT COUNT(*) FROM events WHERE month = 'Mar',10180323,115
SELECT * FROM users WHERE id = 26514,827608,19
SELECT * FROM users WHERE id = 76644,973711,8
SELECT COUNT(*) FROM events WHERE month = 'Mar',9391177,95
SELECT * FROM orders WHERE total > 7948,4575909,50
SELECT * FROM orders WHERE total > 79840,4934147,63
SELECT * FROM orders WHERE total > 40636,4179154,45
SELECT * FROM users WHERE id = 43240,1098406,25
SELECT COUNT(*) FROM events WHERE month = 'Jan',9310514,107
SELECT * FROM users WHERE id IN (829),1482823,12
"SELECT * FROM orders WHERE status IN ('pending', 'returned', 'cancelled', 'cancelled')",2244463,23
SELECT * FROM orders WHERE total > 88257,5664110,61
SELECT * FROM orders WHERE total > 47411,5917285,66
SELECT * FROM orders WHERE status IN ('cancelled'),2396423,24
"SELECT name, email FROM users WHERE signup_date > '2025-01-01'",2237636,29
SELECT * FROM orders WHERE total > 65199,5039128,48
SELECT * FROM users WHERE id = 11938,1107978,15
SELECT * FROM orders WHERE total > 37965,4185561,55
SELECT * FROM orders WHERE total > 22869,5041459,58
SELECT * FROM users WHERE id = 15196,999333,5
SELECT * FROM users WHERE id = 85538,1114250,16
SELECT * FROM users WHERE id = 45913,851245,3
"SELECT * FROM users WHERE id IN (257, 520, 126, 898, 665)",1005877,19
SELECT COUNT(*) FROM events WHERE month = 'Apr',11959834,121
SELECT * FROM users WHERE id IN (854),1357634,9
SELECT * FROM users WHERE id = 33485,893130,9
SELECT * FROM users WHERE id = 82292,1030967,7
SELECT * FROM orders WHERE total > 44062,4431540,43
"SELECT name, email FROM users WHERE signup_date > '2025-03-15'",3428853,49
"SELECT * FROM orders WHERE status IN ('cancelled', 'shipped', 'shipped', 'returned')",2574948,32
SELECT * FROM users WHERE id IN (923),1245206,14
SELECT * FROM users WHERE id = 92611,998977,15
SELECT * FROM users WHERE id = 64634,1150078,23
SELECT * FROM orders WHERE total > 12526,5738980,67
SELECT * FROM users WHERE id = 16702,1146167,19
SELECT COUNT(*) FROM events WHERE month = 'Jan',11723548,115
SELECT * FROM users WHERE id = 72402,981476,20
SELECT * FROM products WHERE category = 'garden',1778858,14
SELECT * FROM users WHERE id = 62381,971073,23
SELECT COUNT(*) FROM events WHERE month = 'Jan',9563858,101
SELECT * FROM orders WHERE total > 60099,4111948,39
SELECT * FROM orders WHERE total > 76862,4562652,42
SELECT * FROM orders WHERE total > 69360,5098560,51
"SELECT * FROM users WHERE id IN (358, 701, 84, 317)",1202168,17
SELECT COUNT(*) FROM events WHERE month = 'May',11426396,121
"SELECT * FROM users WHERE id IN (801, 816, 803)",1009431,24
SELECT COUNT(*) FROM events WHERE month = 'Mar',9239357,102
"SELECT * FROM orders WHERE status IN ('pending', 'shipped', 'cancelled')",2493452,19
SELECT * FROM orders WHERE total > 6503,4816361,60
SELECT COUNT(*) FROM events WHERE month = 'Jun',11781658,127
SELECT * FROM users WHERE id = 71112,949704,17
SELECT COUNT(*) FROM events WHERE month = 'May',10421576,108
SELECT * FROM orders WHERE total > 50517,4323598,57
"SELECT * FROM users WHERE id IN (698, 908)",1039378,14
SELECT COUNT(*) FROM events WHERE month = 'Feb',9621223,103
"SELECT name, email FROM users WHERE signup_date > '2025-06-20'",3132760,45
SELECT COUNT(*) FROM events WHERE month = 'Jan',11365034,123
SELECT COUNT(*) FROM events WHERE month = 'Apr',11138969,124
SELECT * FROM products WHERE category = 'garden',1657966,31
SELECT * FROM users WHERE id = 23268,811240,9
SELECT * FROM orders WHERE total > 96865,5171560,52
SELECT * FROM users WHERE id = 45170,903842,8
SELECT * FROM users WHERE id = 56722,917316,9
SELECT COUNT(*) FROM events WHERE month = 'Jan',11263570,122
"SELECT * FROM users WHERE id IN (719, 914, 654, 470, 888)",1123661,19
SELECT * FROM users WHERE id = 92898,913382,5
SELECT * FROM users WHERE id = 10140,1021235,10
SELECT * FROM orders WHERE total > 57503,5113790,49
SELECT * FROM products WHERE category = 'electronics',2460015,23
"SELECT name, email FROM users WHERE signup_date > '2025-06-20'",3688617,51
SELECT * FROM users WHERE id = 28503,934026,9
SELECT COUNT(*) FROM events WHERE month = 'Mar',11342597,124
SELECT COUNT(*) FROM events WHERE month = 'Feb',9949217,95
SELECT * FROM products WHERE category = 'garden',1649054,28
SELECT * FROM users WHERE id = 81839,915157,6
SELECT COUNT(*) FROM events WHERE month = 'Mar',11695518,122
SELECT COUNT(*) FROM events WHERE month = 'Mar',9009241,86
"SELECT * FROM orders WHERE status IN ('returned', 'shipped', 'shipped')",2704598,31
SELECT * FROM users WHERE id = 94013,1173091,16
SELECT * FROM orders WHERE total > 91844,4812359,52
SELECT * FROM users WHERE id = 48194,1103145,7
SELECT * FROM products WHERE category = 'toys',1599568,27
SELECT * FROM users WHERE id = 21522,864642,16
SELECT * FROM users WHERE id = 15759,937406,17
"SELECT * FROM users WHERE id IN (458, 119)",1029656,12
SELECT * FROM orders WHERE total > 36632,5892981,64
SELECT * FROM orders WHERE total > 9185,5898948,69
SELECT * FROM users WHERE id = 91979,1195066,11
"SELECT * FROM users WHERE id IN (402, 902, 134, 883, 700)",1378503,14
SELECT * FROM orders WHERE total > 72838,5798368,56
SELECT COUNT(*) FROM events WHERE month = 'Jan',10118262,104
SELECT * FROM users WHERE id = 70103,830330,15
SELECT * FROM users WHERE id = 31442,1015780,15
SELECT * FROM orders WHERE total > 42971,5308990,68
SELECT * FROM sessions WHERE duration > 87489,4530519,49
SELECT * FROM users WHERE id = 18559,1119636,11
SELECT * FROM users WHERE id = 24225,1040213,8
SELECT * FROM users WHERE id = 79358,962270,20
SELECT * FROM users WHERE id = 76649,998980,15
SELECT * FROM users WHERE id = 47403,1016954,17
"SELECT name, email FROM users WHERE signup_date > '2025-06-20'",2850153,37
SELECT * FROM users WHERE id = 4535,816175,22
SELECT COUNT(*) FROM events WHERE month = 'Mar',11712783,118
SELECT * FROM users WHERE id = 25766,1192497,19
SELECT * FROM users WHERE id = 91802,952468,5
"SELECT name, email FROM users WHERE signup_date > '2025-09-10'",2570792,23
SELECT * FROM users WHERE id = 12351,875230,19
SELECT * FROM users WHERE id = 7767,831823,5
"SELECT name, email FROM users WHERE signup_date > '2025-03-15'",2074314,18
SELECT * FROM products WHERE category = 'auto',1765122,27
SELECT * FROM users WHERE id = 40751,850964,15
SELECT * FROM products WHERE category = 'electronics',2252098,36
SELECT COUNT(*) FROM events WHERE month = 'May',11659823,127
SELECT COUNT(*) FROM events WHERE month = 'May',9894780,104
SELECT * FROM products WHERE category = 'toys',1630886,12
SELECT * FROM users WHERE id = 2537,978713,5
"SELECT * FROM users WHERE id IN (683, 843, 792, 455)",1443725,19
SELECT * FROM products WHERE category = 'toys',1862014,18
SELECT COUNT(*) FROM events WHERE month = 'Jan',10511130,115
SELECT * FROM orders WHERE total > 55801,4348144,58
SELECT * FROM products WHERE category = 'books',2248089,25
SELECT * FROM users WHERE id = 38300,903100,19
SELECT * FROM users WHERE id = 41758,1180719,12
SELECT * FROM products WHERE category = 'garden',1943722,16
SELECT * FROM products WHERE category = 'garden',2012781,27
"SELECT * FROM users WHERE id IN (793, 710, 236, 463)",1120407,19
SELECT * FROM users WHERE id = 10050,958998,7
SELECT * FROM orders WHERE total > 83224,4072071,50
SELECT COUNT(*) FROM events WHERE month = 'Jan',10057680,105
SELECT * FROM users WHERE id = 9285,1193107,8
SELECT * FROM users WHERE id IN (29),1438169,20
SELECT * FROM users WHERE id = 1579,928816,18
SELECT * FROM users WHERE id = 33666,855896,3
SELECT * FROM orders WHERE total > 90170,5762323,58
SELECT * FROM users WHERE id = 32358,873936,13
SELECT * FROM orders WHERE total > 14327,4364995,44
SELECT * FROM users WHERE id = 17835,1143866,11
SELECT * FROM orders WHERE total > 36407,5240811,60
SELECT COUNT(*) FROM events WHERE month = 'May',9423750,91
"SELECT name, email FROM users WHERE signup_date > '2025-06-20'",3642113,50
SELECT * FROM users WHERE id = 19782,890587,22
SELECT * FROM products WHERE category = 'auto',1887107,33
"SELECT name, email FROM users WHERE signup_date > '2025-06-20'",2311082,20
SELECT * FROM users WHERE id = 78733,1123743,26
SELECT COUNT(*) FROM events WHERE month = 'Mar',10275346,101
SELECT * FROM users WHERE id = 83025,878406,11
SELECT * FROM users WHERE id = 3603,878152,4
SELECT * FROM users WHERE id = 81850,935346,21
SELECT * FROM users WHERE id = 45767,978807,12
SELECT COUNT(*) FROM events WHERE month = 'Feb',9942853,114
SELECT * FROM orders WHERE total > 60972,4153560,48
SELECT * FROM users WHERE id = 87262,925193,16
SELECT * FROM users WHERE id = 39726,869378,12
SELECT * FROM orders WHERE total > 61123,5967108,70
SELECT * FROM orders WHERE total > 58931,4018967,52
SELECT * FROM users WHERE id = 61073,907351,7
SELECT * FROM orders WHERE total > 24611,5538004,67
SELECT * FROM users WHERE id = 22983,1108809,26
SELECT COUNT(*) FROM events WHERE month = 'Jun',10019433,97
SELECT * FROM sessions WHERE duration > 77159,4060705,36
"SELECT user_id, SUM(total) FROM orders WHERE region = 'garden' GROUP BY user_id",7114446,81
SELECT * FROM users WHERE id = 29579,954309,10
SELECT * FROM users WHERE id = 75734,988845,22
SELECT * FROM orders WHERE total > 6455,4072511,49
SELECT * FROM sessions WHERE duration > 39745,4863471,57
SELECT * FROM users WHERE id = 79097,1122216,16
SELECT * FROM orders WHERE total > 43882,4997424,48
SELECT * FROM products WHERE category = 'garden',2043322,35
SELECT * FROM orders WHERE total > 1051,5612420,70
SELECT * FROM orders WHERE total > 20694,4218698,52
SELECT COUNT(*) FROM events WHERE month = 'Apr',11990990,128
SELECT * FROM users WHERE id = 64472,1013518,6
SELECT COUNT(*) FROM events WHERE month = 'Jan',10516762,105
SELECT * FROM products WHERE category = 'electronics',2479837,33
SELECT * FROM orders WHERE total > 1583,5249105,55
SELECT * FROM products WHERE category = 'garden',2474565,39
SELECT * FROM users WHERE id = 40260,888726,11
SELECT * FROM users WHERE id = 8982,1090346,12
SELECT * FROM users WHERE id = 51929,896894,18
SELECT * FROM users WHERE id = 56091,1178486,17
SELECT * FROM users WHERE id = 80580,1004053,17
SELECT COUNT(*) FROM events WHERE month = 'Mar',11202046,116
SELECT * FROM users WHERE id = 43272,1055540,16
SELECT * FROM orders WHERE total > 46623,4402867,56
SELECT * FROM users WHERE id = 84049,1085364,23
SELECT * FROM users WHERE id = 64598,1049736,7
SELECT * FROM users WHERE id = 80478,1045396,24
SELECT * FROM users WHERE id = 17889,951762,20
SELECT * FROM users WHERE id = 27503,901718,12
SELECT * FROM orders WHERE total > 25697,5896699,64
SELECT * FROM orders WHERE total > 68481,5184462,50
SELECT * FROM orders WHERE total > 46291,5489996,50
SELECT * FROM users WHERE id = 63965,953023,10
SELECT * FROM products WHERE category = 'books',1792671,21
SELECT * FROM users WHERE id = 44732,1146897,25
SELECT COUNT(*) FROM events WHERE month = 'May',11619550,129
SELECT * FROM orders WHERE total > 9680,4769953,53
SELECT * FROM users WHERE id = 65280,875379,9
"SELECT name, email FROM users WHERE signup_date > '2025-03-15'",3653582,41
SELECT * FROM orders WHERE total > 62974,5039361,49
SELECT * FROM users WHERE id = 96535,880424,4
SELECT * FROM orders WHERE total > 90865,5190685,60
SELECT * FROM orders WHERE total > 10330,5808115,66
SELECT * FROM users WHERE id = 35203,875131,13
SELECT * FROM orders WHERE total > 94204,4075037,52
SELECT * FROM orders WHERE total > 91300,4096712,54
SELECT * FROM orders WHERE total > 42434,4619769,51
SELECT * FROM sessions WHERE duration > 69867,4069488,51
"SELECT * FROM users WHERE id IN (62, 650, 46)",1137927,10
SELECT * FROM orders WHERE total > 90874,4495018,50
SELECT * FROM orders WHERE total > 42502,5869693,73
SELECT COUNT(*) FROM events WHERE month = 'Jan',10367724,106
SELECT * FROM users WHERE id = 22072,1195814,8
SELECT * FROM products WHERE category = 'books',1700691,22
SELECT * FROM orders WHERE total > 79318,5688191,51
SELECT * FROM products WHERE category = 'toys',1801820,30
SELECT * FROM users WHERE id = 10464,969004,15
SELECT * FROM orders WHERE total > 96865,5648707,68
SELECT COUNT(*) FROM events WHERE month = 'Jun',11876145,128
SELECT * FROM products WHERE category = 'toys',1822898,21
SELECT * FROM users WHERE id = 10747,865467,21
SELECT * FROM users WHERE id = 85562,927188,22
SELECT COUNT(*) FROM events WHERE month = 'Jun',9717925,112
"SELECT * FROM orders WHERE status IN ('pending', 'pending')",2818842,28
"SELECT * FROM users WHERE id IN (9, 680, 934, 600)",1161876,11
SELECT * FROM users WHERE id = 12413,1134115,22
SELECT * FROM users WHERE id = 31361,1103211,25
SELECT * FROM orders WHERE total > 98101,5523347,63
SELECT * FROM users WHERE id = 72363,1086579,23
SELECT * FROM orders WHERE total > 951,5164155,55
SELECT * FROM products WHERE category = 'toys',1579955,21
SELECT * FROM orders WHERE total > 21241,5288923,53
SELECT * FROM users WHERE id = 96076,1180645,22
SELECT * FROM users WHERE id IN (450),1331284,13
SELECT * FROM users WHERE id = 30123,996636,6
"SELECT name, email FROM users WHERE signup_date > '2025-03-15'",2911452,33
SELECT * FROM sessions WHERE duration > 29237,4991528,52
SELECT * FROM orders WHERE total > 99176,4760986,53
SELECT * FROM users WHERE id = 27101,857043,20
"SELECT user_id, SUM(total) FROM orders WHERE region = 'toys' GROUP BY user_id",7191897,69
SELECT * FROM users WHERE id = 44470,979654,11
SELECT * FROM sessions WHERE duration > 16014,4630804,53
SELECT COUNT(*) FROM events WHERE month = 'Jun',9823177,93
SELECT * FROM orders WHERE total > 33728,5549373,53
SELECT * FROM users WHERE id = 46419,845434,7
SELECT * FROM users WHERE id = 89013,1152282,6
SELECT * FROM products WHERE category = 'toys',2310239,20
"SELECT * FROM users WHERE id IN (41, 738)",1041357,15
SELECT COUNT(*) FROM events WHERE month = 'Feb',10931736,107
SELECT * FROM users WHERE id = 94528,964784,23
SELECT * FROM orders WHERE total > 44862,5681184,55
SELECT * FROM users WHERE id = 84250,1042829,14
SELECT * FROM users WHERE id = 55279,941837,15
"SELECT user_id, SUM(total) FROM orders WHERE region = 'auto' GROUP BY user_id",9916680,108
SELECT * FROM users WHERE id = 15456,859768,14
SELECT * FROM users WHERE id = 28974,1036102,13
SELECT * FROM users WHERE id = 15365,867785,12
"SELECT * FROM orders WHERE status IN ('cancelled', 'delivered')",2503755,36
SELECT COUNT(*) FROM events WHERE month = 'May',10512031,114
SELECT * FROM users WHERE id = 49063,913352,24
SELECT * FROM orders WHERE total > 79766,4783844,62
SELECT * FROM users WHERE id = 52245,1036593,7
SELECT * FROM orders WHERE total > 50293,5379509,68
SELECT * FROM users WHERE id = 2740,1018482,20
SELECT * FROM users WHERE id = 37122,912262,7
SELECT * FROM orders WHERE total > 88780,5893289,72
SELECT * FROM users WHERE id = 49181,883655,17
SELECT * FROM users WHERE id = 71195,945499,14
SELECT * FROM orders WHERE total > 79198,4504858,58
SELECT * FROM orders WHERE total > 59653,4963253,48
SELECT * FROM users WHERE id = 78267,803568,20
"SELECT * FROM orders WHERE status IN ('shipped', 'shipped', 'returned', 'cancelled')",2691202,24
SELECT * FROM users WHERE id = 59714,1177590,25
SELECT * FROM orders WHERE total > 50050,5702833,56
SELECT * FROM sessions WHERE duration > 68936,3993831,50
"SELECT * FROM users WHERE id IN (623, 421, 852, 544, 931)",1258589,17
SELECT * FROM orders WHERE total > 71447,5568165,51
SELECT * FROM orders WHERE total > 40283,5607736,61
SELECT * FROM orders WHERE total > 3854,4262283,42
SELECT * FROM orders WHERE total > 77419,5227215,54
SELECT * FROM users WHERE id IN (924),1294231,20
SELECT * FROM users WHERE id = 74198,956995,6
SELECT * FROM users WHERE id = 11742,863225,8
SELECT * FROM users WHERE id = 89359,1027984,15
SELECT * FROM users WHERE id = 87227,829353,21
SELECT * FROM users WHERE id = 23680,840477,20
SELECT * FROM users WHERE id = 6083,865527,10
SELECT * FROM orders WHERE total > 26948,4490382,46
SELECT * FROM users WHERE id = 57762,1088547,6
SELECT * FROM orders WHERE total > 89625,5892460,59
SELECT COUNT(*) FROM events WHERE month = 'Apr',9705446,93
SELECT * FROM products WHERE category = 'auto',2458342,29
SELECT * FROM users WHERE id = 41761,1042118,16
SELECT * FROM orders WHERE total > 29135,4616262,52
SELECT * FROM users WHERE id = 61286,1047128,8
SELECT * FROM users WHERE id = 27415,1102645,6
SELECT * FROM orders WHERE total > 44091,4830452,45
SELECT * FROM orders WHERE total > 10850,4385057,44
SELECT * FROM orders WHERE total > 14355,4085393,38
SELECT COUNT(*) FROM events WHERE month = 'Mar',10744373,120
SELECT * FROM users WHERE id = 75004,1196940,15
SELECT * FROM orders WHERE total > 71895,5368885,64
SELECT COUNT(*) FROM events WHERE month = 'Apr',11358106,120
SELECT * FROM orders WHERE total > 63471,4041564,46
SELECT * FROM orders WHERE total > 84162,5973604,61
SELECT * FROM users WHERE id = 6690,1007760,6
SELECT COUNT(*) FROM events WHERE month = 'Mar',10519272,108
SELECT * FROM users WHERE id = 31067,971668,6
SELECT * FROM users WHERE id = 37188,1050190,11
SELECT * FROM orders WHERE total > 54183,5949239,66
SELECT * FROM users WHERE id = 58749,835765,22
SELECT * FROM orders WHERE total > 76688,5498663,50
SELECT * FROM users WHERE id = 67513,970155,19
SELECT COUNT(*) FROM events WHERE month = 'Mar',11375535,123
SELECT * FROM orders WHERE total > 17466,4147299,51
"SELECT name, email FROM users WHERE signup_date > '2025-01-01'",3908531,47
"SELECT * FROM users WHERE id IN (416, 797, 70, 348)",1098211,12
SELECT COUNT(*) FROM events WHERE month = 'Feb',11906698,128
SELECT * FROM products WHERE category = 'garden',2159457,25
SELECT * FROM users WHERE id = 31146,934135,18
SELECT * FROM users WHERE id = 20941,930868,13
"SELECT name, email FROM users WHERE signup_date > '2025-01-01'",2284748,24
SELECT * FROM users WHERE id = 2939,1185869,13
SELECT * FROM orders WHERE total > 52714,4792765,50
SELECT COUNT(*) FROM events WHERE month = 'Feb',11575890,124
SELECT * FROM users WHERE id = 61607,881672,14
SELECT * FROM users WHERE id = 92993,802326,6
SELECT COUNT(*) FROM events WHERE month = 'Jan',9774266,104
SELECT COUNT(*) FROM events WHERE month = 'Feb',9773017,103
"SELECT name, email FROM users WHERE signup_date > '2025-06-20'",3217739,36
SELECT * FROM orders WHERE total > 94034,4788598,47
SELECT COUNT(*) FROM events WHERE month = 'Mar',9200661,101
SELECT * FROM orders WHERE total > 28726,5433481,52
SELECT * FROM users WHERE id = 6618,1170394,22
SELECT * FROM products WHERE category = 'garden',2251968,35
SELECT COUNT(*) FROM events WHERE month = 'Jun',11725784,116
SELECT * FROM users WHERE id = 86280,832445,7
SELECT * FROM users WHERE id = 69414,987791,4
"SELECT name, email FROM users WHERE signup_date > '2025-01-01'",3309079,40
SELECT COUNT(*) FROM events WHERE month = 'May',9852976,110
SELECT * FROM users WHERE id = 57709,1179675,17
SELECT * FROM users WHERE id = 63720,1197717,15
SELECT * FROM users WHERE id = 86424,850233,15
SELECT * FROM users WHERE id = 68361,958434,11
SELECT COUNT(*) FROM events WHERE month = 'Jun',9881401,111
SELECT * FROM users WHERE id = 22468,1096781,15
SELECT * FROM users WHERE id = 13730,864628,21
SELECT * FROM users WHERE id = 77258,953938,10
SELECT * FROM orders WHERE total > 48276,4509662,49
SELECT * FROM users WHERE id = 66486,919633,14
SELECT * FROM orders WHERE total > 87627,4923650,48
SELECT * FROM users WHERE id = 44382,1022936,10
SELECT * FROM users WHERE id = 59055,911335,19
"SELECT user_id, SUM(total) FROM orders WHERE region = 'auto' GROUP BY user_id",8828202,100
SELECT * FROM users WHERE id = 99120,868081,10
SELECT * FROM orders WHERE total > 47870,5705286,56
SELECT * FROM orders WHERE total > 75706,5924227,55
SELECT * FROM orders WHERE total > 45035,5757725,66
SELECT * FROM users WHERE id = 81424,1168431,16
SELECT * FROM users WHERE id = 23224,864566,23
SELECT COUNT(*) FROM events WHERE month = 'Jun',10840894,115
SELECT COUNT(*) FROM events WHERE month = 'Jun',9901376,102
SELECT * FROM products WHERE category = 'electronics',1550515,16
SELECT COUNT(*) FROM events WHERE month = 'Apr',9676260,94
SELECT * FROM users WHERE id = 88400,1011839,16
SELECT * FROM users WHERE id = 89754,1131951,13
SELECT * FROM users WHERE id = 79188,841763,9
"SELECT name, email FROM users WHERE signup_date > '2025-09-10'",2003219,15
SELECT * FROM users WHERE id = 4160,1053339,24
SELECT * FROM users WHERE id = 51426,1069205,14
SELECT * FROM users WHERE id = 42543,895670,9
SELECT * FROM users WHERE id IN (784),1055588,9
SELECT * FROM orders WHERE status IN ('pending'),2595833,31
SELECT * FROM orders WHERE total > 19019,5000483,45
SELECT COUNT(*) FROM events WHERE month = 'Feb',10092878,96
"SELECT user_id, SUM(total) FROM orders WHERE region = 'toys' GROUP BY user_id",9263497,103
SELECT * FROM users WHERE id = 51378,991436,23
"SELECT user_id, SUM(total) FROM orders WHERE region = 'auto' GROUP BY user_id",8015623,75
"SELECT name, email FROM users WHERE signup_date > '2025-06-20'",3008787,37
SELECT * FROM products WHERE category = 'electronics',1592863,11
"SELECT * FROM users WHERE id IN (337, 333, 525, 360)",1285733,16
SELECT * FROM users WHERE id = 44032,1192126,11
SELECT COUNT(*) FROM events WHERE month = 'Jan',10724783,111
SELECT * FROM users WHERE id = 39233,1178359,26
SELECT * FROM products WHERE category = 'toys',1765798,22
SELECT COUNT(*) FROM events WHERE month = 'Mar',11193237,126
SELECT * FROM orders WHERE total > 65173,5303143,60
"SELECT * FROM users WHERE id IN (78, 945, 408, 802, 683)",1459518,21
SELECT * FROM orders WHERE total > 84916,4297257,57
SELECT * FROM users WHERE id = 32366,915288,21
SELECT * FROM users WHERE id = 48932,1178581,9
SELECT * FROM users WHERE id = 70399,1111189,20
SELECT * FROM users WHERE id = 35463,1164067,20
SELECT * FROM users WHERE id = 2545,814930,3
SELECT * FROM orders WHERE total > 16584,5886062,65
SELECT COUNT(*) FROM events WHERE month = 'Jun',9080361,86
SELECT * FROM orders WHERE total > 98464,4119342,50
"SELECT name, email FROM users WHERE signup_date > '2025-06-20'",2262284,37
SELECT * FROM users WHERE id = 19625,877841,10
SELECT * FROM orders WHERE total > 61549,4046533,47
SELECT * FROM orders WHERE total > 8707,5478872,54
SELECT * FROM orders WHERE total > 34569,4110858,56
SELECT * FROM users WHERE id = 82197,1104793,18
SELECT * FROM orders WHERE total > 11630,4935398,53
SELECT * FROM users WHERE id = 23257,808564,17
"SELECT user_id, SUM(total) FROM orders WHERE region = 'toys' GROUP BY user_id",9952636,97
SELECT * FROM users WHERE id = 35786,1155540,12
"SELECT * FROM users WHERE id IN (330, 738, 620, 715, 10)",1479961,16
SELECT * FROM users WHERE id = 91718,1180838,16
SELECT * FROM users WHERE id = 26665,1111873,12
SELECT * FROM orders WHERE total > 92192,4416226,55
SELECT * FROM users WHERE id = 10089,1045821,5
SELECT * FROM users WHERE id = 7934,1161785,14
SELECT * FROM orders WHERE total > 91079,5349189,56
SELECT * FROM orders WHERE total > 49347,4609508,53
SELECT COUNT(*) FROM events WHERE month = 'Jun',9167052,104
"SELECT * FROM orders WHERE status IN ('delivered', 'pending', 'delivered', 'pending')",2809069,36
SELECT * FROM orders WHERE total > 45800,4837812,61
SELECT COUNT(*) FROM events WHERE month = 'Jan',9052788,103
SELECT * FROM orders WHERE total > 9026,5961429,55
SELECT * FROM users WHERE id = 62892,864691,10
SELECT * FROM orders WHERE total > 66114,4543952,53
SELECT * FROM users WHERE id = 46088,837480,10
"SELECT user_id, SUM(total) FROM orders WHERE region = 'electronics' GROUP BY user_id",9979524,114
SELECT COUNT(*) FROM events WHERE month = 'Jan',10551071,113
SELECT * FROM users WHERE id = 9175,950684,7
SELECT * FROM users WHERE id = 725,1193722,16
SELECT * FROM orders WHERE total > 3972,4527973,49
"SELECT name, email FROM users WHERE signup_date > '2025-01-01'",3292078,35
SELECT * FROM orders WHERE status IN ('delivered'),2153917,27
SELECT * FROM users WHERE id = 51824,1092615,23
SELECT * FROM users WHERE id = 67336,953960,14
SELECT * FROM orders WHERE total > 18834,5054980,52
SELECT * FROM users WHERE id = 6320,1126429,13
"SELECT user_id, SUM(total) FROM orders WHERE region = 'garden' GROUP BY user_id",9128183,105
SELECT * FROM users WHERE id = 20547,957848,11
SELECT * FROM users WHERE id = 91282,932889,9
SELECT * FROM orders WHERE total > 9660,5907157,70
SELECT * FROM orders WHERE total > 61975,5196148,49
SELECT * FROM orders WHERE total > 51062,4943357,50
SELECT * FROM sessions WHERE duration > 94313,4288072,57
SELECT * FROM orders WHERE total > 17223,5284431,66
SELECT * FROM users WHERE id = 35888,900815,22
SELECT COUNT(*) FROM events WHERE month = 'Feb',9199142,105
SELECT * FROM orders WHERE total > 88109,4499457,45
"SELECT * FROM orders WHERE status IN ('pending', 'shipped', 'shipped')",2981889,41
SELECT * FROM users WHERE id = 94328,1175353,23
SELECT * FROM users WHERE id = 55927,933087,7
SELECT * FROM users WHERE id = 19613,986296,4
SELECT * FROM users WHERE id = 26201,1033367,8
SELECT * FROM orders WHERE total > 47968,5890671,53
SELECT COUNT(*) FROM events WHERE month = 'Apr',11567081,120
SELECT * FROM users WHERE id = 18198,1047736,9
SELECT * FROM users WHERE id IN (814),1280761,24
SELECT * FROM users WHERE id = 53945,858443,23
SELECT * FROM users WHERE id = 68184,1111674,18
SELECT * FROM users WHERE id = 44477,1157777,11
"SELECT * FROM users WHERE id IN (568, 941)",1086690,20
"SELECT * FROM users WHERE id IN (597, 391, 820)",1186468,13
SELECT * FROM users WHERE id = 82091,1069345,11
SELECT * FROM users WHERE id = 10738,887629,19
SELECT * FROM users WHERE id = 69975,986430,4
SELECT * FROM products WHERE category = 'books',1885592,21
SELECT * FROM users WHERE id = 13667,843348,4
SELECT * FROM users WHERE id = 55172,1060065,11
SELECT * FROM users WHERE id = 82667,876557,18
"SELECT name, email FROM users WHERE signup_date > '2025-03-15'",3816894,33
SELECT * FROM products WHERE category = 'toys',1919628,33
SELECT * FROM products WHERE category = 'books',1525691,26
SELECT * FROM orders WHERE total > 93125,4962561,60
SELECT * FROM users WHERE id IN (602),1426840,23
SELECT * FROM users WHERE id IN (739),1119330,18
"SELECT user_id, SUM(total) FROM orders WHERE region = 'electronics' GROUP BY user_id",8938367,98
SELECT * FROM orders WHERE total > 15581,5388662,50
SELECT * FROM orders WHERE total > 82662,5994775,67
"SELECT * FROM users WHERE id IN (242, 777)",1077764,11
SELECT * FROM users WHERE id = 63057,1012784,13
SELECT * FROM orders WHERE total > 40676,5654199,71
SELECT * FROM orders WHERE total > 48303,5700799,64
SELECT COUNT(*) FROM events WHERE month = 'Apr',9413241,105
SELECT * FROM users WHERE id = 74146,804231,15
"SELECT name, email FROM users WHERE signup_date > '2025-09-10'",2638064,23
SELECT COUNT(*) FROM events WHERE month = 'Feb',10129493,115
SELECT * FROM products WHERE category = 'books',2342409,28
"SELECT * FROM users WHERE id IN (660, 787)",1048502,14
"SELECT user_id, SUM(total) FROM orders WHERE region = 'toys' GROUP BY user_id",7934934,92
SELECT * FROM users WHERE id = 12026,1030707,10
SELECT * FROM orders WHERE total > 26176,5131877,55
SELECT * FROM users WHERE id = 24607,973830,6
SELECT * FROM users WHERE id = 23132,1192264,12
SELECT * FROM users WHERE id = 47158,967542,22
SELECT * FROM products WHERE category = 'toys',1692969,17
SELECT * FROM users WHERE id = 89297,923769,12
SELECT COUNT(*) FROM events WHERE month = 'Jun',9509248,105
SELECT * FROM orders WHERE total > 78730,4135801,36
SELECT * FROM orders WHERE total > 63016,4252611,51
SELECT * FROM users WHERE id = 37843,831493,4
SELECT * FROM users WHERE id = 96046,1064507,17
SELECT COUNT(*) FROM events WHERE month = 'Apr',9005614,96
SELECT * FROM orders WHERE total > 61831,5422447,52
SELECT * FROM users WHERE id = 92971,986446,21
"SELECT * FROM users WHERE id IN (959, 773, 36)",1322576,16
SELECT * FROM users WHERE id = 20408,1121057,16
SELECT * FROM users WHERE id = 55668,1104609,23
SELECT * FROM users WHERE id = 80739,1025010,16
SELECT * FROM users WHERE id = 18212,1033229,10
"SELECT * FROM users WHERE id IN (714, 169, 348, 980)",1114433,18
SELECT * FROM orders WHERE total > 69024,5246153,63
"SELECT user_id, SUM(total) FROM orders WHERE region = 'books' GROUP BY user_id",7931061,86
SELECT * FROM users WHERE id = 44552,1110115,9
"SELECT user_id, SUM(total) FROM orders WHERE region = 'books' GROUP BY user_id",9745496,111
"SELECT user_id, SUM(total) FROM orders WHERE region = 'electronics' GROUP BY user_id",7643804,74
SELECT * FROM users WHERE id = 32951,1010974,18
"SELECT name, email FROM users WHERE signup_date > '2025-09-10'",2489333,29
SELECT * FROM orders WHERE total > 19207,5885641,65
SELECT * FROM users WHERE id = 47555,1023286,18
SELECT * FROM users WHERE id = 27519,1175355,22
"SELECT name, email FROM users WHERE signup_date > '2025-09-10'",2187989,36
SELECT * FROM sessions WHERE duration > 23846,4756981,55
SELECT * FROM orders WHERE total > 74220,5024333,48
"SELECT name, email FROM users WHERE signup_date > '2025-01-01'",2829539,26
SELECT * FROM users WHERE id = 16605,1174761,13
SELECT * FROM users WHERE id = 10980,1000408,14
SELECT * FROM orders WHERE total > 48376,4540619,59
SELECT * FROM users WHERE id = 9871,1012456,11
SELECT * FROM users WHERE id = 65879,1031030,24
SELECT * FROM users WHERE id = 5066,996294,10
SELECT * FROM orders WHERE total > 44576,5547285,50
SELECT * FROM orders WHERE total > 68674,4698068,59
SELECT * FROM users WHERE id = 65083,1096916,23
SELECT * FROM orders WHERE total > 50057,4094693,43
SELECT * FROM products WHERE category = 'electronics',1550795,15
SELECT * FROM orders WHERE total > 92639,4263887,51
SELECT COUNT(*) FROM events WHERE month = 'Mar',10834694,107
SELECT * FROM orders WHERE total > 23372,4751070,60
SELECT * FROM users WHERE id = 59627,1126124,12
SELECT * FROM orders WHERE total > 36227,5322836,52
SELECT * FROM users WHERE id = 72627,1013447,6
SELECT * FROM users WHERE id = 64447,965208,16
"SELECT name, email FROM users WHERE signup_date > '2025-09-10'",2837167,39
SELECT * FROM users WHERE id = 46175,976860,9
SELECT * FROM users WHERE id = 65345,811715,9
SELECT * FROM users WHERE id = 28784,1134549,8
SELECT * FROM orders WHERE total > 65028,5651126,68
"SELECT name, email FROM users WHERE signup_date > '2025-01-01'",2990073,34
"SELECT name, email FROM users WHERE signup_date > '2025-06-20'",3356047,33
SELECT * FROM users WHERE id = 36474,919476,15
SELECT COUNT(*) FROM events WHERE month = 'May',11853318,124
SELECT * FROM users WHERE id = 68493,945923,9
SELECT * FROM users WHERE id = 92085,905683,4
SELECT * FROM orders WHERE status IN ('cancelled'),2869556,23
SELECT * FROM orders WHERE total > 72279,4728791,46
SELECT * FROM orders WHERE total > 77731,5617113,56
SELECT * FROM users WHERE id = 65741,872172,5
SELECT * FROM users WHERE id = 18085,1163809,6
"SELECT * FROM orders WHERE status IN ('pending', 'cancelled', 'returned')",2622863,40
SELECT COUNT(*) FROM events WHERE month = 'Apr',9100224,103
SELECT * FROM users WHERE id = 22353,1169963,10
SELECT * FROM users WHERE id = 80014,878854,3
"SELECT * FROM orders WHERE status IN ('delivered', 'delivered', 'delivered', 'cancelled')",2657134,31
SELECT * FROM users WHERE id = 30481,1118979,16
SELECT * FROM users WHERE id = 27058,928907,23
SELECT * FROM users WHERE id = 4503,856954,6
"SELECT * FROM orders WHERE status IN ('returned', 'shipped')",2025724,22
SELECT * FROM products WHERE category = 'toys',2326667,30
SELECT * FROM orders WHERE status IN ('returned'),2944984,41
SELECT * FROM products WHERE category = 'garden',2261973,27
"SELECT * FROM users WHERE id IN (253, 109, 16, 211)",1212521,24
"SELECT * FROM orders WHERE status IN ('cancelled', 'delivered', 'shipped')",2627527,40
SELECT * FROM orders WHERE total > 60217,4487403,51
SELECT * FROM users WHERE id = 90009,867560,21
SELECT * FROM users WHERE id = 42331,837188,21
SELECT * FROM orders WHERE total > 63001,5646237,60
"SELECT * FROM orders WHERE status IN ('pending', 'returned', 'cancelled', 'returned')",2991751,40
SELECT COUNT(*) FROM events WHERE month = 'Feb',9292060,107
SELECT * FROM products WHERE category = 'garden',1550726,24
SELECT * FROM users WHERE id = 6389,856465,16
SELECT * FROM users WHERE id = 60503,1116038,13
SELECT * FROM users WHERE id = 3742,1181493,17
SELECT * FROM users WHERE id = 47064,1155964,19
SELECT * FROM users WHERE id = 65656,811751,21
SELECT * FROM orders WHERE total > 25655,5268966,63
SELECT * FROM orders WHERE total > 30998,5353276,59
SELECT * FROM orders WHERE total > 91718,4075514,41
SELECT * FROM users WHERE id = 55786,1139630,23
SELECT COUNT(*) FROM events WHERE month = 'Feb',10902109,110
"SELECT * FROM orders WHERE status IN ('shipped', 'pending', 'pending', 'returned')",2280821,29
SELECT COUNT(*) FROM events WHERE month = 'Mar',9130056,106
SELECT * FROM orders WHERE total > 3076,5281897,52
SELECT * FROM users WHERE id = 7592,988844,15
SELECT * FROM orders WHERE total > 33993,4200371,53
SELECT * FROM users WHERE id = 62496,966919,15
"SELECT * FROM users WHERE id IN (971, 749, 630, 803)",1436333,19
SELECT * FROM orders WHERE total > 56015,4405545,48
SELECT * FROM orders WHERE total > 50528,4679893,48
SELECT * FROM users WHERE id = 75437,1047435,13
SELECT * FROM users WHERE id = 698,1130325,15
SELECT * FROM users WHERE id = 66137,804700,23
SELECT * FROM users WHERE id = 8185,1090440,21
SELECT * FROM orders WHERE total > 47491,5959155,56
SELECT COUNT(*) FROM events WHERE month = 'Apr',10374581,106
"SELECT * FROM orders WHERE status IN ('cancelled', 'cancelled', 'returned', 'shipped')",2637242,28
SELECT * FROM users WHERE id = 59727,970474,24
SELECT * FROM users WHERE id = 24368,883734,5
SELECT COUNT(*) FROM events WHERE month = 'Feb',10375304,109
"SELECT * FROM users WHERE id IN (62, 91, 796, 55)",1063703,24
SELECT * FROM users WHERE id = 47176,902117,14
"SELECT * FROM users WHERE id IN (654, 802, 484)",1118805,23
SELECT COUNT(*) FROM events WHERE month = 'Jan',9820779,107
SELECT * FROM orders WHERE total > 66769,5481457,51
SELECT COUNT(*) FROM events WHERE month = 'Apr',10059709,99
SELECT * FROM users WHERE id = 81955,1079671,12
SELECT * FROM orders WHERE status IN ('returned'),2756263,42
"SELECT user_id, SUM(total) FROM orders WHERE region = 'electronics' GROUP BY user_id",7685134,73
SELECT * FROM users WHERE id = 22047,1079538,8
SELECT * FROM orders WHERE total > 23846,4973107,54
SELECT * FROM users WHERE id = 63802,1142048,7
SELECT COUNT(*) FROM events WHERE month = 'Mar',10946777,111
SELECT * FROM products WHERE category = 'books',2170154,28
SELECT COUNT(*) FROM events WHERE month = 'Feb',9466786,103
"SELECT user_id, SUM(total) FROM orders WHERE region = 'electronics' GROUP BY user_id",9315062,93
"SELECT name, email FROM users WHERE signup_date > '2025-03-15'",3655173,31
"SELECT name, email FROM users WHERE signup_date > '2025-03-15'",2026833,35
SELECT * FROM products WHERE category = 'garden',1604527,17
SELECT * FROM orders WHERE total > 48523,5553379,58
SELECT * FROM users WHERE id = 92392,806911,8
SELECT COUNT(*) FROM events WHERE month = 'Jun',9901974,94
SELECT COUNT(*) FROM events WHERE month = 'Apr',10283412,101
SELECT * FROM users WHERE id = 1479,1024390,22
SELECT * FROM sessions WHERE duration > 73951,3725275,48
"SELECT user_id, SUM(total) FROM orders WHERE region = 'electronics' GROUP BY user_id",9793442,111
SELECT COUNT(*) FROM events WHERE month = 'Jan',9233894,88
SELECT * FROM users WHERE id = 68385,1095049,8
SELECT * FROM users WHERE id = 76475,1152055,19
SELECT * FROM users WHERE id = 44444,1064945,6
SELECT * FROM products WHERE category = 'toys',1969297,20
SELECT * FROM users WHERE id = 40867,967828,20
SELECT * FROM users WHERE id = 38665,818159,13
SELECT * FROM orders WHERE total > 33239,4816743,57
SELECT * FROM orders WHERE total > 92150,4644509,46
SELECT * FROM users WHERE id = 84796,1053344,13
SELECT COUNT(*) FROM events WHERE month = 'Mar',10264184,104
SELECT * FROM users WHERE id = 11625,1091365,21
SELECT COUNT(*) FROM events WHERE month = 'Jun',10370270,106
SELECT * FROM users WHERE id = 38634,1024808,9
SELECT COUNT(*) FROM events WHERE month = 'Jun',9666652,109
SELECT * FROM orders WHERE total > 31229,5112751,57
SELECT * FROM users WHERE id = 90751,891971,4
SELECT COUNT(*) FROM events WHERE month = 'Apr',10354245,107
SELECT COUNT(*) FROM events WHERE month = 'Feb',11215013,127
SELECT * FROM orders WHERE total > 48155,5478448,51
SELECT * FROM products WHERE category = 'books',1884269,15
"SELECT name, email FROM users WHERE signup_date > '2025-03-15'",3999047,54
"SELECT user_id, SUM(total) FROM orders WHERE region = 'auto' GROUP BY user_id",7523953,85
SELECT * FROM users WHERE id = 28934,1016038,11
SELECT COUNT(*) FROM events WHERE month = 'Apr',10711518,103
SELECT * FROM orders WHERE total > 20241,4775939,62
SELECT * FROM orders WHERE total > 68214,5813895,64
SELECT * FROM orders WHERE total > 44754,5654336,69
SELECT * FROM users WHERE id = 31098,824351,3
SELECT * FROM orders WHERE total > 30623,5214552,61
SELECT * FROM users WHERE id = 37738,1106376,21
SELECT * FROM users WHERE id = 62010,947999,24
SELECT * FROM users WHERE id IN (706),1276462,25
SELECT COUNT(*) FROM events WHERE month = 'May',9685578,106
SELECT COUNT(*) FROM events WHERE month = 'Jun',9636989,106
SELECT * FROM users WHERE id = 65488,954916,4
SELECT COUNT(*) FROM events WHERE month = 'Jan',10019802,109
"SELECT name, email FROM users WHERE signup_date > '2025-01-01'",3216990,31
"SELECT user_id, SUM(total) FROM orders WHERE region = 'toys' GROUP BY user_id",8159661,89
"SELECT * FROM users WHERE id IN (228, 923, 193, 177, 203)",1492470,12
SELECT * FROM orders WHERE total > 60728,4746086,52
SELECT * FROM users WHERE id = 37370,1154961,6
SELECT * FROM orders WHERE total > 61764,5273331,62
SELECT * FROM orders WHERE total > 35585,4754781,44
"SELECT * FROM users WHERE id IN (437, 110, 387, 371)",1289595,22
SELECT COUNT(*) FROM events WHERE month = 'Feb',11215674,110
SELECT * FROM users WHERE id = 57659,1179026,16
SELECT COUNT(*) FROM events WHERE month = 'Jun',11711105,120
SELECT * FROM users WHERE id = 98739,1195844,6
SELECT COUNT(*) FROM events WHERE month = 'May',11273815,111
SELECT * FROM users WHERE id = 36621,1032914,5
SELECT * FROM products WHERE category = 'books',2136766,22
SELECT * FROM users WHERE id = 2081,1062609,16
SELECT COUNT(*) FROM events WHERE month = 'Feb',9081473,87
SELECT COUNT(*) FROM events WHERE month = 'Apr',11566597,113
"SELECT name, email FROM users WHERE signup_date > '2025-09-10'",3170351,40
SELECT * FROM products WHERE category = 'auto',2413080,23
SELECT * FROM users WHERE id = 6040,1075937,8
SELECT * FROM users WHERE id = 97529,1142929,11
"SELECT * FROM users WHERE id IN (786, 720)",1085287,11
SELECT COUNT(*) FROM events WHERE month = 'Jan',10255657,114
SELECT * FROM orders WHERE total > 98192,5257180,54
SELECT * FROM users WHERE id = 15802,1115016,8
SELECT * FROM orders WHERE total > 41477,4588290,59
SELECT COUNT(*) FROM events WHERE month = 'May',11972727,117
SELECT * FROM users WHERE id = 34360,1105130,15
SELECT * FROM users WHERE id = 96613,929384,24
SELECT * FROM orders WHERE total > 66769,4874403,54
SELECT * FROM orders WHERE total > 72905,4256233,38
SELECT COUNT(*) FROM events WHERE month = 'Apr',10124716,103
"SELECT name, email FROM users WHERE signup_date > '2025-09-10'",2936444,42
"SELECT user_id, SUM(total) FROM orders WHERE region = 'electronics' GROUP BY user_id",7796384,75
SELECT COUNT(*) FROM events WHERE month = 'Jan',11642496,111
SELECT * FROM users WHERE id = 65170,977835,7
SELECT * FROM orders WHERE total > 58276,5973381,72
SELECT * FROM users WHERE id = 21992,1098533,23
SELECT COUNT(*) FROM events WHERE month = 'Jan',9662531,105
"SELECT * FROM users WHERE id IN (826, 49, 797, 612)",1415647,22
SELECT * FROM products WHERE category = 'electronics',2159503,23
"SELECT name, email FROM users WHERE signup_date > '2025-06-20'",3254865,43
SELECT * FROM users WHERE id = 24461,844328,20
SELECT * FROM orders WHERE total > 42025,5436893,59
SELECT * FROM products WHERE category = 'electronics',1751317,16
SELECT * FROM users WHERE id = 23015,1147249,13
SELECT * FROM users WHERE id = 65051,996019,15
SELECT * FROM users WHERE id = 19489,854152,10
SELECT * FROM orders WHERE total > 71911,5168769,64
SELECT * FROM sessions WHERE duration > 16013,3942385,38
SELECT * FROM orders WHERE total > 38243,4094756,36
SELECT * FROM orders WHERE total > 693,4613638,52
SELECT * FROM users WHERE id = 67470,919736,17
SELECT * FROM users WHERE id = 30602,1012744,5
SELECT * FROM users WHERE id = 89772,1152416,22
SELECT COUNT(*) FROM events WHERE month = 'May',11056637,124
SELECT * FROM products WHERE category = 'garden',1937418,27
SELECT * FROM orders WHERE total > 45161,5120919,62
SELECT * FROM users WHERE id = 27994,1120240,12
"SELECT name, email FROM users WHERE signup_date > '2025-06-20'",2509207,40
"SELECT * FROM users WHERE id IN (393, 128)",1275822,23
SELECT * FROM users WHERE id = 18397,834243,11
SELECT * FROM products WHERE category = 'auto',2169329,31
SELECT * FROM orders WHERE total > 83415,5083721,57
"SELECT * FROM users WHERE id IN (585, 952)",1251991,15
SELECT * FROM users WHERE id = 84847,863302,18
SELECT COUNT(*) FROM events WHERE month = 'Feb',11042787,116
SELECT * FROM users WHERE id = 10633,1184992,19
SELECT COUNT(*) FROM events WHERE month = 'Jun',9430117,103
SELECT * FROM products WHERE category = 'garden',2438952,21
"SELECT name, email FROM users WHERE signup_date > '2025-01-01'",2642846,22
"SELECT * FROM users WHERE id IN (661, 246)",1312628,18
SELECT * FROM products WHERE category = 'books',2405185,27
SELECT * FROM orders WHERE total > 18854,5785782,64
SELECT * FROM users WHERE id = 35916,910322,11
"SELECT * FROM users WHERE id IN (243, 930, 514)",1330895,13
SELECT * FROM users WHERE id = 11425,932069,10
SELECT * FROM users WHERE id = 66335,1032270,25
SELECT * FROM orders WHERE total > 49576,4666597,49
SELECT COUNT(*) FROM events WHERE month = 'May',10063015,109
SELECT * FROM orders WHERE total > 5921,4466508,51
SELECT * FROM users WHERE id = 63495,864881,6
SELECT * FROM users WHERE id = 29053,868452,10
SELECT * FROM orders WHERE total > 67741,4709803,55
SELECT * FROM products WHERE category = 'books',1877717,31
"SELECT * FROM orders WHERE status IN ('pending', 'delivered', 'cancelled', 'shipped')",2344773,28
SELECT * FROM orders WHERE total > 28254,4087654,52
SELECT * FROM orders WHERE total > 88801,4161632,50
SELECT * FROM users WHERE id = 68730,1010437,9
SELECT * FROM users WHERE id = 88300,1147149,24
SELECT * FROM users WHERE id = 79202,840504,22
SELECT COUNT(*) FROM events WHERE month = 'Apr',9083232,104
SELECT COUNT(*) FROM events WHERE month = 'Jan',9851060,108
"SELECT user_id, SUM(total) FROM orders WHERE region = 'electronics' GROUP BY user_id",9733093,99
SELECT * FROM orders WHERE total > 96707,4687461,44
SELECT * FROM products WHERE category = 'garden',1571876,22
"SELECT user_id, SUM(total) FROM orders WHERE region = 'auto' GROUP BY user_id",7630555,85
SELECT * FROM users WHERE id = 98233,802004,15
SELECT * FROM orders WHERE total > 79142,5824889,62
SELECT * FROM orders WHERE total > 60705,4698381,47
"SELECT name, email FROM users WHERE signup_date > '2025-01-01'",2751353,28
SELECT * FROM orders WHERE total > 53952,5268641,55
SELECT * FROM sessions WHERE duration > 2198,3421774,32
"SELECT name, email FROM users WHERE signup_date > '2025-09-10'",3993199,48
"SELECT user_id, SUM(total) FROM orders WHERE region = 'electronics' GROUP BY user_id",9073344,99
"SELECT * FROM users WHERE id IN (532, 887, 365, 104)",1355364,27
SELECT * FROM users WHERE id = 46093,1015053,14
SELECT * FROM orders WHERE total > 75153,4545016,55
SELECT * FROM users WHERE id = 1687,882412,16
SELECT COUNT(*) FROM events WHERE month = 'Apr',10995135,122
"SELECT name, email FROM users WHERE signup_date > '2025-01-01'",2071199,15
SELECT * FROM users WHERE id = 95037,892616,20
SELECT * FROM users WHERE id IN (40),1450328,25
SELECT * FROM orders WHERE total > 10260,4654978,47
SELECT * FROM users WHERE id = 68763,1077201,7
SELECT * FROM users WHERE id = 46973,936217,12
SELECT * FROM users WHERE id = 92128,975047,5
SELECT * FROM products WHERE category = 'garden',2008115,31
SELECT * FROM sessions WHERE duration > 93004,4727128,57
SELECT * FROM orders WHERE total > 96002,5507354,53
SELECT * FROM users WHERE id = 65729,901430,7
SELECT * FROM orders WHERE total > 9567,4251657,41
SELECT * FROM users WHERE id = 68123,1190702,16
SELECT * FROM users WHERE id = 91729,1119076,16
SELECT * FROM users WHERE id = 22778,1180591,9
SELECT * FROM users WHERE id = 97354,958562,18
SELECT * FROM users WHERE id = 76188,830272,5
SELECT * FROM users WHERE id = 44804,869031,7
"SELECT name, email FROM users WHERE signup_date > '2025-06-20'",2266680,19
"SELECT * FROM users WHERE id IN (658, 403, 409, 813, 312)",1022284,22
SELECT COUNT(*) FROM events WHERE month = 'Jun',11088842,125
SELECT * FROM orders WHERE total > 73279,5502611,66
SELECT COUNT(*) FROM events WHERE month = 'Jun',10421675,112
SELECT * FROM products WHERE category = 'auto',1518551,22
SELECT * FROM users WHERE id = 96999,1164743,6
SELECT COUNT(*) FROM events WHERE month = 'Mar',11560722,117
SELECT * FROM orders WHERE total > 16078,4328102,43
SELECT * FROM orders WHERE total > 23391,4109185,41
SELECT * FROM sessions WHERE duration > 84747,4639023,49
SELECT COUNT(*) FROM events WHERE month = 'May',9695423,91
SELECT COUNT(*) FROM events WHERE month = 'May',9761211,100
SELECT COUNT(*) FROM events WHERE month = 'Jan',11941685,127
SELECT * FROM users WHERE id = 91425,892951,8
SELECT COUNT(*) FROM events WHERE month = 'Apr',10996281,122
SELECT * FROM products WHERE category = 'books',1636694,29
SELECT COUNT(*) FROM events WHERE month = 'Feb',11957973,133
SELECT * FROM orders WHERE total > 57649,4317019,57
"SELECT * FROM orders WHERE status IN ('cancelled', 'cancelled', 'returned')",2991756,36
SELECT * FROM orders WHERE total > 5041,5253297,49
SELECT * FROM users WHERE id = 36112,1107052,15
SELECT * FROM orders WHERE total > 67209,4895125,57
SELECT * FROM users WHERE id = 31338,1187902,13
SELECT * FROM orders WHERE total > 76213,4609857,43
"SELECT * FROM users WHERE id IN (985, 456, 495)",1442750,14
"SELECT user_id, SUM(total) FROM orders WHERE region = 'toys' GROUP BY user_id",9447242,98
SELECT * FROM products WHERE category = 'toys',2104658,30
SELECT * FROM users WHERE id = 1889,940142,8
SELECT * FROM products WHERE category = 'garden',2304166,20
"SELECT name, email FROM users WHERE signup_date > '2025-01-01'",3618786,44
SELECT * FROM orders WHERE total > 50556,4486044,39
SELECT COUNT(*) FROM events WHERE month = 'Feb',9029025,95
SELECT * FROM users WHERE id = 63003,1189708,6
SELECT * FROM users WHERE id = 58645,982552,11
SELECT * FROM orders WHERE total > 24544,4955594,63
SELECT * FROM users WHERE id = 17751,1046127,10
SELECT * FROM users WHERE id = 74001,998330,20
SELECT * FROM orders WHERE total > 92181,5181465,58
"SELECT user_id, SUM(total) FROM orders WHERE region = 'books' GROUP BY user_id",9162885,106
SELECT * FROM users WHERE id = 11755,829449,11
SELECT COUNT(*) FROM events WHERE month = 'Mar',11383649,121
SELECT * FROM users WHERE id = 91406,1119550,18
SELECT * FROM users WHERE id = 31180,1054321,23
SELECT * FROM users WHERE id = 1314,1054226,13
SELECT * FROM orders WHERE total > 34644,4866872,54
SELECT * FROM users WHERE id = 79438,1014638,25
SELECT * FROM users WHERE id = 94582,829933,10
SELECT * FROM users WHERE id = 73741,903569,13
SELECT COUNT(*) FROM events WHERE month = 'Jun',9657731,105
SELECT * FROM users WHERE id = 8338,1111790,16
SELECT * FROM users WHERE id = 29276,965133,17
SELECT * FROM users WHERE id = 68696,836170,7
SELECT * FROM users WHERE id = 34543,1145509,11
SELECT * FROM users WHERE id = 2292,907555,15
SELECT * FROM orders WHERE total > 26405,4990656,55
"SELECT name, email FROM users WHERE signup_date > '2025-06-20'",3629228,49
SELECT * FROM products WHERE category = 'books',2121817,33
SELECT * FROM users WHERE id = 9233,1125758,21
SELECT * FROM users WHERE id = 69273,1111608,17
SELECT * FROM orders WHERE total > 81028,5191265,55
"SELECT name, email FROM users WHERE signup_date > '2025-09-10'",3657767,48
SELECT * FROM users WHERE id = 71860,920308,24
SELECT * FROM users WHERE id = 96300,1147041,6
SELECT * FROM users WHERE id = 60320,825398,19
SELECT * FROM orders WHERE total > 349,4236751,40
SELECT * FROM orders WHERE total > 38022,4406609,43
SELECT * FROM products WHERE category = 'books',2369570,37
SELECT * FROM users WHERE id = 4636,1107209,24
SELECT COUNT(*) FROM events WHERE month = 'May',10675809,107
"SELECT * FROM users WHERE id IN (151, 992, 904)",1471403,25
SELECT * FROM users WHERE id = 21866,1155808,15
SELECT COUNT(*) FROM events WHERE month = 'Feb',9417335,90
SELECT * FROM products WHERE category = 'electronics',1516433,29
SELECT * FROM users WHERE id = 1344,994373,14
SELECT * FROM users WHERE id = 47834,870701,23
"SELECT user_id, SUM(total) FROM orders WHERE region = 'books' GROUP BY user_id",9791406,100
SELECT * FROM users WHERE id = 20784,949563,21
SELECT * FROM users WHERE id = 8799,923820,10
SELECT * FROM users WHERE id = 81768,1059101,21
SELECT * FROM users WHERE id = 81107,915487,21
SELECT * FROM users WHERE id = 43610,869427,19
SELECT * FROM users WHERE id = 60767,837169,18
SELECT * FROM users WHERE id = 1883,950829,22
"SELECT * FROM users WHERE id IN (533, 488, 867, 52)",1453259,17
SELECT * FROM orders WHERE total > 99913,4765114,43
SELECT * FROM users WHERE id = 50849,1057131,16
SELECT * FROM users WHERE id = 99284,1059956,25
SELECT * FROM orders WHERE total > 93679,4145373,46
"SELECT * FROM users WHERE id IN (145, 400)",1130174,20
SELECT * FROM orders WHERE total > 71146,5001257,62
SELECT * FROM products WHERE category = 'electronics',1713208,21
SELECT * FROM users WHERE id = 44714,1129544,13
SELECT * FROM users WHERE id = 9186,1130861,12
SELECT COUNT(*) FROM events WHERE month = 'Jun',10176003,109
SELECT COUNT(*) FROM events WHERE month = 'May',10161843,97
"SELECT * FROM users WHERE id IN (109, 784, 666, 482)",1376070,9
SELECT * FROM products WHERE category = 'electronics',1631581,27
SELECT * FROM orders WHERE total > 5414,5924009,68
SELECT * FROM users WHERE id = 3838,841538,13
SELECT * FROM orders WHERE total > 29156,4707069,57
SELECT * FROM orders WHERE total > 40500,4324597,47
"SELECT name, email FROM users WHERE signup_date > '2025-06-20'",3538832,48
SELECT COUNT(*) FROM events WHERE month = 'Mar',10514155,100
SELECT * FROM products WHERE category = 'books',1611278,18
SELECT * FROM users WHERE id = 48688,855213,12
"SELECT * FROM orders WHERE status IN ('shipped', 'delivered')",2383646,33
SELECT * FROM users WHERE id = 17487,909815,22
SELECT COUNT(*) FROM events WHERE month = 'Apr',9423335,94
SELECT * FROM users WHERE id = 59573,1052838,6
SELECT COUNT(*) FROM events WHERE month = 'Mar',9716761,99
SELECT * FROM users WHERE id = 77682,1079938,8
SELECT COUNT(*) FROM events WHERE month = 'Mar',9793954,98
SELECT * FROM products WHERE category = 'auto',1757246,15
SELECT * FROM users WHERE id = 23739,901537,13
SELECT COUNT(*) FROM events WHERE month = 'Mar',10946449,106
SELECT * FROM users WHERE id = 62728,897301,4
SELECT * FROM users WHERE id = 40716,1118995,22
SELECT * FROM products WHERE category = 'auto',2028481,18
SELECT * FROM orders WHERE total > 500,5720941,67
"SELECT user_id, SUM(total) FROM orders WHERE region = 'garden' GROUP BY user_id",9542987,101
SELECT * FROM products WHERE category = 'garden',2092309,30
SELECT * FROM orders WHERE total > 9346,4106379,46
SELECT * FROM users WHERE id = 97853,1147524,13
SELECT COUNT(*) FROM events WHERE month = 'Apr',10620732,102
SELECT * FROM sessions WHERE duration > 33929,3488627,43
SELECT * FROM sessions WHERE duration > 23109,4370739,43
SELECT * FROM products WHERE category = 'electronics',1574558,16
SELECT * FROM orders WHERE total > 32739,4908909,47
SELECT * FROM users WHERE id = 32594,1143228,26
"SELECT user_id, SUM(total) FROM orders WHERE region = 'toys' GROUP BY user_id",7664572,82
"SELECT name, email FROM users WHERE signup_date > '2025-01-01'",2117637,25
SELECT * FROM orders WHERE total > 22100,5560278,59
SELECT * FROM products WHERE category = 'toys',1907497,34
SELECT * FROM users WHERE id = 40635,803501,18
SELECT * FROM users WHERE id = 24922,1122617,10
SELECT * FROM users WHERE id = 35330,1013244,6
SELECT * FROM users WHERE id = 61204,812470,11
SELECT * FROM users WHERE id = 43785,1121485,21
"SELECT name, email FROM users WHERE signup_date > '2025-06-20'",3545161,41
SELECT * FROM users WHERE id = 32743,1184428,7
SELECT * FROM users WHERE id = 71960,1142260,24
SELECT COUNT(*) FROM events WHERE month = 'Feb',10760913,102
SELECT * FROM users WHERE id = 45691,1193727,22
SELECT * FROM users WHERE id = 11866,1095681,11
"SELECT * FROM users WHERE id IN (1000, 80, 358, 722)",1098588,23
SELECT * FROM orders WHERE total > 51013,5105565,62
SELECT * FROM orders WHERE total > 3325,4320869,40
SELECT * FROM orders WHERE total > 1710,5056437,56
SELECT * FROM orders WHERE total > 30484,4679553,46
"SELECT user_id, SUM(total) FROM orders WHERE region = 'toys' GROUP BY user_id",7888683,85
SELECT * FROM orders WHERE total > 20574,5770924,57
"SELECT user_id, SUM(total) FROM orders WHERE region = 'books' GROUP BY user_id",7602036,84
"SELECT user_id, SUM(total) FROM orders WHERE region = 'electronics' GROUP BY user_id",7808415,89
SELECT * FROM users WHERE id = 42236,1124884,6
"SELECT name, email FROM users WHERE signup_date > '2025-06-20'",2951515,35
SELECT * FROM sessions WHERE duration > 77963,3472361,49
"SELECT user_id, SUM(total) FROM orders WHERE region = 'books' GROUP BY user_id",9317434,95
SELECT * FROM users WHERE id = 56258,903279,21
SELECT COUNT(*) FROM events WHERE month = 'Jan',9994327,103
SELECT COUNT(*) FROM events WHERE month = 'May',11761832,132
SELECT * FROM users WHERE id = 19144,997805,12
SELECT COUNT(*) FROM events WHERE month = 'Jun',9730961,106
SELECT * FROM orders WHERE total > 67189,5009681,65
SELECT * FROM orders WHERE total > 43058,5788495,66
SELECT * FROM users WHERE id = 6625,1176950,10
SELECT * FROM orders WHERE total > 67214,4924079,46
SELECT * FROM orders WHERE total > 82869,5332413,49
SELECT COUNT(*) FROM events WHERE month = 'May',10522711,102
"SELECT * FROM orders WHERE status IN ('pending', 'pending', 'pending')",2598231,32
"SELECT name, email FROM users WHERE signup_date > '2025-01-01'",2351198,19
SELECT * FROM users WHERE id = 30146,962234,24
SELECT COUNT(*) FROM events WHERE month = 'Jun',11104687,123
"SELECT name, email FROM users WHERE signup_date > '2025-03-15'",3968356,50
SELECT * FROM users WHERE id = 8502,1191590,14
SELECT * FROM users WHERE id = 56214,998058,12
SELECT * FROM users WHERE id = 96528,841772,18
"SELECT user_id, SUM(total) FROM orders WHERE region = 'electronics' GROUP BY user_id",9924684,113
SELECT * FROM users WHERE id = 72790,866885,13
"SELECT * FROM users WHERE id IN (938, 703, 386)",1177202,24
SELECT * FROM users WHERE id = 57380,864738,10
SELECT * FROM users WHERE id = 45420,883477,6
SELECT * FROM users WHERE id = 34848,992769,9
SELECT * FROM sessions WHERE duration > 92762,4424272,51
SELECT * FROM users WHERE id = 7334,905170,4
SELECT COUNT(*) FROM events WHERE month = 'Jan',9476007,101
SELECT * FROM products WHERE category = 'auto',2199269,25
SELECT * FROM users WHERE id IN (731),1189670,16
SELECT * FROM users WHERE id = 22159,1168572,6
SELECT * FROM users WHERE id = 57747,1052297,6
SELECT * FROM orders WHERE total > 79865,4050568,44
SELECT * FROM users WHERE id = 99277,1102795,14
SELECT * FROM users WHERE id = 887,1006592,14
SELECT * FROM users WHERE id IN (481),1292677,11
"SELECT name, email FROM users WHERE signup_date > '2025-09-10'",3066703,40
SELECT COUNT(*) FROM events WHERE month = 'May',10637994,107
SELECT * FROM orders WHERE total > 16157,4921434,50
SELECT * FROM products WHERE category = 'garden',1607065,28
SELECT * FROM users WHERE id = 562,1050187,20
"SELECT * FROM orders WHERE status IN ('shipped', 'delivered')",2735019,25
"SELECT * FROM orders WHERE status IN ('returned', 'delivered', 'returned', 'returned')",2316901,33
SELECT * FROM orders WHERE total > 52287,5109604,53
SELECT * FROM users WHERE id = 32508,807659,19
SELECT * FROM orders WHERE total > 57641,5294407,52
SELECT * FROM products WHERE category = 'electronics',1867831,29
SELECT * FROM orders WHERE total > 52060,4955831,53
SELECT * FROM users WHERE id = 8377,875458,4
SELECT * FROM users WHERE id = 1640,1128244,7
SELECT * FROM users WHERE id = 88382,943575,7
SELECT COUNT(*) FROM events WHERE month = 'Jan',10838936,116
"SELECT user_id, SUM(total) FROM orders WHERE region = 'garden' GROUP BY user_id",8544306,81
SELECT * FROM orders WHERE total > 40147,5238779,66
"SELECT user_id, SUM(total) FROM orders WHERE region = 'garden' GROUP BY user_id",9852173,95
SELECT * FROM orders WHERE total > 19767,5301799,62
SELECT * FROM products WHERE category = 'books',2241226,33
SELECT * FROM sessions WHERE duration > 12931,3117535,31
SELECT * FROM users WHERE id = 55448,921822,4
SELECT COUNT(*) FROM events WHERE month = 'Mar',10070718,112
SELECT * FROM orders WHERE total > 85021,4420486,40
SELECT * FROM orders WHERE status IN ('pending'),2220839,28
SELECT * FROM products WHERE category = 'garden',1976159,15
SELECT * FROM users WHERE id = 211,882339,5
SELECT * FROM users WHERE id = 49703,879492,8
SELECT COUNT(*) FROM events WHERE month = 'Jun',9146708,86
SELECT * FROM users WHERE id = 75527,999199,11
SELECT * FROM orders WHERE total > 65441,4906868,45
SELECT * FROM orders WHERE total > 69377,4533243,54
SELECT * FROM orders WHERE total > 43921,5320081,64
"SELECT user_id, SUM(total) FROM orders WHERE region = 'toys' GROUP BY user_id",9894611,93
SELECT COUNT(*) FROM events WHERE month = 'Jan',10153806,97
SELECT * FROM users WHERE id = 21546,1053586,17
SELECT * FROM orders WHERE total > 97140,4999619,46
SELECT COUNT(*) FROM events WHERE month = 'Feb',10332879,99
SELECT * FROM products WHERE category = 'electronics',2347923,30
SELECT * FROM orders WHERE total > 93935,4898593,56
SELECT * FROM users WHERE id = 13439,1044141,19
SELECT * FROM orders WHERE total > 65698,4543696,41
SELECT * FROM users WHERE id = 34097,1032392,10
SELECT * FROM users WHERE id = 63986,908510,20
SELECT * FROM users WHERE id = 33473,834555,14
SELECT * FROM sessions WHERE duration > 4909,3478729,45
SELECT * FROM products WHERE category = 'toys',1647882,11
SELECT * FROM orders WHERE total > 13375,5637120,68
"SELECT user_id, SUM(total) FROM orders WHERE region = 'books' GROUP BY user_id",9096987,99
SELECT * FROM users WHERE id = 31288,851654,7
SELECT * FROM orders WHERE total > 93489,5380142,62
SELECT * FROM users WHERE id = 70677,1039197,11
SELECT COUNT(*) FROM events WHERE month = 'Mar',10383003,111
"SELECT * FROM users WHERE id IN (350, 447, 465, 762)",1059347,12
SELECT * FROM orders WHERE total > 40831,4867720,44
"SELECT * FROM users WHERE id IN (77, 38)",1012663,16
SELECT * FROM orders WHERE total > 11241,5392786,68
SELECT COUNT(*) FROM events WHERE month = 'Jan',11577331,121
SELECT COUNT(*) FROM events WHERE month = 'Feb',11640451,130
"SELECT * FROM users WHERE id IN (6, 955, 750)",1213796,18
SELECT * FROM orders WHERE total > 53456,4668965,47
"SELECT * FROM orders WHERE status IN ('shipped', 'cancelled', 'shipped', 'cancelled')",2921452,36
"SELECT * FROM orders WHERE status IN ('pending', 'delivered', 'pending', 'cancelled')",2978261,33
"SELECT * FROM users WHERE id IN (799, 746, 455)",1315192,21
SELECT COUNT(*) FROM events WHERE month = 'Jan',11865098,122
SELECT * FROM sessions WHERE duration > 34026,4467955,41
SELECT * FROM orders WHERE total > 321,5031408,61
SELECT COUNT(*) FROM events WHERE month = 'Mar',11251159,117
SELECT * FROM users WHERE id = 15724,1035144,24
SELECT * FROM orders WHERE total > 89533,4066983,53
"SELECT * FROM users WHERE id IN (490, 189)",1395039,9
SELECT * FROM users WHERE id = 69382,904161,9
SELECT * FROM orders WHERE total > 77798,4332887,47
SELECT * FROM orders WHERE total > 92311,4863563,56
SELECT COUNT(*) FROM events WHERE month = 'Jun',10776905,120
SELECT * FROM users WHERE id = 56174,1118639,7
"SELECT name, email FROM users WHERE signup_date > '2025-06-20'",2945728,44
SELECT * FROM users WHERE id = 48180,997867,16
SELECT * FROM users WHERE id = 49473,1005522,7
SELECT * FROM orders WHERE total > 68140,5228744,54
SELECT * FROM orders WHERE total > 65700,4454312,53
SELECT * FROM orders WHERE total > 51021,5027364,56
SELECT * FROM orders WHERE total > 70400,5724773,65
"SELECT name, email FROM users WHERE signup_date > '2025-09-10'",3470289,35
SELECT * FROM orders WHERE total > 57816,4397779,54
SELECT * FROM users WHERE id = 97249,1184894,23
SELECT * FROM users WHERE id = 63260,1173865,19
SELECT COUNT(*) FROM events WHERE month = 'May',9295265,107
SELECT * FROM users WHERE id = 12378,1096743,18
"SELECT * FROM users WHERE id IN (451, 536, 522, 425, 458)",1208603,8
SELECT * FROM orders WHERE total > 80336,5202039,49
SELECT COUNT(*) FROM events WHERE month = 'Apr',9279776,104
SELECT * FROM users WHERE id = 45877,846782,18
"SELECT user_id, SUM(total) FROM orders WHERE region = 'auto' GROUP BY user_id",9333293,101
SELECT * FROM users WHERE id = 74188,1096910,22
SELECT * FROM users WHERE id = 62775,995726,22
SELECT * FROM users WHERE id = 92844,898935,21
SELECT * FROM orders WHERE total > 79696,5286153,65
SELECT * FROM sessions WHERE duration > 12043,4664044,60
SELECT COUNT(*) FROM events WHERE month = 'Feb',10018179,101
SELECT * FROM users WHERE id = 50634,895794,10
SELECT * FROM users WHERE id = 85995,819894,5
SELECT COUNT(*) FROM events WHERE month = 'Apr',9906859,108
SELECT COUNT(*) FROM events WHERE month = 'Mar',9276817,99
SELECT * FROM users WHERE id = 18764,1079447,7
SELECT * FROM users WHERE id = 94709,844555,22
SELECT * FROM users WHERE id = 28726,932450,22
SELECT * FROM products WHERE category = 'books',2018100,18
"SELECT * FROM users WHERE id IN (560, 587)",1025991,22
SELECT COUNT(*) FROM events WHERE month = 'Jun',11846050,129
SELECT * FROM orders WHERE total > 38686,4383847,40
SELECT COUNT(*) FROM events WHERE month = 'Feb',11536443,111
SELECT * FROM products WHERE category = 'auto',1939613,20
SELECT * FROM products WHERE category = 'garden',2109571,19
SELECT COUNT(*) FROM events WHERE month = 'Feb',11031839,111
SELECT * FROM users WHERE id = 94993,1124566,25
"SELECT name, email FROM users WHERE signup_date > '2025-03-15'",2720511,41
SELECT * FROM orders WHERE total > 8758,4157174,56
SELECT * FROM users WHERE id = 73233,844281,16
"SELECT * FROM orders WHERE status IN ('shipped', 'cancelled', 'cancelled', 'pending')",2857166,43
SELECT * FROM products WHERE category = 'auto',1940314,33
"SELECT user_id, SUM(total) FROM orders WHERE region = 'garden' GROUP BY user_id",7681213,79
SELECT COUNT(*) FROM events WHERE month = 'Apr',10686888,105
SELECT * FROM users WHERE id = 2779,978447,4
SELECT * FROM orders WHERE total > 17541,4978707,57
SELECT * FROM orders WHERE total > 95442,5283587,56
SELECT * FROM users WHERE id = 45827,801009,9
SELECT COUNT(*) FROM events WHERE month = 'Feb',11145130,117
SELECT * FROM users WHERE id IN (381),1361470,15
SELECT * FROM sessions WHERE duration > 44382,4282632,52
SELECT * FROM orders WHERE total > 43487,5847479,63
SELECT * FROM users WHERE id = 71328,1179217,11
SELECT COUNT(*) FROM events WHERE month = 'Jun',9344065,99
SELECT COUNT(*) FROM events WHERE month = 'Feb',11731820,123
SELECT * FROM users WHERE id = 85835,1071579,24
SELECT * FROM users WHERE id = 147,1156270,8
SELECT COUNT(*) FROM events WHERE month = 'Feb',10928624,118
SELECT COUNT(*) FROM events WHERE month = 'Apr',11692113,124
SELECT * FROM users WHERE id = 2331,1030309,19
"SELECT name, email FROM users WHERE signup_date > '2025-01-01'",2828764,39
SELECT * FROM orders WHERE total > 12450,4567614,52
SELECT * FROM users WHERE id = 35893,1050519,14
SELECT * FROM users WHERE id = 1914,1157682,21
SELECT * FROM orders WHERE total > 74491,5184334,56
SELECT * FROM users WHERE id = 74264,823474,20
"SELECT user_id, SUM(total) FROM orders WHERE region = 'toys' GROUP BY user_id",7911504,90
SELECT * FROM users WHERE id = 28064,1049785,9
SELECT * FROM users WHERE id = 90630,925617,15
SELECT COUNT(*) FROM events WHERE month = 'Jan',11730233,123
SELECT * FROM users WHERE id = 23545,817992,14
"SELECT user_id, SUM(total) FROM orders WHERE region = 'electronics' GROUP BY user_id",9753581,103
SELECT * FROM orders WHERE total > 87166,4242947,55
SELECT * FROM users WHERE id IN (989),1176488,20
SELECT * FROM products WHERE category = 'books',2287518,35
SELECT * FROM orders WHERE total > 70072,5305176,67
SELECT * FROM users WHERE id = 82846,881891,7
SELECT * FROM products WHERE category = 'electronics',1971722,24
SELECT * FROM orders WHERE total > 59875,5110474,50
SELECT * FROM users WHERE id IN (663),1352672,20
SELECT * FROM orders WHERE total > 72783,5819618,63
"SELECT * FROM users WHERE id IN (237, 324, 133, 229)",1289445,8
SELECT * FROM orders WHERE status IN ('cancelled'),2244500,20
SELECT * FROM orders WHERE total > 22940,4038887,49
SELECT * FROM orders WHERE total > 46457,4899885,60
SELECT * FROM orders WHERE total > 26613,4022425,50
SELECT * FROM users WHERE id = 18998,810884,16
SELECT * FROM products WHERE category = 'electronics',1931856,32
SELECT * FROM orders WHERE total > 44191,4000443,55
SELECT * FROM users WHERE id = 74340,1072333,12
SELECT * FROM orders WHERE total > 73733,5203473,50
SELECT * FROM users WHERE id = 99817,819880,18
SELECT * FROM users WHERE id = 81423,1053572,20
"SELECT * FROM users WHERE id IN (733, 3, 757)",1396964,17
SELECT * FROM products WHERE category = 'electronics',1691758,20
SELECT * FROM orders WHERE total > 47542,5947546,62
SELECT * FROM users WHERE id = 69879,1011471,11
"SELECT * FROM orders WHERE status IN ('cancelled', 'returned')",2821451,23
SELECT * FROM orders WHERE total > 15334,4151939,43
SELECT * FROM users WHERE id = 94410,840543,7
"SELECT * FROM orders WHERE status IN ('returned', 'shipped', 'cancelled')",2284189,30
SELECT * FROM orders WHERE total > 81785,4609598,47
SELECT * FROM users WHERE id = 43589,866678,14
SELECT * FROM orders WHERE total > 40302,5234066,49
"SELECT name, email FROM users WHERE signup_date > '2025-03-15'",3513526,35
"SELECT * FROM orders WHERE status IN ('delivered', 'shipped')",2256506,32
SELECT COUNT(*) FROM events WHERE month = 'May',9327446,100
"SELECT * FROM users WHERE id IN (420, 118, 638)",1226753,26
SELECT * FROM users WHERE id = 24003,1163140,6
"SELECT * FROM users WHERE id IN (347, 247)",1300216,27
SELECT * FROM users WHERE id = 45852,1049679,21
SELECT COUNT(*) FROM events WHERE month = 'Jan',11848153,131
SELECT COUNT(*) FROM events WHERE month = 'Jun',9911068,111
SELECT * FROM orders WHERE total > 76151,4232494,47
SELECT * FROM users WHERE id = 1722,818199,11
SELECT * FROM orders WHERE total > 89889,5883958,67
SELECT * FROM users WHERE id = 19262,841270,15
SELECT COUNT(*) FROM events WHERE month = 'Jan',9798849,108
SELECT * FROM users WHERE id = 86661,1047546,8
SELECT * FROM products WHERE category = 'garden',1530469,27
SELECT * FROM orders WHERE total > 18707,4779165,52
SELECT * FROM products WHERE category = 'electronics',1748707,19
SELECT * FROM users WHERE id = 20772,850652,22
"SELECT * FROM users WHERE id IN (543, 445)",1357031,8
SELECT * FROM users WHERE id = 90254,1079514,17
SELECT * FROM orders WHERE total > 71265,5206403,53
SELECT * FROM users WHERE id = 118,863311,4
"SELECT * FROM orders WHERE status IN ('returned', 'pending', 'pending')",2568999,20
SELECT * FROM users WHERE id = 14465,922549,19
SELECT * FROM users WHERE id = 33158,1050297,19
SELECT * FROM users WHERE id = 27700,859157,21
SELECT * FROM orders WHERE total > 85583,5649252,57
SELECT COUNT(*) FROM events WHERE month = 'Jan',10300664,112
SELECT COUNT(*) FROM events WHERE month = 'Feb',10301591,105
SELECT * FROM users WHERE id = 27852,1059128,25
SELECT * FROM users WHERE id = 18370,869648,19
SELECT * FROM users WHERE id = 31420,1054897,19
SELECT * FROM sessions WHERE duration > 15741,3233623,37
SELECT * FROM orders WHERE total > 29371,5881589,53
SELECT * FROM users WHERE id = 52224,857218,10
"SELECT * FROM users WHERE id IN (220, 339, 537)",1445515,23
SELECT * FROM products WHERE category = 'garden',2287522,26
SELECT * FROM users WHERE id = 10769,916395,24
SELECT * FROM products WHERE category = 'toys',2253138,18
"SELECT name, email FROM users WHERE signup_date > '2025-06-20'",3639118,37
SELECT * FROM products WHERE category = 'books',1993837,22
"SELECT user_id, SUM(total) FROM orders WHERE region = 'toys' GROUP BY user_id",8142439,89
SELECT COUNT(*) FROM events WHERE month = 'Jan',10577863,120
SELECT COUNT(*) FROM events WHERE month = 'Jan',9496955,89
SELECT * FROM products WHERE category = 'toys',1672066,20
"SELECT * FROM users WHERE id IN (830, 282, 873)",1468740,16
"SELECT * FROM users WHERE id IN (249, 773, 678, 583, 181)",1444444,22
SELECT COUNT(*) FROM events WHERE month = 'Jan',10189233,112
SELECT * FROM users WHERE id = 84443,1009989,10
SELECT * FROM orders WHERE total > 65785,4888412,45
SELECT COUNT(*) FROM events WHERE month = 'Feb',10640485,109
SELECT * FROM users WHERE id = 83579,1126416,24
SELECT * FROM users WHERE id = 65294,1090820,6
"SELECT name, email FROM users WHERE signup_date > '2025-01-01'",3945316,50
SELECT * FROM orders WHERE total > 41251,5642121,68
SELECT * FROM orders WHERE total > 8932,5313043,50
SELECT * FROM orders WHERE total > 9431,4079146,42
SELECT COUNT(*) FROM events WHERE month = 'Jan',10471167,118
SELECT * FROM sessions WHERE duration > 48041,4977131,47
SELECT * FROM users WHERE id = 49191,1147560,22
"SELECT * FROM users WHERE id IN (920, 705)",1338792,25
SELECT * FROM users WHERE id = 74095,818757,5
SELECT COUNT(*) FROM events WHERE month = 'Jan',10127614,114
SELECT * FROM users WHERE id = 52827,912747,23
SELECT * FROM orders WHERE total > 3648,4604304,42
SELECT * FROM users WHERE id = 39808,1081929,7
SELECT * FROM users WHERE id = 36032,879926,23
SELECT * FROM users WHERE id = 57997,1029296,19
SELECT * FROM orders WHERE total > 94896,4318619,44
SELECT * FROM orders WHERE total > 47552,5410691,54
SELECT * FROM users WHERE id = 81361,1102229,18
SELECT * FROM users WHERE id = 40570,1137077,10
SELECT COUNT(*) FROM events WHERE month = 'Jan',10505770,114
SELECT * FROM orders WHERE total > 30848,4784316,45
SELECT * FROM orders WHERE total > 92792,4467316,44
SELECT COUNT(*) FROM events WHERE month = 'Feb',10543706,102
"SELECT user_id, SUM(total) FROM orders WHERE region = 'garden' GROUP BY user_id",7407216,85
SELECT * FROM users WHERE id = 51560,1108292,14
SELECT * FROM orders WHERE total > 61314,5058302,47
SELECT COUNT(*) FROM events WHERE month = 'Feb',10836452,121
SELECT * FROM users WHERE id = 33262,1159126,8
SELECT * FROM products WHERE category = 'auto',1503940,24
SELECT COUNT(*) FROM events WHERE month = 'Feb',11972682,133
"SELECT name, email FROM users WHERE signup_date > '2025-03-15'",2027571,23
"SELECT * FROM users WHERE id IN (593, 230)",1165050,11
SELECT * FROM users WHERE id = 32474,945203,19
SELECT * FROM orders WHERE total > 67954,4053638,47
SELECT * FROM users WHERE id = 95867,897441,8
SELECT COUNT(*) FROM events WHERE month = 'Jun',9181060,95
"SELECT user_id, SUM(total) FROM orders WHERE region = 'books' GROUP BY user_id",9784673,97
SELECT COUNT(*) FROM events WHERE month = 'Jun',9690716,94
"SELECT * FROM orders WHERE status IN ('returned', 'cancelled')",2883644,27
"SELECT name, email FROM users WHERE signup_date > '2025-01-01'",2642288,21
SELECT * FROM sessions WHERE duration > 71877,3346774,39
SELECT * FROM orders WHERE status IN ('returned'),2573950,33
SELECT * FROM products WHERE category = 'books',2395852,24
SELECT * FROM users WHERE id = 56080,1163222,15
SELECT * FROM sessions WHERE duration > 75550,3803025,42
SELECT * FROM products WHERE category = 'toys',1962366,30
SELECT COUNT(*) FROM events WHERE month = 'Apr',11652923,126
SELECT * FROM orders WHERE total > 38028,4615726,59
SELECT * FROM users WHERE id = 19095,1100047,21
SELECT COUNT(*) FROM events WHERE month = 'Apr',9151635,94
SELECT * FROM products WHERE category = 'garden',1805649,17
SELECT * FROM users WHERE id = 29010,1063189,14
SELECT * FROM orders WHERE total > 46613,5322811,48
SELECT * FROM users WHERE id = 97011,912586,18
SELECT * FROM products WHERE category = 'auto',1660041,19
SELECT * FROM users WHERE id = 71490,1077826,7
SELECT * FROM orders WHERE total > 40666,4149642,41
SELECT * FROM orders WHERE total > 3627,4831258,59
SELECT * FROM users WHERE id = 53347,1062963,12
SELECT COUNT(*) FROM events WHERE month = 'Mar',10306371,110
SELECT * FROM products WHERE category = 'toys',1500851,29
"SELECT * FROM users WHERE id IN (817, 459)",1379518,22
"SELECT * FROM users WHERE id IN (165, 240)",1277454,12
SELECT * FROM users WHERE id = 68555,907154,8
SELECT COUNT(*) FROM events WHERE month = 'Mar',11165780,107
SELECT * FROM orders WHERE total > 85310,4775770,42
SELECT * FROM users WHERE id = 6170,904416,8
"SELECT * FROM users WHERE id IN (860, 635)",1459884,9
SELECT * FROM users WHERE id = 24344,830765,4
"SELECT * FROM orders WHERE status IN ('delivered', 'delivered', 'shipped', 'delivered')",2222392,35
SELECT * FROM sessions WHERE duration > 84044,3292993,35
SELECT * FROM products WHERE category = 'toys',2385107,31
SELECT * FROM users WHERE id = 6446,1147420,9
SELECT COUNT(*) FROM events WHERE month = 'Mar',9948634,100
SELECT * FROM products WHERE category = 'electronics',2198783,36
SELECT * FROM orders WHERE total > 73356,4537982,45
SELECT COUNT(*) FROM events WHERE month = 'Jun',9162040,93
SELECT * FROM sessions WHERE duration > 82539,4705101,46
SELECT * FROM orders WHERE total > 94192,5502649,51
SELECT * FROM users WHERE id = 31651,825088,16
SELECT * FROM users WHERE id = 2330,1154622,8
SELECT * FROM orders WHERE total > 11318,4668990,47
SELECT * FROM users WHERE id = 72369,899302,18
SELECT * FROM users WHERE id IN (156),1178887,8
SELECT * FROM users WHERE id = 64992,979583,21
SELECT * FROM users WHERE id = 13439,885067,13
SELECT * FROM orders WHERE total > 99334,4011682,54
SELECT * FROM orders WHERE total > 1157,4005259,42
SELECT * FROM users WHERE id = 75375,940372,5
SELECT COUNT(*) FROM events WHERE month = 'May',11314401,120
SELECT * FROM products WHERE category = 'auto',1572784,24
SELECT * FROM users WHERE id = 96529,1133869,20
SELECT * FROM users WHERE id IN (287),1307471,26
SELECT * FROM orders WHERE total > 79356,4591590,49
SELECT * FROM users WHERE id = 6763,902727,11
SELECT * FROM users WHERE id = 60668,1017451,7
SELECT * FROM users WHERE id = 76976,1175746,12
SELECT * FROM products WHERE category = 'books',2313348,29
"SELECT * FROM orders WHERE status IN ('cancelled', 'delivered')",2501444,34
"SELECT * FROM orders WHERE status IN ('cancelled', 'pending', 'returned', 'pending')",2085151,17
SELECT * FROM users WHERE id = 69276,904956,23
SELECT * FROM orders WHERE total > 79841,4664987,53
SELECT * FROM users WHERE id = 48178,1056089,20
SELECT * FROM orders WHERE total > 61812,5314705,57
SELECT COUNT(*) FROM events WHERE month = 'Jan',10962751,120
SELECT * FROM products WHERE category = 'garden',1712497,21
SELECT * FROM users WHERE id = 31279,952538,11
SELECT * FROM users WHERE id = 79121,979215,16
SELECT * FROM orders WHERE total > 71262,4443267,43
SELECT * FROM users WHERE id = 78923,1070519,8
SELECT * FROM users WHERE id = 16236,903332,8
SELECT * FROM products WHERE category = 'auto',1755054,17
SELECT * FROM users WHERE id = 92488,919733,20
SELECT * FROM users WHERE id = 6268,820735,18
SELECT * FROM orders WHERE total > 42523,4665349,55
SELECT * FROM users WHERE id = 39088,813783,18
SELECT * FROM users WHERE id = 8230,1087702,16
SELECT * FROM orders WHERE total > 86573,4659848,61
SELECT * FROM orders WHERE total > 17775,5973544,62
SELECT COUNT(*) FROM events WHERE month = 'Mar',9582108,110
SELECT COUNT(*) FROM events WHERE month = 'Feb',9948584,103
SELECT * FROM users WHERE id = 81317,1054553,12
SELECT * FROM users WHERE id = 84475,859862,5
SELECT * FROM users WHERE id = 74401,885555,21
SELECT * FROM users WHERE id = 39177,823247,3
SELECT * FROM users WHERE id = 90142,1191359,10
SELECT COUNT(*) FROM events WHERE month = 'Mar',9503434,101
SELECT * FROM orders WHERE total > 87632,4223274,42
SELECT * FROM users WHERE id IN (445),1079718,11
SELECT COUNT(*) FROM events WHERE month = 'May',10409900,113
SELECT * FROM users WHERE id = 25085,911008,21
SELECT * FROM orders WHERE total > 55858,5780792,52
SELECT * FROM products WHERE category = 'auto',2106630,17
SELECT * FROM users WHERE id = 13527,926373,23
SELECT * FROM users WHERE id = 99170,1122745,13
SELECT * FROM users WHERE id = 37470,1110598,13
SELECT * FROM users WHERE id = 66157,803996,4
SELECT * FROM users WHERE id = 26325,1045074,7
SELECT COUNT(*) FROM events WHERE month = 'Feb',9408427,91
"SELECT name, email FROM users WHERE signup_date > '2025-06-20'",2298031,30
SELECT COUNT(*) FROM events WHERE month = 'Jan',10769554,113
SELECT COUNT(*) FROM events WHERE month = 'Jan',9252733,92
SELECT * FROM users WHERE id = 66639,911143,7
SELECT * FROM users WHERE id = 36795,901087,21
SELECT * FROM orders WHERE total > 10512,5362249,63
SELECT * FROM products WHERE category = 'books',1785797,20
"SELECT * FROM users WHERE id IN (582, 410, 268, 191, 545)",1053073,20
SELECT * FROM orders WHERE total > 67810,5769804,63
"SELECT * FROM users WHERE id IN (958, 685, 3, 960)",1313714,13
SELECT * FROM products WHERE category = 'toys',1704530,29
SELECT * FROM users WHERE id = 57962,1177655,9
SELECT * FROM orders WHERE total > 93454,4325434,53
SELECT COUNT(*) FROM events WHERE month = 'May',9137678,101
SELECT COUNT(*) FROM events WHERE month = 'Jan',10633460,106
SELECT * FROM users WHERE id = 25138,1181423,21
SELECT * FROM users WHERE id = 53157,1009118,11
SELECT COUNT(*) FROM events WHERE month = 'Jan',11063334,109
SELECT * FROM orders WHERE total > 32039,5817492,61
SELECT * FROM orders WHERE total > 96708,4613639,51
SELECT * FROM users WHERE id = 19462,821466,16
SELECT * FROM users WHERE id = 61570,1067975,22
SELECT COUNT(*) FROM events WHERE month = 'May',11655748,114
SELECT * FROM products WHERE category = 'auto',2340992,31
SELECT * FROM orders WHERE total > 37040,4651222,41
SELECT * FROM users WHERE id = 40806,846119,4
SELECT * FROM products WHERE category = 'toys',1649009,16
SELECT * FROM users WHERE id = 44012,1174929,19
SELECT * FROM users WHERE id = 75979,946368,10
SELECT * FROM orders WHERE total > 79065,5076703,52
"SELECT user_id, SUM(total) FROM orders WHERE region = 'auto' GROUP BY user_id",8837616,93
SELECT * FROM orders WHERE total > 4449,4448696,57
SELECT COUNT(*) FROM events WHERE month = 'Feb',9660466,95
"SELECT name, email FROM users WHERE signup_date > '2025-06-20'",3931011,35
SELECT * FROM users WHERE id = 26753,858404,20
SELECT * FROM products WHERE category = 'books',2268543,19
"SELECT * FROM users WHERE id IN (297, 657, 536, 910)",1467567,23
"SELECT * FROM users WHERE id IN (647, 872, 402, 606)",1482698,9
SELECT * FROM users WHERE id = 85282,1127466,15
SELECT * FROM users WHERE id = 20175,1012505,9
"SELECT name, email FROM users WHERE signup_date > '2025-01-01'",2746738,36
SELECT * FROM users WHERE id IN (35),1221134,27
"SELECT name, email FROM users WHERE signup_date > '2025-09-10'",2189901,22
SELECT * FROM users WHERE id = 1717,921170,22
"SELECT * FROM users WHERE id IN (797, 771)",1049818,10
SELECT * FROM orders WHERE total > 59313,4794556,50
SELECT * FROM orders WHERE total > 47777,4206031,56
SELECT * FROM products WHERE category = 'auto',2175800,23
SELECT COUNT(*) FROM events WHERE month = 'May',10714154,116
SELECT * FROM orders WHERE total > 13611,5433900,63
SELECT COUNT(*) FROM events WHERE month = 'May',11150260,110
SELECT * FROM orders WHERE total > 12584,4492334,47
SELECT * FROM products WHERE category = 'toys',1819282,19
SELECT * FROM users WHERE id = 19312,1029254,17
"SELECT user_id, SUM(total) FROM orders WHERE region = 'garden' GROUP BY user_id",8656273,99
SELECT * FROM orders WHERE total > 73306,4041429,46
SELECT * FROM products WHERE category = 'books',2222732,26
SELECT * FROM users WHERE id = 37078,1091745,5
SELECT * FROM orders WHERE total > 2319,5144889,54
SELECT * FROM orders WHERE total > 76242,4786417,51
SELECT * FROM orders WHERE total > 91139,4096226,44
SELECT COUNT(*) FROM events WHERE month = 'May',10504267,101
SELECT * FROM users WHERE id = 47028,949284,13
SELECT * FROM users WHERE id = 68300,1055497,14
SELECT * FROM users WHERE id = 49693,1166378,12
SELECT * FROM users WHERE id = 47439,975049,24
SELECT * FROM orders WHERE total > 84644,4969293,52
SELECT * FROM orders WHERE total > 54160,4644930,53
SELECT * FROM users WHERE id = 65855,1044577,15
SELECT * FROM products WHERE category = 'electronics',2013247,23
SELECT * FROM orders WHERE total > 36982,4635943,53
SELECT * FROM users WHERE id = 80632,1097478,25
"SELECT * FROM users WHERE id IN (619, 42, 652)",1275949,13
SELECT * FROM orders WHERE total > 91635,5651993,61
SELECT * FROM orders WHERE total > 80941,5690601,55
SELECT * FROM orders WHERE total > 23146,4943328,50
SELECT * FROM users WHERE id = 15308,800595,15
SELECT COUNT(*) FROM events WHERE month = 'May',11775088,114
SELECT * FROM products WHERE category = 'electronics',1947062,23
SELECT * FROM users WHERE id = 48105,979408,15
"SELECT user_id, SUM(total) FROM orders WHERE region = 'toys' GROUP BY user_id",9027623,99
SELECT * FROM users WHERE id = 99476,812376,18
SELECT * FROM users WHERE id = 5633,856644,6
SELECT * FROM users WHERE id = 80175,1144511,12
SELECT COUNT(*) FROM events WHERE month = 'Apr',10631032,116
SELECT * FROM products WHERE category = 'garden',2140107,21
"SELECT user_id, SUM(total) FROM orders WHERE region = 'garden' GROUP BY user_id",8928166,84
SELECT * FROM users WHERE id = 36299,874732,5
SELECT * FROM products WHERE category = 'books',2187463,31
SELECT * FROM users WHERE id = 41037,973535,11
SELECT * FROM users WHERE id = 44895,861636,10
SELECT * FROM users WHERE id = 1938,1110068,16
"SELECT * FROM orders WHERE status IN ('returned', 'cancelled', 'pending')",2230702,37
SELECT COUNT(*) FROM events WHERE month = 'Jun',11362948,127
SELECT * FROM orders WHERE total > 69513,4075581,35
SELECT * FROM users WHERE id = 5025,898861,4
SELECT * FROM orders WHERE total > 45526,5726556,59
SELECT * FROM orders WHERE total > 38500,5963593,68
SELECT COUNT(*) FROM events WHERE month = 'Mar',9876674,112
SELECT COUNT(*) FROM events WHERE month = 'Mar',10240968,113
SELECT * FROM orders WHERE total > 56189,5589468,61
"SELECT * FROM users WHERE id IN (794, 415, 752, 882, 890)",1115435,19
SELECT * FROM users WHERE id = 6840,902491,10
SELECT * FROM products WHERE category = 'auto',2012490,23
SELECT * FROM users WHERE id = 59209,1052937,24
SELECT * FROM users WHERE id = 27815,996813,14
SELECT * FROM orders WHERE total > 12485,5638299,65
SELECT * FROM products WHERE category = 'books',2017969,29
"SELECT name, email FROM users WHERE signup_date > '2025-03-15'",2918302,39
SELECT * FROM users WHERE id = 91049,1180150,23
SELECT * FROM users WHERE id = 7473,906292,7
SELECT * FROM orders WHERE total > 90200,4501397,48
SELECT * FROM orders WHERE total > 67228,5469355,65
SELECT COUNT(*) FROM events WHERE month = 'Apr',10959846,124
SELECT * FROM users WHERE id = 39960,858210,11
SELECT * FROM users WHERE id = 42772,1151304,18
SELECT * FROM users WHERE id = 49792,1189070,23
SELECT * FROM sessions WHERE duration > 43450,3591249,36
SELECT * FROM products WHERE category = 'electronics',1944670,24
SELECT * FROM users WHERE id = 96443,932076,23
SELECT * FROM orders WHERE total > 63642,4602004,52
SELECT COUNT(*) FROM events WHERE month = 'Apr',11203693,114
SELECT * FROM products WHERE category = 'electronics',1532900,28
SELECT * FROM orders WHERE total > 95335,4935839,61
SELECT * FROM users WHERE id = 89748,855660,20
SELECT * FROM orders WHERE total > 64544,5087223,64
SELECT COUNT(*) FROM events WHERE month = 'Apr',10313062,115
SELECT * FROM orders WHERE total > 56943,4150570,46
SELECT COUNT(*) FROM events WHERE month = 'Jan',11421218,126
SELECT * FROM users WHERE id = 46278,979063,19
SELECT * FROM orders WHERE total > 17392,4122798,38
SELECT * FROM sessions WHERE duration > 75566,3207574,36
SELECT * FROM products WHERE category = 'auto',1547898,23
SELECT * FROM products WHERE category = 'garden',1765319,13
SELECT * FROM orders WHERE total > 84389,4413068,42
SELECT * FROM orders WHERE total > 46717,5249705,61
SELECT * FROM users WHERE id = 94494,1025324,8
SELECT COUNT(*) FROM events WHERE month = 'Mar',9808400,108
SELECT * FROM products WHERE category = 'toys',2363835,29
SELECT * FROM users WHERE id = 88743,831461,16
SELECT * FROM users WHERE id = 19279,860890,7
SELECT * FROM orders WHERE total > 54024,5429638,49
SELECT COUNT(*) FROM events WHERE month = 'Jun',10052117,111
"SELECT * FROM orders WHERE status IN ('delivered', 'pending', 'shipped')",2410839,21
SELECT * FROM orders WHERE total > 99246,5052986,61
SELECT COUNT(*) FROM events WHERE month = 'Mar',11823851,113
"SELECT user_id, SUM(total) FROM orders WHERE region = 'garden' GROUP BY user_id",7949051,86
SELECT * FROM users WHERE id = 65687,1179132,14
SELECT * FROM orders WHERE total > 64233,5269927,51
SELECT * FROM orders WHERE total > 43704,5285310,47
SELECT * FROM users WHERE id IN (281),1284905,8
"SELECT * FROM orders WHERE status IN ('cancelled', 'cancelled', 'delivered')",2889730,23
SELECT * FROM sessions WHERE duration > 21496,3841816,46
"SELECT name, email FROM users WHERE signup_date > '2025-01-01'",3574898,38
SELECT * FROM users WHERE id = 70064,920173,4
"SELECT * FROM orders WHERE status IN ('cancelled', 'cancelled', 'shipped')",2556085,35
SELECT COUNT(*) FROM events WHERE month = 'Feb',10690103,108
SELECT * FROM users WHERE id = 10249,866175,20
SELECT * FROM users WHERE id = 7180,853316,7
"SELECT * FROM users WHERE id IN (252, 794, 978)",1269259,16
SELECT * FROM users WHERE id = 81572,1173864,22
SELECT * FROM users WHERE id = 94757,828179,20
SELECT * FROM users WHERE id = 64381,1025728,6
SELECT * FROM users WHERE id = 38977,872477,23
SELECT * FROM users WHERE id = 34829,1010711,10
SELECT * FROM orders WHERE total > 45917,5616446,68
SELECT * FROM products WHERE category = 'books',1898714,28
SELECT * FROM products WHERE category = 'electronics',1623104,18
SELECT * FROM orders WHERE total > 31923,4812620,49
SELECT * FROM users WHERE id = 99282,1086775,11
SELECT * FROM users WHERE id = 99609,814096,21
SELECT * FROM orders WHERE total > 90198,5937483,63
SELECT * FROM orders WHERE status IN ('cancelled'),2521378,40
"SELECT user_id, SUM(total) FROM orders WHERE region = 'garden' GROUP BY user_id",9119113,104
SELECT * FROM users WHERE id = 76691,1092247,18
SELECT * FROM orders WHERE total > 67913,4015292,42
SELECT * FROM orders WHERE total > 85748,5355183,50
SELECT * FROM orders WHERE total > 71663,4449533,39
SELECT * FROM users WHERE id = 93722,941025,4
SELECT COUNT(*) FROM events WHERE month = 'May',10546325,105
SELECT * FROM orders WHERE total > 89092,4342221,44
SELECT COUNT(*) FROM events WHERE month = 'May',11398262,111
SELECT * FROM users WHERE id = 22725,1137619,11
SELECT * FROM users WHERE id = 91570,1067672,24
SELECT * FROM orders WHERE total > 73385,4332105,38
SELECT * FROM users WHERE id = 27816,815792,23
SELECT * FROM orders WHERE total > 6424,4041650,46
SELECT COUNT(*) FROM events WHERE month = 'Jan',11256177,110
"SELECT name, email FROM users WHERE signup_date > '2025-01-01'",3258838,46
SELECT COUNT(*) FROM events WHERE month = 'Mar',9653237,104
SELECT * FROM orders WHERE total > 98662,4041829,47
SELECT * FROM orders WHERE total > 16667,5493960,61
SELECT COUNT(*) FROM events WHERE month = 'Mar',9042931,101
SELECT * FROM orders WHERE total > 85288,4214330,46
SELECT * FROM products WHERE category = 'electronics',2492627,19
SELECT * FROM orders WHERE total > 75043,5676748,60
SELECT * FROM sessions WHERE duration > 77321,3162355,41
SELECT COUNT(*) FROM events WHERE month = 'Apr',10763124,116
SELECT COUNT(*) FROM events WHERE month = 'Mar',11485776,123
SELECT * FROM users WHERE id = 18752,824370,12
SELECT * FROM orders WHERE total > 85674,5883753,65
SELECT * FROM orders WHERE total > 21243,5874508,67
SELECT * FROM orders WHERE total > 65930,4856112,54
SELECT * FROM orders WHERE total > 70360,5642312,55
SELECT * FROM users WHERE id = 67135,1165544,16
SELECT * FROM users WHERE id = 47891,953513,10
SELECT * FROM orders WHERE total > 92918,4772174,53
SELECT * FROM users WHERE id = 93137,1110047,6
SELECT * FROM users WHERE id = 7989,946190,20
SELECT * FROM users WHERE id = 5591,1021371,25
SELECT * FROM orders WHERE total > 34026,4220586,40
SELECT * FROM orders WHERE total > 41481,5417605,64
SELECT COUNT(*) FROM events WHERE month = 'May',10627885,101
SELECT * FROM orders WHERE total > 82567,5932105,70
SELECT * FROM users WHERE id = 50684,1180630,24
SELECT COUNT(*) FROM events WHERE month = 'Jun',10018748,101
SELECT * FROM orders WHERE total > 2277,4395737,56
SELECT * FROM users WHERE id = 11720,1053392,8
SELECT * FROM users WHERE id = 60452,880307,14
SELECT * FROM users WHERE id = 64659,870679,21
SELECT * FROM users WHERE id = 46024,856473,4
SELECT * FROM orders WHERE total > 62876,4525405,44
SELECT * FROM users WHERE id = 78919,1042881,11
SELECT * FROM users WHERE id = 30361,1040738,10
"SELECT * FROM users WHERE id IN (265, 128)",1242005,23
"SELECT user_id, SUM(total) FROM orders WHERE region = 'toys' GROUP BY user_id",7998957,78
SELECT * FROM users WHERE id = 58340,1039694,9
SELECT * FROM users WHERE id = 95447,1171143,10
"SELECT * FROM orders WHERE status IN ('shipped', 'returned', 'returned', 'returned')",2530196,29
SELECT * FROM users WHERE id = 16932,1058534,17
SELECT COUNT(*) FROM events WHERE month = 'Jun',11805656,121
SELECT * FROM orders WHERE total > 2512,4639915,45
SELECT * FROM products WHERE category = 'electronics',1718154,13
SELECT * FROM users WHERE id = 45205,1043065,17
SELECT * FROM products WHERE category = 'toys',2089266,31
SELECT * FROM products WHERE category = 'toys',1842199,27
SELECT * FROM users WHERE id = 45489,826152,6
SELECT * FROM users WHERE id = 60138,867930,3
SELECT * FROM orders WHERE total > 686,4233269,37
SELECT * FROM users WHERE id = 51860,1125096,6
"SELECT user_id, SUM(total) FROM orders WHERE region = 'garden' GROUP BY user_id",7293919,69
SELECT * FROM users WHERE id = 45332,988443,7
SELECT * FROM users WHERE id = 19853,1035897,14
SELECT COUNT(*) FROM events WHERE month = 'Jan',10866319,121
"SELECT user_id, SUM(total) FROM orders WHERE region = 'auto' GROUP BY user_id",9997150,107
SELECT * FROM products WHERE category = 'auto',1743298,31
SELECT * FROM users WHERE id = 89587,1057487,21
SELECT * FROM products WHERE category = 'books',2484728,27
SELECT * FROM orders WHERE total > 10565,4800762,51
SELECT * FROM users WHERE id = 20735,1140469,15
SELECT * FROM products WHERE category = 'garden',1792618,14
SELECT * FROM users WHERE id = 28097,949220,19
SELECT * FROM users WHERE id IN (637),1275770,23
"SELECT * FROM orders WHERE status IN ('shipped', 'returned', 'delivered', 'returned')",2524039,38
SELECT * FROM sessions WHERE duration > 3355,4401183,57
SELECT * FROM users WHERE id = 63716,1003168,24
SELECT * FROM products WHERE category = 'electronics',2045877,20
SELECT * FROM users WHERE id = 77149,1047057,24
"SELECT name, email FROM users WHERE signup_date > '2025-01-01'",3680355,48
SELECT * FROM users WHERE id = 72741,835158,16
SELECT COUNT(*) FROM events WHERE month = 'May',9529879,103
SELECT * FROM orders WHERE total > 48679,4766339,49
SELECT * FROM users WHERE id = 88560,999220,14
"SELECT * FROM users WHERE id IN (770, 484, 782, 770)",1258906,21
"SELECT user_id, SUM(total) FROM orders WHERE region = 'toys' GROUP BY user_id",9617780,100
SELECT * FROM orders WHERE total > 44767,4031901,48
"SELECT * FROM users WHERE id IN (692, 284, 93, 707)",1008700,9
SELECT * FROM users WHERE id = 83322,991536,21
SELECT * FROM users WHERE id = 90276,1173987,20
SELECT COUNT(*) FROM events WHERE month = 'Jan',10319745,104
"SELECT name, email FROM users WHERE signup_date > '2025-06-20'",2657155,32
SELECT * FROM orders WHERE total > 45098,5089415,48
SELECT * FROM users WHERE id = 83588,1125077,25
"SELECT * FROM orders WHERE status IN ('pending', 'returned', 'pending')",2959535,30
SELECT * FROM users WHERE id = 81641,1091638,7
"SELECT user_id, SUM(total) FROM orders WHERE region = 'auto' GROUP BY user_id",8645514,101
SELECT * FROM users WHERE id = 44004,1177954,11
SELECT * FROM orders WHERE total > 22840,4714990,60
SELECT * FROM orders WHERE total > 4914,5411867,55
SELECT * FROM orders WHERE status IN ('cancelled'),2803668,25
SELECT * FROM users WHERE id = 16055,1146672,20
SELECT * FROM sessions WHERE duration > 3658,4964910,63
SELECT * FROM users WHERE id = 35637,1002638,8
SELECT * FROM orders WHERE total > 17710,4159721,40
SELECT COUNT(*) FROM events WHERE month = 'Jun',9488003,107
SELECT * FROM sessions WHERE duration > 6866,4311644,58
SELECT * FROM sessions WHERE duration > 33824,3533802,43
SELECT * FROM users WHERE id = 63730,978926,22
SELECT * FROM orders WHERE total > 33441,4093148,39
"SELECT name, email FROM users WHERE signup_date > '2025-01-01'",3121843,38
SELECT * FROM users WHERE id = 8680,838172,6
SELECT * FROM users WHERE id = 32803,1011779,20
"SELECT name, email FROM users WHERE signup_date > '2025-09-10'",3444444,37
SELECT COUNT(*) FROM events WHERE month = 'Jun',10863615,123
SELECT * FROM users WHERE id = 26521,1197767,14
SELECT * FROM orders WHERE total > 63536,5679176,66
"SELECT name, email FROM users WHERE signup_date > '2025-06-20'",3441035,32
SELECT * FROM users WHERE id = 15363,1107213,12
"SELECT * FROM users WHERE id IN (6, 675)",1465647,21
SELECT * FROM users WHERE id = 76939,802424,12
SELECT COUNT(*) FROM events WHERE month = 'Jan',10485547,99
SELECT * FROM orders WHERE total > 77668,4813458,57
SELECT * FROM products WHERE category = 'electronics',2428585,26
"SELECT user_id, SUM(total) FROM orders WHERE region = 'books' GROUP BY user_id",7321699,76
SELECT * FROM users WHERE id = 77219,1188067,23
"SELECT * FROM users WHERE id IN (337, 859, 631, 332, 168)",1150383,13
"SELECT user_id, SUM(total) FROM orders WHERE region = 'toys' GROUP BY user_id",9774052,100
SELECT * FROM orders WHERE total > 96349,4358586,58
"SELECT name, email FROM users WHERE signup_date > '2025-06-20'",3242072,43
SELECT * FROM orders WHERE total > 78840,4060139,50
SELECT COUNT(*) FROM events WHERE month = 'Jan',10415499,105
SELECT * FROM users WHERE id = 67342,831985,8
"SELECT user_id, SUM(total) FROM orders WHERE region = 'books' GROUP BY user_id",8073008,88
SELECT * FROM users WHERE id = 88623,1047373,8
SELECT * FROM orders WHERE total > 78309,5586145,52
SELECT * FROM products WHERE category = 'garden',1573652,25
SELECT * FROM orders WHERE total > 85126,5754687,71
SELECT * FROM users WHERE id = 4252,1182884,11
SELECT * FROM orders WHERE total > 21965,5012340,49
SELECT * FROM users WHERE id = 15554,1194459,6
SELECT * FROM users WHERE id = 93706,1101699,17
SELECT * FROM orders WHERE total > 9306,4339076,58
SELECT * FROM orders WHERE total > 8087,4405461,47
SELECT * FROM orders WHERE total > 28459,5685591,57
SELECT * FROM users WHERE id = 96259,1165234,23
SELECT COUNT(*) FROM events WHERE month = 'Mar',11280168,118
SELECT * FROM products WHERE category = 'books',2480307,35
SELECT * FROM users WHERE id = 99104,861077,7
SELECT * FROM orders WHERE total > 58564,4869153,50
SELECT * FROM users WHERE id = 94585,1075702,13
"SELECT * FROM users WHERE id IN (516, 159)",1394364,15
SELECT * FROM users WHERE id = 60421,948433,19
SELECT * FROM users WHERE id = 94325,1039215,22
SELECT COUNT(*) FROM events WHERE month = 'Jan',10556349,113
SELECT * FROM users WHERE id = 41346,854623,14
"SELECT * FROM users WHERE id IN (170, 124)",1067055,24
SELECT * FROM users WHERE id = 75693,997741,4
SELECT * FROM orders WHERE total > 30200,5647704,58
SELECT * FROM orders WHERE total > 78010,4913269,56
SELECT * FROM users WHERE id = 53163,852265,7
"SELECT name, email FROM users WHERE signup_date > '2025-01-01'",3920993,43
SELECT * FROM orders WHERE status IN ('shipped'),2078183,25
SELECT * FROM users WHERE id = 46347,803366,23
SELECT * FROM orders WHERE total > 66022,5429850,53
SELECT * FROM users WHERE id = 83086,1054027,14
SELECT * FROM orders WHERE total > 49565,5487396,53
SELECT * FROM users WHERE id = 74992,1098924,16
SELECT * FROM users WHERE id = 1192,1048809,11
SELECT * FROM users WHERE id = 68948,807050,3
"SELECT * FROM orders WHERE status IN ('cancelled', 'cancelled', 'cancelled')",2003635,23
SELECT * FROM orders WHERE total > 55874,4282730,39
"SELECT * FROM users WHERE id IN (535, 567, 182, 454)",1258398,14
SELECT * FROM orders WHERE total > 97664,4817539,49
SELECT * FROM users WHERE id = 1076,1140567,21
SELECT * FROM products WHERE category = 'auto',2169229,27
SELECT * FROM users WHERE id = 86372,843555,7
SELECT * FROM orders WHERE total > 10014,4835799,46
"SELECT * FROM orders WHERE status IN ('pending', 'delivered')",2311997,29
SELECT * FROM products WHERE category = 'garden',2481839,22
SELECT * FROM orders WHERE total > 31426,5028128,59
SELECT * FROM orders WHERE total > 40593,4824130,52
SELECT * FROM users WHERE id = 26006,854693,18
SELECT * FROM orders WHERE total > 77451,5033558,55
"SELECT * FROM orders WHERE status IN ('delivered', 'pending', 'cancelled')",2330080,26
SELECT * FROM users WHERE id = 74144,1130143,11
SELECT * FROM sessions WHERE duration > 11738,3627069,32
SELECT * FROM orders WHERE total > 43354,5660539,64
SELECT * FROM orders WHERE total > 39371,5504415,58
SELECT * FROM orders WHERE total > 24227,5473916,69
SELECT COUNT(*) FROM events WHERE month = 'Jan',11755909,126
"SELECT * FROM orders WHERE status IN ('returned', 'shipped')",2732990,30
SELECT * FROM orders WHERE total > 53432,5574827,63
SELECT * FROM users WHERE id = 73593,810208,8
SELECT * FROM orders WHERE total > 80220,4900454,50
SELECT * FROM users WHERE id = 75102,980542,10
SELECT * FROM orders WHERE total > 97908,5545502,58
SELECT * FROM products WHERE category = 'toys',1505295,13
SELECT * FROM orders WHERE total > 67587,4904926,57
"SELECT name, email FROM users WHERE signup_date > '2025-09-10'",3711490,47
SELECT COUNT(*) FROM events WHERE month = 'Feb',11964899,124
SELECT COUNT(*) FROM events WHERE month = 'Mar',11326786,124
SELECT * FROM products WHERE category = 'toys',2225575,22
SELECT * FROM users WHERE id = 54738,1182801,22
SELECT * FROM orders WHERE total > 17766,4158603,54
SELECT * FROM orders WHERE total > 37657,5048087,52
SELECT * FROM orders WHERE total > 50400,5066385,45
SELECT * FROM orders WHERE total > 57337,4726050,59
"SELECT * FROM orders WHERE status IN ('delivered', 'shipped', 'shipped', 'delivered')",2229520,20
SELECT * FROM users WHERE id = 30995,1086113,25
"SELECT name, email FROM users WHERE signup_date > '2025-03-15'",2525882,26
SELECT * FROM users WHERE id = 39494,1093957,22
SELECT * FROM products WHERE category = 'auto',1598666,26
SELECT * FROM sessions WHERE duration > 69094,3936035,36
SELECT * FROM users WHERE id = 69616,1141707,13
SELECT * FROM users WHERE id = 64505,1092872,13
SELECT * FROM users WHERE id = 59802,891856,6
SELECT * FROM users WHERE id = 58339,1019759,5
SELECT COUNT(*) FROM events WHERE month = 'Jun',9497075,93
SELECT * FROM users WHERE id IN (156),1167544,24
SELECT * FROM users WHERE id = 59790,974259,11
SELECT * FROM products WHERE category = 'electronics',1885618,22
SELECT * FROM users WHERE id = 19902,874686,6
"SELECT name, email FROM users WHERE signup_date > '2025-09-10'",2875990,31
SELECT * FROM orders WHERE total > 42765,4418113,45
SELECT * FROM products WHERE category = 'books',1848458,16
SELECT * FROM users WHERE id = 33010,1170732,16
SELECT * FROM users WHERE id = 84454,1093690,6
SELECT * FROM orders WHERE total > 39887,5477896,53
"SELECT name, email FROM users WHERE signup_date > '2025-06-20'",3339821,29
"SELECT name, email FROM users WHERE signup_date > '2025-01-01'",3953436,34
SELECT * FROM users WHERE id = 5029,943539,4
SELECT * FROM users WHERE id = 12418,1019117,24
SELECT * FROM users WHERE id = 68396,1043246,14
SELECT * FROM users WHERE id = 91040,992656,16
SELECT * FROM users WHERE id = 35110,1047899,19
"SELECT * FROM orders WHERE status IN ('delivered', 'delivered', 'cancelled', 'shipped')",2271515,29
SELECT COUNT(*) FROM events WHERE month = 'Apr',11362695,109
SELECT COUNT(*) FROM events WHERE month = 'May',10621534,102
SELECT COUNT(*) FROM events WHERE month = 'Jan',9402117,102
SELECT COUNT(*) FROM events WHERE month = 'Jun',11453328,112
SELECT * FROM orders WHERE total > 87862,4680415,50
SELECT * FROM users WHERE id = 68413,1049647,12
SELECT * FROM orders WHERE total > 13550,4529407,44
SELECT * FROM users WHERE id = 66949,960825,5
SELECT * FROM users WHERE id = 32164,954920,11
SELECT * FROM users WHERE id = 46611,914648,12
SELECT * FROM users WHERE id = 5375,1032845,22
SELECT * FROM users WHERE id = 27243,1019271,6
"SELECT name, email FROM users WHERE signup_date > '2025-06-20'",3013016,43
SELECT * FROM users WHERE id = 67620,992606,20
SELECT * FROM users WHERE id = 2366,920181,16
SELECT * FROM users WHERE id = 54895,1034235,25
SELECT * FROM users WHERE id = 7125,909784,16
SELECT * FROM orders WHERE total > 5642,4543696,40
SELECT * FROM users WHERE id = 74951,1029598,19
SELECT * FROM users WHERE id = 55052,808429,16
SELECT * FROM orders WHERE total > 26505,5182465,58
SELECT * FROM users WHERE id = 45890,1128888,15
"SELECT user_id, SUM(total) FROM orders WHERE region = 'garden' GROUP BY user_id",9080271,94
SELECT * FROM products WHERE category = 'toys',2177897,30
SELECT * FROM orders WHERE total > 17812,4535621,57
SELECT * FROM orders WHERE total > 75170,4959014,63
SELECT * FROM users WHERE id = 29895,1110243,18
SELECT * FROM products WHERE category = 'electronics',1656028,11
SELECT * FROM orders WHERE total > 54508,5859850,66
SELECT * FROM sessions WHERE duration > 76958,4172687,39
SELECT * FROM users WHERE id = 42684,921595,14
SELECT * FROM users WHERE id = 47731,819513,14
SELECT * FROM users WHERE id = 85629,1135236,15
SELECT * FROM users WHERE id = 13031,910985,10
SELECT * FROM users WHERE id = 10227,997643,20
SELECT * FROM users WHERE id = 14310,1062382,17
SELECT * FROM orders WHERE total > 49221,4169360,54
"SELECT user_id, SUM(total) FROM orders WHERE region = 'garden' GROUP BY user_id",8936614,84
SELECT * FROM products WHERE category = 'electronics',1679367,24
SELECT * FROM sessions WHERE duration > 55529,4853392,60
SELECT * FROM users WHERE id = 12900,1078811,7
SELECT * FROM sessions WHERE duration > 58360,3334169,39
SELECT * FROM sessions WHERE duration > 57578,4958725,48
SELECT * FROM users WHERE id = 78918,1025076,25
SELECT * FROM orders WHERE total > 77255,4502445,49
SELECT * FROM users WHERE id IN (426),1159130,6
SELECT COUNT(*) FROM events WHERE month = 'Apr',11733426,127
SELECT * FROM orders WHERE total > 12169,5502837,63
SELECT * FROM orders WHERE total > 62799,5990993,71
SELECT * FROM orders WHERE total > 47457,5846803,62
SELECT * FROM orders WHERE total > 67752,4258847,49
SELECT * FROM orders WHERE total > 70798,5705473,52
SELECT * FROM users WHERE id = 57063,1139523,26
SELECT * FROM users WHERE id = 53265,1178801,21
SELECT * FROM users WHERE id = 61799,1092208,16
"SELECT user_id, SUM(total) FROM orders WHERE region = 'garden' GROUP BY user_id",9329617,93
SELECT * FROM sessions WHERE duration > 24477,4825848,48
SELECT * FROM users WHERE id = 11265,1112677,9
SELECT * FROM orders WHERE total > 59439,4977131,52
SELECT * FROM orders WHERE total > 6259,5525679,70
SELECT * FROM products WHERE category = 'toys',2125800,33
SELECT * FROM users WHERE id = 21511,1174012,21
SELECT * FROM orders WHERE total > 71248,4508275,59
SELECT * FROM orders WHERE total > 782,5690398,53
SELECT * FROM users WHERE id = 50655,1030314,16
SELECT * FROM orders WHERE total > 86831,5253077,62
SELECT * FROM users WHERE id = 10251,1194899,17
SELECT COUNT(*) FROM events WHERE month = 'May',9405665,108
SELECT COUNT(*) FROM events WHERE month = 'May',10486246,113
SELECT * FROM products WHERE category = 'toys',1699855,25
SELECT * FROM users WHERE id = 96733,897200,23
SELECT * FROM orders WHERE total > 44800,5546677,60
SELECT COUNT(*) FROM events WHERE month = 'Apr',9501337,107
SELECT * FROM users WHERE id = 30936,959109,13
SELECT * FROM users WHERE id = 50737,997718,15
SELECT * FROM users WHERE id = 16540,1060594,16
SELECT * FROM users WHERE id = 88171,1112109,8
SELECT COUNT(*) FROM events WHERE month = 'Apr',9154986,97
SELECT COUNT(*) FROM events WHERE month = 'Jun',10737551,119
SELECT * FROM users WHERE id = 12586,844541,15
SELECT * FROM users WHERE id = 45228,1058689,17
SELECT * FROM orders WHERE total > 30137,4012905,40
SELECT * FROM sessions WHERE duration > 50498,3239589,34
SELECT * FROM users WHERE id = 90487,910863,15
SELECT * FROM users WHERE id = 18073,1099242,11
SELECT * FROM orders WHERE total > 26800,5927280,62
SELECT * FROM orders WHERE total > 90467,4499233,57
SELECT * FROM users WHERE id = 92037,886382,4
SELECT * FROM products WHERE category = 'auto',1958279,24
SELECT * FROM users WHERE id = 98050,903487,21
"SELECT * FROM users WHERE id IN (959, 74, 375, 78)",1095709,21
"SELECT * FROM users WHERE id IN (598, 287)",1174003,16
SELECT * FROM users WHERE id = 59059,1091526,18
SELECT * FROM users WHERE id = 1889,1116022,16
SELECT COUNT(*) FROM events WHERE month = 'May',11939268,131
SELECT COUNT(*) FROM events WHERE month = 'Mar',11984626,120
SELECT * FROM orders WHERE total > 85742,5802756,55
"SELECT name, email FROM users WHERE signup_date > '2025-09-10'",3973298,50
SELECT * FROM users WHERE id = 52056,803863,10
SELECT COUNT(*) FROM events WHERE month = 'Feb',10768036,113
SELECT * FROM orders WHERE total > 61708,5997287,54
SELECT * FROM users WHERE id = 36107,1046572,20
SELECT * FROM products WHERE category = 'garden',1546022,13
SELECT * FROM users WHERE id = 17938,1194112,20
SELECT * FROM orders WHERE total > 95231,4271562,47
SELECT COUNT(*) FROM events WHERE month = 'Apr',9969116,113
"SELECT * FROM orders WHERE status IN ('shipped', 'pending', 'shipped')",2958079,36
"SELECT * FROM users WHERE id IN (897, 49, 742)",1180435,21
SELECT * FROM users WHERE id = 45517,1008617,18
SELECT * FROM users WHERE id = 16573,1070282,18
SELECT * FROM users WHERE id = 47196,965042,4
SELECT * FROM users WHERE id = 10490,960588,21
"SELECT * FROM users WHERE id IN (570, 362, 75)",1161190,12
SELECT * FROM users WHERE id = 89398,868207,8
SELECT * FROM orders WHERE total > 2000,4274792,46
SELECT COUNT(*) FROM events WHERE month = 'Jan',11653079,121
SELECT COUNT(*) FROM events WHERE month = 'Jun',11427965,124
SELECT * FROM users WHERE id = 24998,897595,16
SELECT * FROM orders WHERE total > 62812,4418458,53
SELECT * FROM sessions WHERE duration > 24778,4564217,44
"SELECT name, email FROM users WHERE signup_date > '2025-03-15'",3541456,35
SELECT * FROM users WHERE id = 49924,1015537,23
SELECT * FROM users WHERE id IN (532),1317800,15
SELECT * FROM users WHERE id = 37999,1072880,19
SELECT * FROM orders WHERE total > 24836,5627125,59
"SELECT user_id, SUM(total) FROM orders WHERE region = 'electronics' GROUP BY user_id",7460118,72
SELECT * FROM users WHERE id = 45534,1137667,10
SELECT * FROM users WHERE id = 32148,904466,18
"SELECT * FROM users WHERE id IN (639, 974, 660, 139, 203)",1061260,21
SELECT * FROM users WHERE id = 82916,985857,9
SELECT * FROM users WHERE id = 89952,868948,12
SELECT * FROM products WHERE category = 'garden',1620154,22
SELECT * FROM users WHERE id = 45941,877188,19
SELECT * FROM orders WHERE total > 68246,5080458,62
SELECT * FROM users WHERE id = 43492,1151129,15
SELECT * FROM orders WHERE total > 97160,5032370,59
SELECT * FROM users WHERE id = 50438,956780,10
SELECT COUNT(*) FROM events WHERE month = 'Mar',11306902,117
"SELECT * FROM orders WHERE status IN ('pending', 'pending', 'cancelled')",2644495,28
SELECT * FROM orders WHERE total > 96320,5783866,66
SELECT * FROM users WHERE id = 39673,862450,14
SELECT * FROM orders WHERE total > 80815,4870902,51
SELECT * FROM orders WHERE total > 34187,5730050,61
SELECT * FROM users WHERE id = 83401,1112479,25
"SELECT user_id, SUM(total) FROM orders WHERE region = 'garden' GROUP BY user_id",7209236,70
"SELECT name, email FROM users WHERE signup_date > '2025-01-01'",2634655,33
SELECT * FROM users WHERE id = 51208,1102151,22
SELECT COUNT(*) FROM events WHERE month = 'Jun',11852084,115
SELECT COUNT(*) FROM events WHERE month = 'Mar',9193283,88
SELECT * FROM users WHERE id = 41038,1058474,13
SELECT COUNT(*) FROM events WHERE month = 'May',9850314,94
SELECT * FROM users WHERE id = 80456,1067390,15
SELECT * FROM users WHERE id = 96034,987890,4
SELECT * FROM orders WHERE total > 72153,5158737,62
SELECT * FROM users WHERE id = 96104,1081423,22
SELECT COUNT(*) FROM events WHERE month = 'Jan',9415728,104
SELECT * FROM users WHERE id IN (828),1200927,19
SELECT * FROM orders WHERE total > 41314,4639178,52
"SELECT name, email FROM users WHERE signup_date > '2025-03-15'",3321833,38
"SELECT * FROM orders WHERE status IN ('returned', 'delivered')",2395296,26
SELECT COUNT(*) FROM events WHERE month = 'Apr',9698760,95
SELECT COUNT(*) FROM events WHERE month = 'Feb',10336005,110
SELECT * FROM orders WHERE total > 92780,5147933,61
SELECT COUNT(*) FROM events WHERE month = 'May',9019986,99
SELECT * FROM users WHERE id = 86415,946501,15
SELECT * FROM orders WHERE total > 35011,4725154,58
SELECT * FROM users WHERE id = 94166,890493,22
SELECT COUNT(*) FROM events WHERE month = 'May',11275702,116
SELECT * FROM users WHERE id = 35319,1091305,23
"SELECT name, email FROM users WHERE signup_date > '2025-09-10'",2294186,27
SELECT * FROM users WHERE id = 28914,1118141,11
SELECT * FROM sessions WHERE duration > 48888,4206441,56
SELECT * FROM orders WHERE total > 1420,4735525,61
SELECT COUNT(*) FROM events WHERE month = 'Jan',9051048,89
SELECT * FROM users WHERE id = 47346,880842,6
SELECT * FROM orders WHERE total > 34721,4408423,56
SELECT * FROM products WHERE category = 'toys',1945551,19
SELECT COUNT(*) FROM events WHERE month = 'Jun',11053370,122
SELECT * FROM orders WHERE total > 83746,5442391,56
SELECT * FROM orders WHERE total > 18088,4400112,48
SELECT * FROM users WHERE id = 13549,1045273,5
SELECT * FROM users WHERE id = 65590,1060115,23
SELECT * FROM orders WHERE total > 22373,4436458,54
"SELECT name, email FROM users WHERE signup_date > '2025-06-20'",3880365,43
"SELECT user_id, SUM(total) FROM orders WHERE region = 'electronics' GROUP BY user_id",8021742,88
SELECT * FROM users WHERE id IN (119),1414586,17
SELECT * FROM orders WHERE total > 90569,4161247,39
SELECT * FROM users WHERE id = 95003,814353,9
SELECT * FROM orders WHERE total > 7742,4730839,60
SELECT * FROM users WHERE id = 67058,888862,18
SELECT * FROM users WHERE id = 75809,976289,12
SELECT * FROM products WHERE category = 'auto',1675102,22
SELECT * FROM users WHERE id = 82812,846487,13
SELECT * FROM orders WHERE total > 64566,5526477,67
"SELECT name, email FROM users WHERE signup_date > '2025-09-10'",3998334,49
SELECT * FROM orders WHERE total > 22133,4472496,42
SELECT * FROM orders WHERE status IN ('returned'),2838699,38
SELECT * FROM users WHERE id = 16342,1027559,25
"SELECT user_id, SUM(total) FROM orders WHERE region = 'books' GROUP BY user_id",8178503,83
SELECT * FROM orders WHERE total > 70215,5249295,61
SELECT * FROM users WHERE id = 41925,817722,20
"SELECT * FROM users WHERE id IN (430, 185, 202)",1400769,16
SELECT * FROM users WHERE id = 1229,1193263,18
SELECT COUNT(*) FROM events WHERE month = 'Apr',10018862,97
SELECT * FROM users WHERE id = 48917,917798,14
SELECT COUNT(*) FROM events WHERE month = 'May',11241639,118
SELECT COUNT(*) FROM events WHERE month = 'Jan',11024979,113
SELECT * FROM users WHERE id = 38406,886105,18
SELECT * FROM users WHERE id = 16579,1199636,10
SELECT * FROM orders WHERE status IN ('shipped'),2783450,41
SELECT * FROM users WHERE id = 20573,1175816,21
SELECT COUNT(*) FROM events WHERE month = 'Feb',9619623,109
SELECT * FROM orders WHERE total > 76342,5200992,47
SELECT COUNT(*) FROM events WHERE month = 'Mar',11385380,109
SELECT COUNT(*) FROM events WHERE month = 'Jun',9842103,95
SELECT * FROM users WHERE id = 3119,1019218,7
"SELECT user_id, SUM(total) FROM orders WHERE region = 'books' GROUP BY user_id",8085428,86
SELECT * FROM orders WHERE total > 52070,5905090,59
"SELECT * FROM orders WHERE status IN ('shipped', 'returned')",2979452,25
"SELECT * FROM users WHERE id IN (797, 617, 527, 185)",1140682,10
SELECT * FROM products WHERE category = 'auto',2220419,23
SELECT * FROM orders WHERE total > 92163,5189161,65
SELECT * FROM users WHERE id = 85993,827999,20
SELECT * FROM users WHERE id = 75434,822910,20
"SELECT name, email FROM users WHERE signup_date > '2025-03-15'",2734220,39
"SELECT * FROM users WHERE id IN (565, 201, 573, 247, 236)",1342893,21
"SELECT user_id, SUM(total) FROM orders WHERE region = 'books' GROUP BY user_id",8627992,88
SELECT * FROM users WHERE id = 63861,1184429,14
SELECT * FROM orders WHERE total > 95332,4420383,46
SELECT * FROM users WHERE id = 73783,1189455,10
SELECT * FROM users WHERE id = 20220,847742,22
SELECT * FROM users WHERE id = 27136,880592,6
SELECT * FROM sessions WHERE duration > 23670,4993086,56
SELECT * FROM orders WHERE total > 93035,4920572,45
SELECT * FROM users WHERE id = 80878,820104,21
SELECT * FROM users WHERE id = 1015,1094728,25
SELECT * FROM users WHERE id = 94537,820684,7
SELECT * FROM users WHERE id = 79134,922213,8
"SELECT name, email FROM users WHERE signup_date > '2025-09-10'",3180853,41
SELECT * FROM orders WHERE total > 77966,5690718,56
"SELECT user_id, SUM(total) FROM orders WHERE region = 'books' GROUP BY user_id",8593730,95
SELECT * FROM orders WHERE total > 86840,5169755,63
SELECT COUNT(*) FROM events WHERE month = 'Jun',10816690,115
SELECT * FROM users WHERE id = 31501,1155833,16
"SELECT * FROM orders WHERE status IN ('pending', 'cancelled')",2327993,36
SELECT COUNT(*) FROM events WHERE month = 'Jan',11628099,121
SELECT * FROM users WHERE id = 18828,864532,23
SELECT COUNT(*) FROM events WHERE month = 'Apr',11919473,134
SELECT * FROM products WHERE category = 'books',2233313,36
SELECT COUNT(*) FROM events WHERE month = 'Feb',9366926,107
SELECT * FROM users WHERE id = 49723,938131,11
"SELECT * FROM orders WHERE status IN ('shipped', 'delivered', 'cancelled')",2378953,29
SELECT * FROM orders WHERE total > 80083,4787034,46
SELECT * FROM users WHERE id = 49947,921109,12
SELECT * FROM orders WHERE total > 87682,5422835,65
SELECT * FROM users WHERE id = 36930,1111001,21
SELECT * FROM users WHERE id = 15707,841007,20
SELECT * FROM users WHERE id = 75644,865880,9
SELECT * FROM orders WHERE total > 7958,4509815,50
SELECT * FROM users WHERE id = 31457,1122684,16
SELECT * FROM orders WHERE total > 33136,5459132,67
SELECT COUNT(*) FROM events WHERE month = 'Mar',10216266,100
SELECT COUNT(*) FROM events WHERE month = 'Feb',11367782,112
SELECT * FROM users WHERE id = 92147,1107736,22
SELECT * FROM products WHERE category = 'auto',1970326,18
SELECT * FROM users WHERE id = 53941,884815,3
SELECT * FROM users WHERE id = 63158,893023,14
SELECT * FROM orders WHERE total > 75549,5828044,54
SELECT * FROM orders WHERE total > 69440,4611989,41
SELECT * FROM users WHERE id = 21442,1123623,20
SELECT * FROM users WHERE id = 29401,1082035,16
"SELECT * FROM users WHERE id IN (132, 301)",1358445,9
SELECT * FROM products WHERE category = 'electronics',1601441,17
SELECT * FROM users WHERE id = 53430,1198635,17
SELECT COUNT(*) FROM events WHERE month = 'Feb',10837124,109
SELECT * FROM users WHERE id = 45882,930457,13
SELECT COUNT(*) FROM events WHERE month = 'Feb',10815096,120
SELECT * FROM users WHERE id = 21404,909889,6
SELECT * FROM products WHERE category = 'books',2363158,30
SELECT * FROM users WHERE id = 94269,996667,10
SELECT * FROM orders WHERE total > 12053,4242898,52
"SELECT user_id, SUM(total) FROM orders WHERE region = 'auto' GROUP BY user_id",8832488,102
SELECT * FROM users WHERE id = 32236,1145334,23
"SELECT name, email FROM users WHERE signup_date > '2025-01-01'",2747840,28
"SELECT name, email FROM users WHERE signup_date > '2025-03-15'",3017315,36
SELECT * FROM orders WHERE total > 28855,4566293,52
SELECT COUNT(*) FROM events WHERE month = 'May',10482423,100
SELECT COUNT(*) FROM events WHERE month = 'Mar',10318595,104
"SELECT * FROM users WHERE id IN (420, 644, 575, 69, 470)",1145075,7
SELECT * FROM users WHERE id = 22536,836707,15
SELECT * FROM sessions WHERE duration > 7735,3209893,44
"SELECT name, email FROM users WHERE signup_date > '2025-09-10'",2284342,19
SELECT * FROM orders WHERE total > 47045,4733130,56
SELECT * FROM users WHERE id = 36557,880947,3
SELECT * FROM orders WHERE total > 19811,4738434,51
SELECT * FROM users WHERE id = 1088,868539,6
SELECT * FROM orders WHERE total > 92988,4702708,58
SELECT COUNT(*) FROM events WHERE month = 'May',9004430,98
SELECT * FROM users WHERE id = 25731,1075590,5
SELECT * FROM orders WHERE total > 17345,5567909,68
"SELECT * FROM users WHERE id IN (319, 468)",1245334,19
SELECT * FROM products WHERE category = 'toys',2018021,22
SELECT COUNT(*) FROM events WHERE month = 'Jun',9709219,98
SELECT * FROM orders WHERE total > 27887,5123848,48
SELECT COUNT(*) FROM events WHERE month = 'Jan',11813168,125
"SELECT user_id, SUM(total) FROM orders WHERE region = 'books' GROUP BY user_id",7632961,74
SELECT * FROM products WHERE category = 'garden',1870282,14
SELECT COUNT(*) FROM events WHERE month = 'May',10281169,115
SELECT COUNT(*) FROM events WHERE month = 'Jun',11004866,105
SELECT * FROM orders WHERE total > 2594,4899855,48
"SELECT user_id, SUM(total) FROM orders WHERE region = 'books' GROUP BY user_id",9703513,103
SELECT * FROM products WHERE category = 'garden',2336525,38
SELECT COUNT(*) FROM events WHERE month = 'Mar',9602426,91
SELECT * FROM users WHERE id = 22937,981638,5
SELECT COUNT(*) FROM events WHERE month = 'Jun',9832566,112
SELECT * FROM users WHERE id = 60370,952270,15
SELECT * FROM orders WHERE total > 10075,5329215,54
"SELECT user_id, SUM(total) FROM orders WHERE region = 'garden' GROUP BY user_id",8741210,91
SELECT COUNT(*) FROM events WHERE month = 'Jan',9582891,93
SELECT COUNT(*) FROM events WHERE month = 'May',11263377,124
SELECT * FROM sessions WHERE duration > 76323,3375843,42
"SELECT name, email FROM users WHERE signup_date > '2025-03-15'",3413533,29
"SELECT user_id, SUM(total) FROM orders WHERE region = 'garden' GROUP BY user_id",7403199,80
"SELECT name, email FROM users WHERE signup_date > '2025-09-10'",2898855,33
SELECT * FROM orders WHERE total > 41576,5286499,67
SELECT * FROM orders WHERE total > 69218,4011641,48
SELECT * FROM products WHERE category = 'books',2499957,25
SELECT * FROM users WHERE id = 62860,1061182,20
SELECT * FROM orders WHERE total > 3182,5323154,60
SELECT * FROM users WHERE id = 56977,1086173,16
SELECT * FROM orders WHERE total > 58073,5259128,60
SELECT * FROM users WHERE id = 82877,1008936,20
SELECT * FROM orders WHERE total > 20092,4918977,52
SELECT * FROM products WHERE category = 'auto',1620342,19
SELECT * FROM users WHERE id = 88910,977971,23
"SELECT * FROM orders WHERE status IN ('delivered', 'cancelled', 'pending')",2961965,29
SELECT * FROM orders WHERE total > 69764,4671951,44
SELECT * FROM users WHERE id = 4922,873844,11
SELECT * FROM products WHERE category = 'garden',2225835,26
SELECT * FROM users WHERE id = 13492,1153088,18
SELECT * FROM orders WHERE total > 6033,4121800,55
SELECT * FROM orders WHERE total > 87607,4833810,48
SELECT * FROM orders WHERE total > 47710,4067022,55
SELECT COUNT(*) FROM events WHERE month = 'Jun',11759417,123
SELECT * FROM users WHERE id = 71071,832630,15
SELECT * FROM users WHERE id = 36781,1133995,21
SELECT * FROM orders WHERE total > 14842,4071515,39
SELECT COUNT(*) FROM events WHERE month = 'Mar',9106166,106
SELECT * FROM users WHERE id = 90818,930312,13
SELECT COUNT(*) FROM events WHERE month = 'Jun',11315512,124
"SELECT name, email FROM users WHERE signup_date > '2025-01-01'",2232271,24
"SELECT name, email FROM users WHERE signup_date > '2025-03-15'",2250479,25
SELECT * FROM orders WHERE total > 35720,5120340,60
SELECT * FROM users WHERE id = 47823,853100,3
"SELECT * FROM users WHERE id IN (167, 265, 703, 238)",1100688,26
"SELECT name, email FROM users WHERE signup_date > '2025-09-10'",2163304,36
SELECT COUNT(*) FROM events WHERE month = 'May',11229264,113
SELECT * FROM users WHERE id = 9240,942663,10
SELECT * FROM orders WHERE total > 83157,5994269,54
SELECT * FROM orders WHERE total > 96194,4618278,51
"SELECT name, email FROM users WHERE signup_date > '2025-01-01'",2613567,39
SELECT * FROM orders WHERE total > 19603,4470783,43
"SELECT * FROM users WHERE id IN (38, 375, 104, 580)",1080211,23
SELECT COUNT(*) FROM events WHERE month = 'Jun',9455527,90
"SELECT user_id, SUM(total) FROM orders WHERE region = 'auto' GROUP BY user_id",7507441,79
SELECT * FROM users WHERE id = 31311,923960,15
SELECT * FROM orders WHERE total > 27890,5972182,65
SELECT * FROM users WHERE id = 22547,1106601,11
"SELECT user_id, SUM(total) FROM orders WHERE region = 'books' GROUP BY user_id",9163024,105
SELECT * FROM users WHERE id = 22668,928830,23
SELECT * FROM orders WHERE total > 20162,4805761,53
SELECT COUNT(*) FROM events WHERE month = 'Feb',10346199,103
SELECT COUNT(*) FROM events WHERE month = 'Jan',11025016,116
SELECT * FROM users WHERE id = 18759,1020377,9
SELECT * FROM orders WHERE total > 61759,4889520,51
"SELECT * FROM orders WHERE status IN ('delivered', 'cancelled', 'cancelled')",2726825,39
"SELECT * FROM users WHERE id IN (189, 765, 204, 579, 896)",1108176,16
SELECT COUNT(*) FROM events WHERE month = 'Mar',10272277,111
SELECT * FROM users WHERE id = 70677,811009,17
SELECT * FROM products WHERE category = 'toys',1682149,15
SELECT COUNT(*) FROM events WHERE month = 'Feb',10584917,109
"SELECT name, email FROM users WHERE signup_date > '2025-09-10'",2324217,28
SELECT * FROM orders WHERE total > 37535,4793287,46
SELECT * FROM users WHERE id = 1100,1198178,21
SELECT * FROM users WHERE id = 84151,986648,24
"SELECT * FROM users WHERE id IN (113, 864)",1122017,11
SELECT * FROM users WHERE id = 55789,1131314,20
SELECT * FROM users WHERE id = 45321,927809,24
SELECT * FROM users WHERE id = 90655,809981,22
SELECT * FROM users WHERE id = 9234,986942,4
SELECT * FROM products WHERE category = 'books',2249214,35
SELECT * FROM orders WHERE total > 97841,5806645,66
SELECT * FROM users WHERE id = 90862,803959,4
SELECT * FROM users WHERE id = 39860,848993,15
"SELECT * FROM users WHERE id IN (351, 98)",1296904,25
SELECT * FROM orders WHERE total > 73042,4200520,52
SELECT COUNT(*) FROM events WHERE month = 'May',10292389,98
SELECT COUNT(*) FROM events WHERE month = 'Jan',10973789,122
SELECT COUNT(*) FROM events WHERE month = 'Feb',9733144,95
"SELECT user_id, SUM(total) FROM orders WHERE region = 'electronics' GROUP BY user_id",9831797,95
"SELECT * FROM orders WHERE status IN ('returned', 'cancelled', 'shipped', 'cancelled')",2339259,32
SELECT COUNT(*) FROM events WHERE month = 'Apr',11457066,118
SELECT * FROM users WHERE id = 58148,881233,3
SELECT * FROM orders WHERE total > 10603,4300109,47
SELECT COUNT(*) FROM events WHERE month = 'Mar',10488368,109
SELECT * FROM orders WHERE total > 50829,5271700,61
SELECT COUNT(*) FROM events WHERE month = 'Apr',10641101,111
SELECT * FROM users WHERE id = 84689,1099130,14
SELECT COUNT(*) FROM events WHERE month = 'Feb',9149893,86
"SELECT name, email FROM users WHERE signup_date > '2025-06-20'",2975043,25
"SELECT name, email FROM users WHERE signup_date > '2025-01-01'",3157445,44
SELECT * FROM orders WHERE total > 58716,5786479,62
SELECT * FROM orders WHERE total > 68257,5558225,70
"SELECT name, email FROM users WHERE signup_date > '2025-06-20'",3655477,36
SELECT COUNT(*) FROM events WHERE month = 'Mar',9580520,109
SELECT * FROM orders WHERE total > 80875,4189352,43
SELECT * FROM users WHERE id = 35498,1014130,12
SELECT COUNT(*) FROM events WHERE month = 'Mar',9661307,110
SELECT * FROM orders WHERE total > 17811,4385341,45
SELECT * FROM users WHERE id = 84191,801171,16
"SELECT * FROM users WHERE id IN (981, 10)",1162299,17
SELECT * FROM users WHERE id = 70885,1057225,22
SELECT * FROM orders WHERE total > 22280,4102538,40
SELECT COUNT(*) FROM events WHERE month = 'Jun',10201106,108
SELECT * FROM users WHERE id = 74614,842669,6
SELECT * FROM orders WHERE total > 13215,5009084,59
SELECT COUNT(*) FROM events WHERE month = 'Jun',11709485,126
SELECT * FROM users WHERE id = 67968,1115176,6
SELECT * FROM users WHERE id = 72014,802138,10
SELECT * FROM users WHERE id = 85741,1034287,19
SELECT * FROM users WHERE id = 77752,1063720,25
"SELECT * FROM orders WHERE status IN ('returned', 'delivered')",2171889,17
SELECT * FROM users WHERE id = 26713,1174992,25
SELECT * FROM products WHERE category = 'toys',1753707,28
"SELECT user_id, SUM(total) FROM orders WHERE region = 'auto' GROUP BY user_id",8792020,101
SELECT * FROM users WHERE id = 39417,958217,20
SELECT * FROM users WHERE id IN (163),1074298,6
SELECT * FROM orders WHERE total > 30306,5146797,55
SELECT * FROM users WHERE id = 84998,1001417,17
SELECT * FROM orders WHERE status IN ('delivered'),2296984,22
SELECT COUNT(*) FROM events WHERE month = 'Mar',9226167,100
SELECT COUNT(*) FROM events WHERE month = 'Feb',9145429,91
SELECT * FROM users WHERE id = 76825,823410,16
SELECT * FROM orders WHERE total > 51214,5744103,63
"SELECT * FROM users WHERE id IN (713, 501, 479)",1267368,27
SELECT * FROM users WHERE id = 13475,881028,20
SELECT * FROM users WHERE id IN (804),1079452,14
SELECT * FROM users WHERE id = 79831,1190524,26
"SELECT * FROM orders WHERE status IN ('shipped', 'shipped', 'delivered')",2523184,31
SELECT * FROM users WHERE id = 14358,889779,12
"SELECT * FROM users WHERE id IN (164, 691)",1052548,19
SELECT * FROM users WHERE id = 42834,1106384,21
SELECT * FROM orders WHERE status IN ('shipped'),2121811,22
SELECT * FROM products WHERE category = 'garden',1648014,14
SELECT COUNT(*) FROM events WHERE month = 'Mar',11272156,115
SELECT * FROM orders WHERE total > 27821,5484991,56
SELECT * FROM users WHERE id = 20830,1081583,16
SELECT * FROM users WHERE id = 7595,1018121,23
SELECT COUNT(*) FROM events WHERE month = 'Jan',11767702,116
"SELECT user_id, SUM(total) FROM orders WHERE region = 'auto' GROUP BY user_id",8372839,90
SELECT * FROM users WHERE id = 6209,941214,18
SELECT * FROM users WHERE id = 30733,1005949,8
SELECT * FROM orders WHERE total > 32834,5302598,55
SELECT * FROM users WHERE id = 855,942265,6
SELECT * FROM users WHERE id = 16432,1194844,15
SELECT * FROM orders WHERE total > 29436,5357698,61
SELECT * FROM products WHERE category = 'auto',1572830,23
SELECT * FROM products WHERE category = 'books',1983602,19
SELECT * FROM users WHERE id = 6535,990628,5
SELECT * FROM users WHERE id = 96402,853732,3
SELECT * FROM users WHERE id = 34094,866991,13
SELECT * FROM users WHERE id = 84426,1153760,20
"SELECT * FROM orders WHERE status IN ('returned', 'cancelled', 'cancelled', 'cancelled')",2525548,30
SELECT * FROM users WHERE id = 66135,1131157,19
"SELECT name, email FROM users WHERE signup_date > '2025-03-15'",2647808,40
"SELECT * FROM users WHERE id IN (250, 977, 190, 610, 290)",1467901,11
"SELECT * FROM orders WHERE status IN ('delivered', 'delivered', 'shipped')",2886537,38
SELECT COUNT(*) FROM events WHERE month = 'May',11945298,123
SELECT COUNT(*) FROM events WHERE month = 'Feb',9305342,107
SELECT * FROM users WHERE id = 80727,1118712,25
SELECT * FROM users WHERE id = 24076,997802,22
"SELECT * FROM orders WHERE status IN ('cancelled', 'cancelled', 'pending', 'delivered')",2802534,25
SELECT COUNT(*) FROM events WHERE month = 'Mar',9296011,90
"SELECT user_id, SUM(total) FROM orders WHERE region = 'auto' GROUP BY user_id",9941171,109
SELECT * FROM users WHERE id = 90070,973386,19
SELECT * FROM users WHERE id = 36733,943266,11
SELECT * FROM users WHERE id = 51256,924414,20
SELECT * FROM users WHERE id = 70831,1033462,23
SELECT * FROM orders WHERE total > 95214,5831564,67
SELECT * FROM users WHERE id = 8151,946733,20
SELECT * FROM orders WHERE total > 2286,4762635,48
SELECT * FROM sessions WHERE duration > 43758,3109724,27
SELECT * FROM users WHERE id = 36061,963945,23
SELECT * FROM users WHERE id = 59069,1041789,22
SELECT COUNT(*) FROM events WHERE month = 'Apr',10455206,118
SELECT * FROM products WHERE category = 'electronics',1699493,25
SELECT * FROM users WHERE id = 35475,1013323,13
"SELECT name, email FROM users WHERE signup_date > '2025-06-20'",3127393,42
SELECT * FROM orders WHERE total > 7203,5352930,60
SELECT COUNT(*) FROM events WHERE month = 'Jun',11497327,116
SELECT * FROM users WHERE id = 92897,879481,15
SELECT * FROM orders WHERE total > 7967,4423749,50
"SELECT user_id, SUM(total) FROM orders WHERE region = 'toys' GROUP BY user_id",7955557,77
SELECT * FROM users WHERE id = 50203,905850,20
SELECT * FROM users WHERE id = 14314,1000262,23
SELECT * FROM users WHERE id = 95083,930230,18
"SELECT name, email FROM users WHERE signup_date > '2025-09-10'",3029863,29
SELECT * FROM users WHERE id = 32895,960028,15
SELECT COUNT(*) FROM events WHERE month = 'May',11448342,119
"SELECT * FROM orders WHERE status IN ('shipped', 'shipped', 'pending', 'returned')",2159738,19
SELECT * FROM users WHERE id = 584,1140767,17
SELECT * FROM users WHERE id = 22737,873154,16
SELECT * FROM orders WHERE total > 6996,5539012,53
SELECT * FROM products WHERE category = 'garden',1872233,21
SELECT * FROM users WHERE id = 55272,1098595,14
"SELECT * FROM users WHERE id IN (41, 245)",1295932,18
SELECT * FROM users WHERE id = 63667,1125736,10
"SELECT * FROM users WHERE id IN (214, 919, 28)",1370323,9
"SELECT name, email FROM users WHERE signup_date > '2025-06-20'",3399668,30
SELECT * FROM users WHERE id = 80719,1193761,16
SELECT * FROM orders WHERE total > 89768,4456915,58
SELECT * FROM orders WHERE total > 40216,5049932,45
SELECT * FROM users WHERE id = 49430,888225,13
"SELECT * FROM users WHERE id IN (449, 126, 243, 704, 939)",1217849,10
SELECT * FROM users WHERE id = 17569,828163,8
"SELECT * FROM orders WHERE status IN ('shipped', 'pending', 'cancelled', 'shipped')",2110372,31
SELECT * FROM orders WHERE total > 78724,5850445,58
SELECT * FROM users WHERE id = 88085,1143754,6
SELECT COUNT(*) FROM events WHERE month = 'May',11846657,124
SELECT * FROM orders WHERE total > 2443,4888368,57
SELECT * FROM orders WHERE total > 51565,5195958,51
SELECT COUNT(*) FROM events WHERE month = 'May',9968294,104
SELECT * FROM users WHERE id = 95573,911548,6
SELECT * FROM users WHERE id = 15879,1125811,17
SELECT * FROM orders WHERE total > 9955,5526087,51
SELECT * FROM orders WHERE total > 8851,4975082,52
SELECT * FROM users WHERE id = 92327,985114,15
SELECT * FROM users WHERE id = 56078,1178816,14
SELECT * FROM users WHERE id = 8589,1164942,20
SELECT * FROM users WHERE id = 15982,810700,18
SELECT * FROM users WHERE id = 72982,992021,11
SELECT * FROM users WHERE id = 55954,1125083,23
SELECT * FROM users WHERE id = 37849,921863,18
SELECT * FROM products WHERE category = 'toys',1702313,31
SELECT * FROM users WHERE id = 20906,1127624,9
SELECT * FROM orders WHERE total > 14117,4058523,36
SELECT * FROM users WHERE id = 43257,1159428,25
SELECT * FROM users WHERE id = 72725,1068968,13
"SELECT * FROM users WHERE id IN (254, 233, 438, 467, 581)",1212645,20
SELECT * FROM users WHERE id = 89338,1141356,8
SELECT COUNT(*) FROM events WHERE month = 'Mar',10956491,114
SELECT COUNT(*) FROM events WHERE month = 'Apr',10414091,101
SELECT * FROM products WHERE category = 'books',2385227,24
SELECT COUNT(*) FROM events WHERE month = 'Jun',9636169,98
SELECT * FROM products WHERE category = 'garden',1907437,22
SELECT COUNT(*) FROM events WHERE month = 'May',9478980,98
SELECT COUNT(*) FROM events WHERE month = 'Jan',9389493,107
SELECT * FROM users WHERE id = 27296,1071634,10
SELECT * FROM users WHERE id = 70862,896776,15
SELECT COUNT(*) FROM events WHERE month = 'May',11888815,118
SELECT * FROM products WHERE category = 'auto',1535455,25
SELECT * FROM users WHERE id = 62411,804189,8
SELECT * FROM users WHERE id = 61298,1069134,15
SELECT * FROM orders WHERE total > 66155,5661058,66
SELECT COUNT(*) FROM events WHERE month = 'Jun',11499922,129
SELECT COUNT(*) FROM events WHERE month = 'Apr',10014100,105
SELECT * FROM orders WHERE total > 95129,4173617,42
SELECT COUNT(*) FROM events WHERE month = 'May',10214552,109
SELECT * FROM sessions WHERE duration > 81890,4597486,44
SELECT * FROM orders WHERE total > 16343,5042972,64
"SELECT name, email FROM users WHERE signup_date > '2025-09-10'",3159640,41
SELECT * FROM orders WHERE total > 86519,4980980,59
SELECT * FROM users WHERE id = 9553,929218,8
SELECT * FROM orders WHERE total > 21479,5786726,68
SELECT COUNT(*) FROM events WHERE month = 'Apr',11898088,129
SELECT * FROM users WHERE id = 95142,946579,14
"SELECT name, email FROM users WHERE signup_date > '2025-06-20'",2471687,30
"SELECT * FROM users WHERE id IN (477, 329, 355, 935, 955)",1216337,20
SELECT * FROM users WHERE id = 11566,814536,5
SELECT * FROM users WHERE id = 11472,1195485,23
"SELECT name, email FROM users WHERE signup_date > '2025-06-20'",3706338,48
SELECT * FROM orders WHERE total > 40271,4802363,55
SELECT * FROM users WHERE id = 50390,1078333,21
SELECT * FROM users WHERE id = 36964,1087681,16
"SELECT name, email FROM users WHERE signup_date > '2025-03-15'",3810329,40
SELECT COUNT(*) FROM events WHERE month = 'May',9193046,88
SELECT * FROM orders WHERE total > 63199,4274379,42
SELECT * FROM orders WHERE total > 38414,4599378,42
SELECT * FROM users WHERE id = 61013,1145369,18
"SELECT name, email FROM users WHERE signup_date > '2025-03-15'",2267927,28
SELECT * FROM users WHERE id = 34606,914054,8
SELECT * FROM users WHERE id = 97218,912166,21
SELECT COUNT(*) FROM events WHERE month = 'Jan',11279792,125
SELECT * FROM users WHERE id = 85690,892373,14
"SELECT * FROM orders WHERE status IN ('delivered', 'returned')",2934447,25
SELECT * FROM orders WHERE total > 15144,5509473,51
SELECT * FROM users WHERE id = 6428,956237,5
"SELECT name, email FROM users WHERE signup_date > '2025-09-10'",3682377,35
SELECT * FROM orders WHERE total > 11368,5242833,54
SELECT * FROM users WHERE id = 84715,1063742,23
SELECT * FROM users WHERE id = 66533,820821,14
"SELECT * FROM orders WHERE status IN ('cancelled', 'delivered')",2088370,30
SELECT * FROM users WHERE id = 35307,892448,18
SELECT * FROM users WHERE id = 10430,1060805,13
SELECT * FROM users WHERE id = 69483,863303,12
SELECT * FROM users WHERE id = 91652,1183057,25
SELECT * FROM users WHERE id = 72341,830909,22
SELECT * FROM users WHERE id = 28341,1024903,5
"SELECT * FROM users WHERE id IN (833, 21, 978, 227, 832)",1490647,27
SELECT COUNT(*) FROM events WHERE month = 'Jun',9564572,90
SELECT * FROM users WHERE id = 11763,902264,6
"SELECT * FROM users WHERE id IN (972, 994, 936, 140)",1333294,20
"SELECT user_id, SUM(total) FROM orders WHERE region = 'electronics' GROUP BY user_id",7400323,79
SELECT * FROM orders WHERE total > 65777,5877540,64
SELECT COUNT(*) FROM events WHERE month = 'Mar',10150284,99
SELECT * FROM orders WHERE total > 93202,4488077,58
SELECT * FROM users WHERE id = 75526,833862,12
SELECT * FROM users WHERE id = 91200,1101323,15
SELECT COUNT(*) FROM events WHERE month = 'Mar',11456950,111
SELECT * FROM orders WHERE total > 72770,4032129,36
SELECT * FROM orders WHERE total > 78646,4661276,56
SELECT * FROM products WHERE category = 'toys',2421306,24
SELECT * FROM products WHERE category = 'electronics',2162568,19
SELECT * FROM orders WHERE total > 43037,5150476,57
"SELECT * FROM users WHERE id IN (850, 788, 442, 348, 625)",1339734,26
SELECT * FROM users WHERE id = 95450,1036492,17
SELECT * FROM users WHERE id = 86023,804631,12
SELECT * FROM users WHERE id = 93513,835123,9
SELECT COUNT(*) FROM events WHERE month = 'Apr',10040880,114
SELECT * FROM users WHERE id = 15515,924515,5
"SELECT * FROM users WHERE id IN (791, 826)",1489019,25
SELECT * FROM products WHERE category = 'garden',1673784,20
SELECT * FROM orders WHERE total > 39806,5143739,52
"SELECT * FROM orders WHERE status IN ('shipped', 'shipped', 'pending')",2564639,36
SELECT * FROM users WHERE id = 69687,841231,13
SELECT * FROM orders WHERE total > 55930,5689793,54
SELECT * FROM orders WHERE total > 2679,5410642,69
SELECT * FROM orders WHERE total > 66707,4736751,55
SELECT * FROM users WHERE id = 67187,855035,13
SELECT * FROM users WHERE id = 87064,1056302,6
SELECT * FROM users WHERE id = 35743,854475,16
SELECT * FROM orders WHERE total > 16376,4041421,36
SELECT * FROM orders WHERE total > 1998,4019509,49
SELECT * FROM products WHERE category = 'toys',2085634,32
SELECT COUNT(*) FROM events WHERE month = 'Jan',10544964,117
SELECT * FROM users WHERE id = 65909,1148869,7
SELECT COUNT(*) FROM events WHERE month = 'Apr',10755216,105
SELECT * FROM users WHERE id = 32734,1063487,15
SELECT * FROM orders WHERE total > 71377,5312198,60
SELECT * FROM users WHERE id = 72814,859261,17
SELECT * FROM users WHERE id = 12938,865652,5
SELECT * FROM users WHERE id = 77946,989320,20
SELECT * FROM orders WHERE total > 77822,4008673,51
SELECT * FROM orders WHERE total > 11891,5605526,62
SELECT * FROM users WHERE id = 95260,1099395,7
SELECT * FROM users WHERE id = 91073,866117,4
"SELECT user_id, SUM(total) FROM orders WHERE region = 'electronics' GROUP BY user_id",9846836,104
SELECT * FROM users WHERE id IN (896),1316581,24
SELECT * FROM users WHERE id = 76994,1100953,23
SELECT * FROM users WHERE id = 28050,963586,22
SELECT * FROM users WHERE id = 37733,808653,8
SELECT COUNT(*) FROM events WHERE month = 'Apr',10623385,107
SELECT * FROM users WHERE id = 27237,1162940,25
SELECT * FROM users WHERE id = 26137,1067101,22
SELECT * FROM products WHERE category = 'auto',1783504,16
SELECT * FROM users WHERE id = 74928,1097320,12
SELECT COUNT(*) FROM events WHERE month = 'Feb',11709431,132
SELECT * FROM users WHERE id = 18291,877882,6
SELECT * FROM orders WHERE total > 93182,5205532,62
SELECT * FROM products WHERE category = 'electronics',2298997,27
SELECT * FROM users WHERE id = 76573,960387,20
SELECT * FROM users WHERE id = 21794,972996,14
SELECT * FROM users WHERE id = 28901,1008287,8
SELECT * FROM products WHERE category = 'auto',1839289,31
SELECT COUNT(*) FROM events WHERE month = 'Jun',9081585,97
SELECT * FROM users WHERE id = 85813,950353,20
"SELECT user_id, SUM(total) FROM orders WHERE region = 'electronics' GROUP BY user_id",8071200,81
"SELECT * FROM users WHERE id IN (220, 195, 205, 149, 629)",1442792,21
SELECT * FROM users WHERE id = 56921,1085320,5
SELECT COUNT(*) FROM events WHERE month = 'May',9891588,105
SELECT * FROM users WHERE id = 32784,974835,9
SELECT * FROM users WHERE id = 27334,847800,17
SELECT * FROM products WHERE category = 'electronics',1621444,11
SELECT * FROM orders WHERE total > 50843,4946306,44
SELECT * FROM users WHERE id = 21123,1177973,24
SELECT * FROM orders WHERE total > 44682,4249507,46
SELECT * FROM users WHERE id = 90796,1174214,22
SELECT * FROM orders WHERE total > 89289,5629837,65
SELECT * FROM orders WHERE total > 21650,4295989,44
SELECT COUNT(*) FROM events WHERE month = 'Apr',10482621,106
SELECT * FROM users WHERE id = 79846,1068549,20
"SELECT * FROM users WHERE id IN (870, 49)",1342485,24
SELECT * FROM users WHERE id = 47319,1167783,12
"SELECT name, email FROM users WHERE signup_date > '2025-06-20'",2622812,39
SELECT COUNT(*) FROM events WHERE month = 'Apr',9276719,102
SELECT * FROM orders WHERE total > 94923,5848398,56
SELECT COUNT(*) FROM events WHERE month = 'Jan',10474733,110
SELECT COUNT(*) FROM events WHERE month = 'May',10773962,107
SELECT * FROM orders WHERE total > 90295,5395347,59
SELECT * FROM users WHERE id = 49169,911197,7
SELECT * FROM users WHERE id = 96049,1093242,8
"SELECT name, email FROM users WHERE signup_date > '2025-03-15'",2361430,21
SELECT * FROM users WHERE id = 86529,820845,11
SELECT * FROM users WHERE id = 64401,883450,8
"SELECT name, email FROM users WHERE signup_date > '2025-03-15'",3276460,39
SELECT * FROM users WHERE id = 5759,1182357,18
SELECT * FROM users WHERE id = 51306,1145554,22
SELECT * FROM users WHERE id = 59124,1052291,14
SELECT * FROM users WHERE id = 34412,840252,5
SELECT COUNT(*) FROM events WHERE month = 'May',10318651,101
SELECT * FROM products WHERE category = 'auto',1557146,25
"SELECT user_id, SUM(total) FROM orders WHERE region = 'electronics' GROUP BY user_id",9937094,108
SELECT * FROM users WHERE id = 11298,839455,6
SELECT * FROM users WHERE id IN (25),1438072,27
SELECT * FROM orders WHERE total > 22389,4042190,54
SELECT COUNT(*) FROM events WHERE month = 'Jun',10943295,120
SELECT * FROM users WHERE id = 30410,819099,18
SELECT * FROM users WHERE id = 73115,874276,19
SELECT * FROM users WHERE id = 66946,801124,10
SELECT * FROM orders WHERE total > 66812,4613082,53
SELECT * FROM orders WHERE total > 7416,5490721,56
"SELECT * FROM users WHERE id IN (464, 117, 933, 279)",1277355,12
SELECT * FROM users WHERE id = 42369,954356,11
SELECT * FROM users WHERE id = 55721,1043128,21
SELECT COUNT(*) FROM events WHERE month = 'Mar',9209449,89
SELECT * FROM orders WHERE total > 13593,4116424,43
SELECT * FROM users WHERE id = 93386,1104033,25
SELECT * FROM users WHERE id = 75587,1074685,16
"SELECT * FROM users WHERE id IN (101, 336, 291)",1158852,14
SELECT COUNT(*) FROM events WHERE month = 'Jun',10792438,104
SELECT COUNT(*) FROM events WHERE month = 'Apr',10352763,105
SELECT * FROM orders WHERE total > 59123,4217433,46
SELECT * FROM users WHERE id = 93106,1160172,23
SELECT * FROM orders WHERE total > 9856,4766823,52
SELECT * FROM users WHERE id = 91201,1175615,20
"SELECT user_id, SUM(total) FROM orders WHERE region = 'garden' GROUP BY user_id",8382505,79
SELECT * FROM users WHERE id = 91267,942488,22
SELECT * FROM users WHERE id = 75691,1115741,12
SELECT * FROM orders WHERE total > 80324,4485630,58
SELECT * FROM users WHERE id = 1362,1029025,22
SELECT * FROM users WHERE id = 18911,826877,14
SELECT * FROM orders WHERE total > 4552,4490956,41
SELECT * FROM users WHERE id = 88341,879115,14
SELECT * FROM users WHERE id = 58410,1016849,16
SELECT * FROM orders WHERE total > 54176,4398366,40
SELECT * FROM users WHERE id = 77387,1037004,6
SELECT COUNT(*) FROM events WHERE month = 'Apr',11977905,123
SELECT * FROM users WHERE id = 6301,909078,24
SELECT * FROM sessions WHERE duration > 59629,4812227,47
SELECT * FROM users WHERE id = 67853,959048,16
SELECT * FROM orders WHERE total > 2315,4761909,51
SELECT * FROM users WHERE id = 95653,908391,12
SELECT * FROM users WHERE id = 32891,1011759,8
SELECT COUNT(*) FROM events WHERE month = 'Feb',9432573,93
SELECT * FROM users WHERE id = 68305,906322,21
SELECT * FROM orders WHERE total > 87134,5714896,58
SELECT * FROM orders WHERE total > 64795,5484031,61
SELECT * FROM users WHERE id = 94773,1167818,25
SELECT * FROM users WHERE id = 88064,801343,21
"SELECT * FROM users WHERE id IN (902, 867, 717)",1386454,19
"SELECT name, email FROM users WHERE signup_date > '2025-01-01'",2364281,28
SELECT * FROM orders WHERE total > 7211,5637235,64
SELECT * FROM orders WHERE total > 58916,4854066,54
SELECT COUNT(*) FROM events WHERE month = 'Jan',11696511,125
"SELECT user_id, SUM(total) FROM orders WHERE region = 'books' GROUP BY user_id",8773832,97
SELECT * FROM orders WHERE total > 93595,4971666,46
SELECT * FROM orders WHERE total > 82153,5461484,62
SELECT * FROM products WHERE category = 'toys',2398090,28
SELECT * FROM products WHERE category = 'books',1896821,29
SELECT COUNT(*) FROM events WHERE month = 'Jun',11549615,114
SELECT * FROM users WHERE id = 25551,1033944,20
"SELECT user_id, SUM(total) FROM orders WHERE region = 'toys' GROUP BY user_id",8262459,94
SELECT COUNT(*) FROM events WHERE month = 'Apr',11313956,123
SELECT COUNT(*) FROM events WHERE month = 'Mar',11693491,112
"SELECT * FROM orders WHERE status IN ('delivered', 'pending', 'cancelled', 'delivered')",2501122,35
"SELECT * FROM users WHERE id IN (373, 997, 315, 781, 588)",1019355,21
SELECT * FROM products WHERE category = 'electronics',1999607,21
SELECT COUNT(*) FROM events WHERE month = 'Jan',10422575,105
SELECT COUNT(*) FROM events WHERE month = 'Feb',9806089,103
SELECT * FROM users WHERE id = 12385,1146382,20
SELECT * FROM orders WHERE total > 38757,5858845,66
SELECT * FROM users WHERE id = 41393,810753,17
SELECT * FROM products WHERE category = 'garden',1584998,17
SELECT * FROM products WHERE category = 'auto',1941117,27
SELECT * FROM orders WHERE total > 45401,4639788,43
SELECT * FROM orders WHERE total > 57774,5948881,71
SELECT * FROM products WHERE category = 'auto',1514689,26
SELECT COUNT(*) FROM events WHERE month = 'Jun',10575912,113
SELECT * FROM products WHERE category = 'auto',2499005,19
SELECT * FROM orders WHERE total > 60363,4788109,42
SELECT * FROM users WHERE id = 40373,1062241,25
SELECT * FROM products WHERE category = 'garden',2385865,27
SELECT * FROM products WHERE category = 'books',2486450,28
SELECT * FROM users WHERE id = 1726,1012240,25
SELECT COUNT(*) FROM events WHERE month = 'Jan',10763082,117
SELECT COUNT(*) FROM events WHERE month = 'May',10047405,114
SELECT COUNT(*) FROM events WHERE month = 'Jun',10053887,96
SELECT * FROM orders WHERE total > 23848,5451484,51
SELECT * FROM products WHERE category = 'books',2432469,20
SELECT COUNT(*) FROM events WHERE month = 'Apr',11835206,129
SELECT * FROM users WHERE id = 68554,1074833,25
SELECT COUNT(*) FROM events WHERE month = 'Apr',9328042,105
SELECT * FROM orders WHERE total > 26908,4247094,55
SELECT COUNT(*) FROM events WHERE month = 'Jun',9414668,89
SELECT * FROM users WHERE id = 22168,930798,14
SELECT * FROM orders WHERE total > 93065,5374734,54
SELECT COUNT(*) FROM events WHERE month = 'Apr',9267592,97
SELECT * FROM users WHERE id = 90199,1096702,5
"SELECT name, email FROM users WHERE signup_date > '2025-03-15'",2225655,36
SELECT * FROM products WHERE category = 'garden',2015306,21
SELECT * FROM sessions WHERE duration > 13304,3330006,39
"SELECT * FROM users WHERE id IN (333, 606, 469, 606, 260)",1199763,15
SELECT * FROM users WHERE id = 44934,1198735,17
"SELECT name, email FROM users WHERE signup_date > '2025-01-01'",2115902,22
SELECT * FROM users WHERE id = 79736,1070990,17
SELECT COUNT(*) FROM events WHERE month = 'Jan',9363009,104
SELECT * FROM orders WHERE total > 34152,4070720,43
"SELECT * FROM users WHERE id IN (868, 812, 935, 887)",1231776,16
SELECT * FROM users WHERE id = 11359,1069764,16
SELECT * FROM orders WHERE total > 49014,5850401,71
SELECT * FROM users WHERE id = 18085,906270,11
SELECT * FROM users WHERE id = 90182,1174602,14
SELECT * FROM users WHERE id = 23172,1134089,7
SELECT * FROM orders WHERE total > 60437,5840989,54
SELECT COUNT(*) FROM events WHERE month = 'Mar',11210619,119
SELECT * FROM orders WHERE status IN ('delivered'),2663279,34
SELECT COUNT(*) FROM events WHERE month = 'Feb',9356595,90
SELECT * FROM products WHERE category = 'books',1722173,28
SELECT * FROM users WHERE id = 42571,822793,6
"SELECT * FROM users WHERE id IN (745, 807)",1387017,16
SELECT COUNT(*) FROM events WHERE month = 'Feb',11924907,133
SELECT * FROM orders WHERE total > 85087,5597770,50
SELECT * FROM users WHERE id = 68716,1008265,10
SELECT * FROM sessions WHERE duration > 97114,3475477,49
SELECT * FROM products WHERE category = 'auto',1536266,17
SELECT * FROM users WHERE id = 92448,1008984,23
"SELECT name, email FROM users WHERE signup_date > '2025-09-10'",2570425,20
SELECT COUNT(*) FROM events WHERE month = 'Feb',10878814,115
SELECT * FROM users WHERE id = 88421,993457,15
SELECT * FROM sessions WHERE duration > 64710,4799753,54
SELECT COUNT(*) FROM events WHERE month = 'May',9114260,102
SELECT * FROM users WHERE id = 60525,881367,12
SELECT COUNT(*) FROM events WHERE month = 'Mar',10166125,114
SELECT * FROM users WHERE id = 97331,1058414,22
SELECT * FROM users WHERE id = 98482,1195804,25
SELECT * FROM users WHERE id = 14180,963323,10
SELECT * FROM orders WHERE total > 62196,4552372,52
SELECT * FROM users WHERE id = 85414,1141252,24
SELECT * FROM orders WHERE total > 13563,4446255,58
SELECT * FROM users WHERE id = 7179,912466,12
SELECT COUNT(*) FROM events WHERE month = 'Apr',10172354,106
SELECT * FROM orders WHERE total > 37337,5104583,60
SELECT * FROM orders WHERE total > 56833,5251982,62
SELECT * FROM users WHERE id = 17673,1189443,12
SELECT * FROM users WHERE id = 46643,835738,20
SELECT * FROM users WHERE id = 91795,1103960,21
SELECT * FROM orders WHERE status IN ('cancelled'),2970748,35
SELECT * FROM orders WHERE total > 74034,4805357,43
SELECT * FROM orders WHERE total > 3965,5158454,51
SELECT * FROM users WHERE id = 83867,943549,11
SELECT * FROM orders WHERE total > 48308,4056372,50
SELECT * FROM users WHERE id = 77840,928733,8
SELECT * FROM users WHERE id = 42363,1054374,9
"SELECT name, email FROM users WHERE signup_date > '2025-06-20'",3713399,36
SELECT * FROM users WHERE id = 35013,971076,18
"SELECT * FROM orders WHERE status IN ('cancelled', 'shipped')",2840621,40
SELECT COUNT(*) FROM events WHERE month = 'May',11709419,131
SELECT * FROM orders WHERE total > 82995,4568839,56
SELECT * FROM orders WHERE total > 21138,4565170,52
SELECT * FROM users WHERE id = 70517,940782,10
"SELECT * FROM orders WHERE status IN ('pending', 'pending', 'shipped')",2475298,24
SELECT * FROM orders WHERE total > 92177,5578920,51
SELECT * FROM sessions WHERE duration > 71960,3915180,48
SELECT * FROM users WHERE id = 42848,1124207,9
SELECT * FROM users WHERE id = 17803,851118,4
SELECT * FROM users WHERE id = 42865,810959,6
SELECT COUNT(*) FROM events WHERE month = 'Mar',11109664,126
SELECT * FROM users WHERE id = 63306,1098635,14
SELECT * FROM users WHERE id = 26356,1110404,10
SELECT COUNT(*) FROM events WHERE month = 'Mar',11694731,113
"SELECT name, email FROM users WHERE signup_date > '2025-03-15'",3158488,29
SELECT * FROM users WHERE id = 22800,1177590,23
SELECT COUNT(*) FROM events WHERE month = 'Apr',10631335,105
SELECT * FROM sessions WHERE duration > 30286,4156080,45
SELECT * FROM users WHERE id = 89950,915792,12
SELECT COUNT(*) FROM events WHERE month = 'May',11057534,113
SELECT * FROM users WHERE id = 87303,1120297,18
SELECT * FROM users WHERE id = 54677,1149843,20
SELECT * FROM users WHERE id = 27557,1057216,17
SELECT * FROM users WHERE id = 4971,891050,23
SELECT * FROM products WHERE category = 'electronics',1612252,24
SELECT * FROM products WHERE category = 'garden',1795886,27
SELECT * FROM orders WHERE total > 20492,5258815,50
SELECT * FROM products WHERE category = 'garden',2014316,31
SELECT * FROM products WHERE category = 'auto',1694205,28
SELECT * FROM users WHERE id = 60254,826413,8
SELECT COUNT(*) FROM events WHERE month = 'Jun',11491847,112
SELECT * FROM orders WHERE total > 90748,4608946,44
SELECT * FROM orders WHERE total > 33201,5150295,53
SELECT * FROM sessions WHERE duration > 53072,4880341,43
SELECT * FROM users WHERE id = 56982,1014649,17
"SELECT * FROM users WHERE id IN (258, 121, 1000, 77)",1068833,17
SELECT * FROM orders WHERE total > 95497,4643643,49
SELECT * FROM products WHERE category = 'books',1629369,20
SELECT * FROM users WHERE id = 54190,841558,16
SELECT * FROM products WHERE category = 'auto',2455159,25
SELECT * FROM products WHERE category = 'books',2174151,35
SELECT * FROM users WHERE id = 48420,1122355,11
"SELECT name, email FROM users WHERE signup_date > '2025-03-15'",3249574,40
SELECT * FROM users WHERE id = 75822,824057,15
SELECT * FROM users WHERE id = 1495,903798,17
SELECT COUNT(*) FROM events WHERE month = 'Jun',11376523,111
SELECT * FROM sessions WHERE duration > 13691,4888544,52
SELECT * FROM users WHERE id = 91746,1018929,10
SELECT * FROM users WHERE id IN (923),1414369,18
SELECT * FROM users WHERE id = 52812,850365,23
"SELECT user_id, SUM(total) FROM orders WHERE region = 'electronics' GROUP BY user_id",8833630,102
"SELECT * FROM orders WHERE status IN ('delivered', 'returned')",2426838,36
SELECT * FROM users WHERE id = 84847,854142,11
SELECT * FROM orders WHERE total > 51364,4158266,47
SELECT * FROM products WHERE category = 'books',2371572,37
SELECT * FROM users WHERE id = 80213,1046930,17
SELECT * FROM products WHERE category = 'garden',2154865,27
SELECT COUNT(*) FROM events WHERE month = 'Apr',9289232,106
"SELECT * FROM users WHERE id IN (517, 332)",1381050,16
SELECT * FROM products WHERE category = 'toys',1931920,15
SELECT * FROM sessions WHERE duration > 69280,4626494,49
"SELECT name, email FROM users WHERE signup_date > '2025-09-10'",2098274,23
SELECT * FROM users WHERE id = 33244,998440,19
"SELECT * FROM users WHERE id IN (919, 941, 80)",1094168,20
SELECT * FROM orders WHERE status IN ('shipped'),2213641,33
SELECT COUNT(*) FROM events WHERE month = 'Apr',9399010,92
SELECT * FROM products WHERE category = 'electronics',1711970,15
"SELECT name, email FROM users WHERE signup_date > '2025-01-01'",2800160,25
SELECT * FROM sessions WHERE duration > 60910,4153253,38
"SELECT name, email FROM users WHERE signup_date > '2025-03-15'",2256183,18
SELECT * FROM users WHERE id = 53135,1103511,11
SELECT * FROM products WHERE category = 'garden',1967111,16
SELECT * FROM orders WHERE total > 17508,4447319,48
SELECT * FROM users WHERE id = 72950,941362,24
SELECT * FROM products WHERE category = 'toys',1622578,20
"SELECT user_id, SUM(total) FROM orders WHERE region = 'books' GROUP BY user_id",9383959,96
SELECT COUNT(*) FROM events WHERE month = 'May',9178807,86
"SELECT * FROM orders WHERE status IN ('shipped', 'cancelled', 'cancelled')",2111345,24
SELECT * FROM users WHERE id = 58608,837118,13
SELECT * FROM users WHERE id = 32796,1074494,16
SELECT * FROM users WHERE id IN (233),1043430,19
SELECT * FROM sessions WHERE duration > 60139,3775463,46
SELECT * FROM users WHERE id = 51709,1083924,12
SELECT * FROM users WHERE id = 27406,1035512,16
SELECT COUNT(*) FROM events WHERE month = 'Feb',11292510,118
"SELECT name, email FROM users WHERE signup_date > '2025-01-01'",3573409,32
SELECT * FROM orders WHERE total > 28923,4613809,43
SELECT * FROM orders WHERE total > 31105,5538139,65
SELECT * FROM orders WHERE total > 59648,5714237,58
SELECT COUNT(*) FROM events WHERE month = 'Apr',9935931,96
SELECT * FROM users WHERE id = 47030,805643,13
SELECT * FROM users WHERE id = 42731,852376,18
SELECT * FROM products WHERE category = 'toys',2487070,27
SELECT * FROM users WHERE id = 63167,1091773,11
SELECT * FROM users WHERE id = 17976,1021789,25
SELECT * FROM users WHERE id = 50634,1177911,13
SELECT * FROM sessions WHERE duration > 47838,4209482,40
SELECT * FROM orders WHERE total > 30903,4966561,55
"SELECT user_id, SUM(total) FROM orders WHERE region = 'electronics' GROUP BY user_id",7785053,74
SELECT * FROM users WHERE id = 65461,1030667,9
SELECT * FROM users WHERE id = 89055,1137395,10
SELECT * FROM users WHERE id = 11180,1056386,7
SELECT * FROM orders WHERE total > 9435,4945593,63
SELECT * FROM orders WHERE total > 47330,4367949,45
SELECT * FROM products WHERE category = 'toys',2354855,35
SELECT * FROM users WHERE id = 16423,812107,23
"SELECT * FROM users WHERE id IN (463, 91, 38, 256, 978)",1345951,20
SELECT COUNT(*) FROM events WHERE month = 'May',9585582,105
SELECT COUNT(*) FROM events WHERE month = 'Mar',10316159,99
"SELECT name, email FROM users WHERE signup_date > '2025-09-10'",3959123,53
SELECT * FROM users WHERE id = 14006,893683,20
SELECT COUNT(*) FROM events WHERE month = 'May',10835062,121
SELECT * FROM orders WHERE total > 3298,5757786,64
"SELECT name, email FROM users WHERE signup_date > '2025-06-20'",3419081,29
SELECT * FROM users WHERE id = 41046,875525,17
SELECT COUNT(*) FROM events WHERE month = 'Mar',10607230,111
"SELECT * FROM orders WHERE status IN ('cancelled', 'pending')",2605951,33
SELECT * FROM users WHERE id = 38321,1052031,20
SELECT COUNT(*) FROM events WHERE month = 'Apr',10944294,114
SELECT * FROM orders WHERE total > 10900,5636937,62
SELECT COUNT(*) FROM events WHERE month = 'Apr',11827350,121
SELECT * FROM orders WHERE total > 22204,4373205,45
SELECT COUNT(*) FROM events WHERE month = 'Jun',10947005,119
SELECT COUNT(*) FROM events WHERE month = 'Apr',9649408,94
SELECT * FROM users WHERE id = 26216,1043181,11
SELECT * FROM users WHERE id = 23952,963772,17
SELECT * FROM orders WHERE total > 36771,5742260,62
SELECT * FROM users WHERE id = 46392,882920,14
SELECT * FROM users WHERE id = 36683,994685,4
"SELECT name, email FROM users WHERE signup_date > '2025-03-15'",3494305,38
"SELECT name, email FROM users WHERE signup_date > '2025-09-10'",2649747,28
SELECT * FROM users WHERE id = 90848,1185883,26
SELECT COUNT(*) FROM events WHERE month = 'Apr',9302108,92
SELECT * FROM orders WHERE total > 29852,5443306,64
SELECT * FROM users WHERE id = 88487,1186391,22
SELECT * FROM users WHERE id = 72660,1101696,11
"SELECT * FROM users WHERE id IN (132, 138, 530, 638, 225)",1298543,23
"SELECT * FROM users WHERE id IN (106, 181, 552, 420, 141)",1071307,14
SELECT * FROM orders WHERE total > 66698,4098572,43
SELECT * FROM users WHERE id = 54618,1011817,10
SELECT COUNT(*) FROM events WHERE month = 'Jun',10108077,103
SELECT * FROM users WHERE id = 26428,924889,5
SELECT * FROM products WHERE category = 'auto',2130244,16
SELECT * FROM orders WHERE total > 7111,4003985,43
"SELECT user_id, SUM(total) FROM orders WHERE region = 'auto' GROUP BY user_id",8255066,86
SELECT COUNT(*) FROM events WHERE month = 'Mar',10519057,107
SELECT COUNT(*) FROM events WHERE month = 'Apr',10112134,103
SELECT * FROM users WHERE id = 96245,1085500,22
"SELECT * FROM orders WHERE status IN ('shipped', 'returned', 'delivered')",2257312,27
SELECT * FROM orders WHERE total > 30417,5422840,54
SELECT * FROM users WHERE id = 49239,1136227,15
SELECT * FROM orders WHERE total > 51274,4051823,55
SELECT COUNT(*) FROM events WHERE month = 'Feb',9573648,108
SELECT * FROM products WHERE category = 'toys',2306760,33
SELECT * FROM orders WHERE total > 15696,4209990,52
SELECT * FROM users WHERE id = 8026,1110075,8
"SELECT * FROM orders WHERE status IN ('cancelled', 'returned', 'pending')",2332196,18
SELECT * FROM users WHERE id = 22759,1064374,5
SELECT * FROM users WHERE id = 20583,962666,16
"SELECT * FROM users WHERE id IN (345, 445)",1159231,18
"SELECT * FROM orders WHERE status IN ('cancelled', 'shipped', 'cancelled', 'delivered')",2824443,35
SELECT COUNT(*) FROM events WHERE month = 'Apr',9823549,94
SELECT * FROM users WHERE id = 52102,1021145,22
SELECT COUNT(*) FROM events WHERE month = 'Feb',9216219,101
SELECT * FROM users WHERE id = 27317,842030,4
SELECT * FROM products WHERE category = 'electronics',2315037,24
SELECT * FROM users WHERE id = 16195,964770,20
SELECT * FROM users WHERE id = 84791,877236,12
SELECT * FROM orders WHERE total > 81925,4635658,46
SELECT * FROM users WHERE id = 71538,1086406,20
"SELECT user_id, SUM(total) FROM orders WHERE region = 'toys' GROUP BY user_id",9281020,103
SELECT * FROM products WHERE category = 'books',1611413,14
SELECT * FROM orders WHERE total > 24318,4178561,47
SELECT * FROM orders WHERE total > 90937,4542591,59
SELECT * FROM users WHERE id = 38854,982967,5
SELECT COUNT(*) FROM events WHERE month = 'Jan',9586572,100
SELECT * FROM users WHERE id = 65119,1029854,11
SELECT * FROM users WHERE id = 38025,1159033,18
"SELECT * FROM orders WHERE status IN ('returned', 'shipped', 'shipped')",2945931,43
SELECT * FROM users WHERE id = 83150,919608,11
SELECT * FROM products WHERE category = 'garden',2344077,20
SELECT * FROM users WHERE id = 7369,801040,8
SELECT * FROM orders WHERE total > 39768,5494730,62
SELECT * FROM orders WHERE total > 31975,5209191,62
"SELECT name, email FROM users WHERE signup_date > '2025-09-10'",3998679,40
SELECT * FROM orders WHERE total > 3973,4570245,56
SELECT * FROM users WHERE id = 45671,1183614,25
SELECT * FROM users WHERE id = 90032,1043979,13
SELECT COUNT(*) FROM events WHERE month = 'Apr',9166528,90
SELECT * FROM users WHERE id = 73457,969437,5
SELECT * FROM users WHERE id = 94466,858792,18
SELECT COUNT(*) FROM events WHERE month = 'Jun',11187273,126
SELECT * FROM users WHERE id = 36346,890286,17
SELECT * FROM users WHERE id = 73772,1066793,21
SELECT * FROM products WHERE category = 'auto',2357674,18
SELECT * FROM orders WHERE total > 78472,5863892,58
SELECT * FROM users WHERE id = 70509,1085264,8
"SELECT name, email FROM users WHERE signup_date > '2025-01-01'",2624634,33
SELECT COUNT(*) FROM events WHERE month = 'Jan',11483579,116
SELECT COUNT(*) FROM events WHERE month = 'Feb',11771082,121
SELECT * FROM products WHERE category = 'auto',2079976,32
SELECT COUNT(*) FROM events WHERE month = 'Mar',10317616,115
"SELECT name, email FROM users WHERE signup_date > '2025-06-20'",2993721,30
SELECT * FROM users WHERE id = 41901,1046544,13
SELECT * FROM products WHERE category = 'electronics',1601852,27
SELECT * FROM orders WHERE total > 5066,5848072,57
"SELECT * FROM orders WHERE status IN ('pending', 'returned', 'pending')",2267303,31
SELECT COUNT(*) FROM events WHERE month = 'May',10646577,120
SELECT * FROM orders WHERE total > 67350,5749620,59
SELECT * FROM users WHERE id = 68255,946535,23
"SELECT * FROM users WHERE id IN (514, 389)",1008710,23
SELECT COUNT(*) FROM events WHERE month = 'Jan',9427347,99
SELECT COUNT(*) FROM events WHERE month = 'Jun',10892644,112
SELECT COUNT(*) FROM events WHERE month = 'Feb',10270286,117
SELECT * FROM users WHERE id = 51510,811874,9
"SELECT * FROM users WHERE id IN (337, 845)",1372715,10
SELECT * FROM orders WHERE total > 77122,4960528,61
SELECT * FROM users WHERE id = 32325,861424,22
SELECT * FROM users WHERE id = 89697,1153936,24
SELECT * FROM users WHERE id = 76106,1048385,18
SELECT * FROM users WHERE id = 54099,821990,9
SELECT * FROM users WHERE id = 41770,822437,6
"SELECT user_id, SUM(total) FROM orders WHERE region = 'books' GROUP BY user_id",9575536,99
SELECT * FROM users WHERE id = 96656,1023413,14
SELECT * FROM users WHERE id IN (426),1095630,19
"SELECT * FROM orders WHERE status IN ('pending', 'returned', 'delivered', 'pending')",2165163,32
"SELECT * FROM users WHERE id IN (307, 869, 636, 264)",1453920,28
SELECT * FROM users WHERE id = 56262,811883,9
SELECT * FROM users WHERE id = 46448,1162119,18
SELECT COUNT(*) FROM events WHERE month = 'Jan',11347130,121
SELECT * FROM orders WHERE total > 57947,4812475,53
SELECT * FROM users WHERE id = 36738,1103940,18
SELECT * FROM orders WHERE total > 29562,4007865,42
"SELECT name, email FROM users WHERE signup_date > '2025-01-01'",2401957,33
"SELECT user_id, SUM(total) FROM orders WHERE region = 'auto' GROUP BY user_id",8827969,86
SELECT * FROM users WHERE id = 47948,937405,15
SELECT COUNT(*) FROM events WHERE month = 'Feb',9021615,97
SELECT * FROM orders WHERE total > 31753,5564772,69
SELECT * FROM users WHERE id = 80920,1028819,25
SELECT * FROM products WHERE category = 'garden',2448587,27
SELECT * FROM orders WHERE total > 49252,4248144,57
SELECT * FROM products WHERE category = 'auto',2276469,28
SELECT * FROM orders WHERE total > 78369,4723535,52
SELECT * FROM users WHERE id = 91620,956442,9
SELECT * FROM users WHERE id = 91844,826172,3
SELECT * FROM sessions WHERE duration > 18123,4165426,41
SELECT * FROM products WHERE category = 'garden',2151532,17
SELECT COUNT(*) FROM events WHERE month = 'May',9072899,96
"SELECT * FROM orders WHERE status IN ('pending', 'returned', 'pending', 'pending')",2612536,21
SELECT * FROM orders WHERE total > 25572,4949742,54
SELECT * FROM orders WHERE total > 74017,5213040,56
SELECT * FROM orders WHERE total > 38933,5979763,70
SELECT COUNT(*) FROM events WHERE month = 'Feb',9246281,107
SELECT * FROM sessions WHERE duration > 12963,3385873,39
SELECT * FROM users WHERE id = 2360,964822,5
SELECT * FROM orders WHERE total > 51018,4158509,55
SELECT * FROM orders WHERE total > 29776,4317262,58
SELECT * FROM orders WHERE total > 82611,5934313,56
SELECT COUNT(*) FROM events WHERE month = 'Feb',10862459,116
SELECT * FROM orders WHERE total > 27045,4754706,54
SELECT * FROM orders WHERE status IN ('cancelled'),2704121,39
SELECT COUNT(*) FROM events WHERE month = 'Feb',11191664,108
SELECT * FROM products WHERE category = 'books',2049649,28
SELECT * FROM sessions WHERE duration > 94403,3218838,30
SELECT * FROM products WHERE category = 'auto',1536009,25
SELECT * FROM sessions WHERE duration > 48932,4128815,49
"SELECT name, email FROM users WHERE signup_date > '2025-03-15'",3239031,34
SELECT * FROM orders WHERE total > 75194,4777527,45
SELECT * FROM products WHERE category = 'auto',2383077,25
SELECT * FROM orders WHERE total > 64600,4410081,46
SELECT * FROM users WHERE id = 34985,1041788,15
SELECT COUNT(*) FROM events WHERE month = 'Feb',11443502,109
SELECT * FROM products WHERE category = 'books',2451981,38
SELECT * FROM products WHERE category = 'auto',2061685,22
SELECT * FROM orders WHERE total > 31511,5389506,52
SELECT * FROM sessions WHERE duration > 84798,3958050,49
SELECT * FROM orders WHERE total > 33436,5386957,52
SELECT * FROM orders WHERE total > 68495,5496189,68
SELECT * FROM orders WHERE total > 383,4686276,47
SELECT * FROM users WHERE id = 42214,1177585,16
SELECT * FROM users WHERE id = 98836,1129069,21
SELECT * FROM orders WHERE total > 68103,5642768,62
SELECT * FROM users WHERE id = 79901,1166201,15
SELECT * FROM users WHERE id = 35118,947664,23
SELECT * FROM users WHERE id = 66477,1006121,25
SELECT COUNT(*) FROM events WHERE month = 'Feb',9880214,113
"SELECT * FROM users WHERE id IN (903, 486)",1436283,11
SELECT * FROM orders WHERE total > 34035,5266413,47
SELECT * FROM orders WHERE total > 99554,5506358,69
"SELECT * FROM users WHERE id IN (283, 43, 961, 957, 396)",1305797,27
"SELECT user_id, SUM(total) FROM orders WHERE region = 'toys' GROUP BY user_id",9431022,97
SELECT * FROM users WHERE id = 63555,1103301,8
"SELECT * FROM users WHERE id IN (683, 244, 40, 409)",1297629,20
SELECT * FROM orders WHERE total > 64622,4067055,53
SELECT COUNT(*) FROM events WHERE month = 'Apr',9113001,88
SELECT * FROM orders WHERE total > 50001,5185317,56
"SELECT user_id, SUM(total) FROM orders WHERE region = 'auto' GROUP BY user_id",7503830,86
SELECT * FROM sessions WHERE duration > 18975,4678977,57
"SELECT name, email FROM users WHERE signup_date > '2025-06-20'",3338685,48
SELECT COUNT(*) FROM events WHERE month = 'Feb',11721330,119
SELECT COUNT(*) FROM events WHERE month = 'Jun',9045619,101
SELECT * FROM orders WHERE total > 25245,4818198,50
SELECT * FROM orders WHERE total > 27383,4336999,41
SELECT * FROM users WHERE id = 94264,881039,13
SELECT * FROM users WHERE id = 47165,931508,9
SELECT * FROM users WHERE id = 99776,1155600,16
"SELECT * FROM users WHERE id IN (505, 411, 623)",1086488,22
"SELECT * FROM users WHERE id IN (515, 297, 547, 8)",1364667,21
"SELECT * FROM orders WHERE status IN ('shipped', 'pending', 'shipped', 'pending')",2730558,31
"SELECT user_id, SUM(total) FROM orders WHERE region = 'books' GROUP BY user_id",9626912,92
SELECT * FROM users WHERE id = 76259,997442,10
SELECT * FROM orders WHERE total > 66009,5253449,55
"SELECT name, email FROM users WHERE signup_date > '2025-03-15'",3114938,27
SELECT * FROM users WHERE id = 60101,1005668,5
"SELECT user_id, SUM(total) FROM orders WHERE region = 'books' GROUP BY user_id",9079162,89
SELECT * FROM users WHERE id = 80531,1170495,13
SELECT * FROM users WHERE id = 48953,1172713,25
"SELECT name, email FROM users WHERE signup_date > '2025-09-10'",3397631,37
SELECT COUNT(*) FROM events WHERE month = 'Feb',10206758,102
SELECT COUNT(*) FROM events WHERE month = 'Jan',9759649,102
SELECT * FROM orders WHERE total > 47550,4175180,55
SELECT * FROM users WHERE id = 48287,818179,3
SELECT * FROM orders WHERE total > 43356,4092253,52
SELECT * FROM orders WHERE total > 34782,4350110,44
"SELECT * FROM users WHERE id IN (872, 723)",1232585,15
SELECT * FROM users WHERE id = 97848,1031877,19
SELECT COUNT(*) FROM events WHERE month = 'Mar',11750148,129
SELECT COUNT(*) FROM events WHERE month = 'May',11631032,130
SELECT * FROM users WHERE id = 81987,1143789,24
SELECT * FROM users WHERE id = 75689,1076589,6
SELECT * FROM orders WHERE total > 87606,5175050,58
SELECT * FROM orders WHERE total > 2835,5566785,55
"SELECT * FROM users WHERE id IN (350, 936)",1288728,12
SELECT * FROM users WHERE id = 37167,980182,13
SELECT * FROM orders WHERE total > 17805,5307772,52
SELECT * FROM users WHERE id = 60621,1028838,7
SELECT * FROM users WHERE id = 68912,1133174,16
SELECT * FROM users WHERE id = 97012,1140811,11
SELECT * FROM users WHERE id = 88203,864591,7
"SELECT name, email FROM users WHERE signup_date > '2025-03-15'",3417914,30
SELECT * FROM users WHERE id = 81401,1129611,6
SELECT * FROM products WHERE category = 'books',1862567,29
SELECT * FROM users WHERE id = 43343,833623,10
SELECT * FROM users WHERE id = 53850,1187246,21
SELECT * FROM users WHERE id = 71853,965595,7
SELECT COUNT(*) FROM events WHERE month = 'Mar',11305134,122
SELECT * FROM users WHERE id = 92006,1023278,11
SELECT * FROM users WHERE id = 79151,984610,11
SELECT COUNT(*) FROM events WHERE month = 'Apr',10231351,108
SELECT * FROM products WHERE category = 'books',1646750,16
SELECT * FROM users WHERE id = 88178,1075171,20
"SELECT * FROM orders WHERE status IN ('pending', 'pending', 'delivered', 'delivered')",2227958,29
SELECT * FROM orders WHERE total > 99351,5648227,55
SELECT * FROM users WHERE id = 74079,1130423,16
SELECT COUNT(*) FROM events WHERE month = 'Mar',11554997,122
SELECT COUNT(*) FROM events WHERE month = 'Mar',11547867,125
SELECT * FROM orders WHERE total > 67255,5670876,59
SELECT * FROM products WHERE category = 'auto',1971567,24
SELECT * FROM users WHERE id = 29476,858897,5
SELECT * FROM orders WHERE total > 87970,4551772,58
SELECT * FROM users WHERE id = 92090,877123,17
"SELECT * FROM orders WHERE status IN ('pending', 'pending', 'returned', 'delivered')",2052074,35
SELECT COUNT(*) FROM events WHERE month = 'Mar',10608986,114
SELECT * FROM users WHERE id = 95026,1030854,11
SELECT * FROM users WHERE id = 13769,858330,18
SELECT * FROM orders WHERE total > 69262,4686939,55
"SELECT name, email FROM users WHERE signup_date > '2025-06-20'",3866987,39
SELECT * FROM users WHERE id = 78538,919176,7
SELECT * FROM users WHERE id = 21870,1173998,7
SELECT * FROM users WHERE id = 29414,1074316,21
SELECT COUNT(*) FROM events WHERE month = 'Feb',10446782,108
SELECT * FROM users WHERE id = 35621,939109,24
SELECT COUNT(*) FROM events WHERE month = 'Apr',10412927,113
SELECT * FROM orders WHERE total > 84049,5425949,51
SELECT * FROM users WHERE id = 13413,959565,4
SELECT * FROM users WHERE id = 53208,945086,21
SELECT * FROM sessions WHERE duration > 55096,3324200,40
"SELECT user_id, SUM(total) FROM orders WHERE region = 'garden' GROUP BY user_id",8755006,91
SELECT * FROM users WHERE id = 99030,1103693,24
SELECT * FROM users WHERE id = 45680,1168730,10
SELECT * FROM orders WHERE total > 49119,5158321,62
SELECT * FROM products WHERE category = 'books',1647143,29
SELECT * FROM users WHERE id = 51797,1188990,7
SELECT * FROM orders WHERE total > 53462,5108928,61
"SELECT * FROM users WHERE id IN (171, 502, 685)",1207979,26
SELECT COUNT(*) FROM events WHERE month = 'May',11699479,111
SELECT * FROM orders WHERE total > 1946,4027014,47
SELECT * FROM products WHERE category = 'toys',2279250,31
SELECT COUNT(*) FROM events WHERE month = 'Mar',11924806,123
SELECT * FROM orders WHERE total > 36479,4171685,37
SELECT * FROM orders WHERE total > 92748,5818592,61
SELECT * FROM users WHERE id = 66599,929193,16
SELECT * FROM orders WHERE status IN ('pending'),2263413,33
SELECT * FROM users WHERE id = 17453,944401,13
"SELECT name, email FROM users WHERE signup_date > '2025-01-01'",2510529,20
SELECT * FROM users WHERE id = 89474,1070801,24
SELECT * FROM products WHERE category = 'toys',2055326,22
SELECT * FROM users WHERE id = 6132,893323,20
SELECT * FROM orders WHERE total > 20028,5801839,56
SELECT * FROM sessions WHERE duration > 23489,4228619,54
SELECT * FROM users WHERE id = 97611,803095,18
SELECT COUNT(*) FROM events WHERE month = 'Apr',9744616,96
SELECT COUNT(*) FROM events WHERE month = 'Apr',10396636,112
SELECT COUNT(*) FROM events WHERE month = 'Jan',9006622,87
SELECT * FROM users WHERE id = 16722,803127,5
SELECT * FROM products WHERE category = 'auto',2019439,24
SELECT * FROM sessions WHERE duration > 98521,3776858,44
SELECT * FROM orders WHERE total > 27658,5776344,67
SELECT * FROM orders WHERE total > 33716,4589593,47
SELECT * FROM users WHERE id = 67631,845340,7
SELECT * FROM users WHERE id = 94817,1100442,11
SELECT * FROM users WHERE id = 51946,1073802,16
SELECT * FROM orders WHERE total > 91780,4114454,43
"SELECT user_id, SUM(total) FROM orders WHERE region = 'auto' GROUP BY user_id",9483406,99
SELECT * FROM users WHERE id = 57496,1163564,13
SELECT * FROM orders WHERE total > 98197,5435404,55
SELECT * FROM users WHERE id = 17098,1090738,24
SELECT * FROM users WHERE id = 3124,991175,14
SELECT COUNT(*) FROM events WHERE month = 'Apr',9554152,99
"SELECT * FROM users WHERE id IN (664, 993, 498, 23)",1113486,15
SELECT * FROM orders WHERE total > 53934,5498919,53
SELECT * FROM users WHERE id = 87432,1165823,9
SELECT * FROM users WHERE id = 87195,945874,17
SELECT * FROM orders WHERE total > 11925,5118362,66
SELECT * FROM users WHERE id = 6425,986206,15
SELECT * FROM users WHERE id = 82904,1160052,9
SELECT * FROM users WHERE id = 14204,1162540,22
SELECT * FROM orders WHERE status IN ('returned'),2704241,34
SELECT COUNT(*) FROM events WHERE month = 'Feb',11992960,131
SELECT * FROM users WHERE id = 81548,1135257,26
SELECT * FROM users WHERE id = 97789,849463,16
SELECT * FROM users WHERE id = 85631,813315,10
SELECT * FROM users WHERE id = 17863,1186750,7
"SELECT * FROM users WHERE id IN (650, 955, 512)",1037153,16
SELECT * FROM sessions WHERE duration > 35442,4716823,60
SELECT * FROM products WHERE category = 'toys',2493673,37
SELECT * FROM orders WHERE total > 70472,5983893,67
SELECT COUNT(*) FROM events WHERE month = 'Jun',11812511,132
SELECT COUNT(*) FROM events WHERE month = 'Jan',10089401,102
SELECT COUNT(*) FROM events WHERE month = 'Jun',10416188,115
SELECT * FROM users WHERE id = 92615,1128191,14
SELECT * FROM orders WHERE total > 30735,4702629,53
SELECT * FROM orders WHERE total > 63094,4672579,58
SELECT * FROM users WHERE id = 30594,992452,4
SELECT * FROM users WHERE id = 76178,1133395,23
SELECT * FROM users WHERE id = 39880,914734,24
"SELECT name, email FROM users WHERE signup_date > '2025-03-15'",2911014,37
SELECT * FROM users WHERE id = 59409,968561,10
SELECT COUNT(*) FROM events WHERE month = 'Feb',9563085,94
SELECT * FROM orders WHERE total > 86740,4717493,52
"SELECT * FROM orders WHERE status IN ('shipped', 'delivered')",2350898,33
"SELECT * FROM users WHERE id IN (680, 421, 756)",1049681,13
SELECT * FROM orders WHERE total > 84032,5692110,71
SELECT * FROM orders WHERE total > 26138,5624026,64
SELECT * FROM orders WHERE total > 53053,4422428,40
SELECT * FROM orders WHERE total > 13496,5798985,59
SELECT * FROM products WHERE category = 'toys',1690445,12
SELECT * FROM users WHERE id = 73639,1131896,12
"SELECT user_id, SUM(total) FROM orders WHERE region = 'toys' GROUP BY user_id",7322916,84
SELECT * FROM orders WHERE total > 590,5738367,52
SELECT * FROM sessions WHERE duration > 14989,4381552,54
SELECT * FROM users WHERE id = 57476,1021187,14
SELECT COUNT(*) FROM events WHERE month = 'Feb',9891232,113
SELECT * FROM users WHERE id = 83330,1167577,25
SELECT * FROM users WHERE id = 6405,915613,24
SELECT * FROM products WHERE category = 'books',2272530,35
SELECT COUNT(*) FROM events WHERE month = 'Jan',9726100,112
SELECT * FROM products WHERE category = 'books',1644472,23
SELECT * FROM users WHERE id = 87977,861667,19
SELECT COUNT(*) FROM events WHERE month = 'Jun',10220315,110
SELECT * FROM users WHERE id = 27973,1059461,19
SELECT COUNT(*) FROM events WHERE month = 'May',9463252,109
SELECT * FROM orders WHERE total > 21232,5433775,68
"SELECT user_id, SUM(total) FROM orders WHERE region = 'electronics' GROUP BY user_id",7490094,81
SELECT * FROM users WHERE id = 6877,1144719,9
SELECT * FROM orders WHERE total > 87102,4090607,51
SELECT * FROM users WHERE id = 65801,807838,8
SELECT COUNT(*) FROM events WHERE month = 'Feb',10485773,101
SELECT * FROM orders WHERE total > 68792,4315069,40
SELECT * FROM users WHERE id = 74585,873548,23
SELECT * FROM users WHERE id = 18127,911493,23
"SELECT * FROM orders WHERE status IN ('shipped', 'cancelled', 'pending', 'cancelled')",2027859,20
"SELECT name, email FROM users WHERE signup_date > '2025-09-10'",3631628,34
SELECT * FROM orders WHERE total > 75840,5458568,57
SELECT * FROM users WHERE id = 40129,1140878,12
SELECT * FROM users WHERE id = 87907,1111575,18
SELECT * FROM users WHERE id = 78337,972696,24
SELECT COUNT(*) FROM events WHERE month = 'Feb',10307777,115
SELECT * FROM users WHERE id = 58719,938004,10
SELECT * FROM users WHERE id = 39959,1123262,15
SELECT * FROM users WHERE id = 15984,1103778,18
SELECT * FROM orders WHERE total > 65097,4249001,44
SELECT * FROM users WHERE id = 93741,944750,21
"SELECT * FROM orders WHERE status IN ('cancelled', 'shipped', 'cancelled', 'delivered')",2419763,29
SELECT * FROM users WHERE id = 29698,1131922,10
SELECT * FROM users WHERE id = 476,1023648,21
SELECT COUNT(*) FROM events WHERE month = 'Feb',11172421,115
SELECT * FROM orders WHERE total > 4987,5257085,54
"SELECT * FROM users WHERE id IN (652, 956, 842, 769)",1218313,9
SELECT * FROM orders WHERE total > 12816,4661680,61
SELECT * FROM orders WHERE total > 35259,4563545,55
SELECT * FROM orders WHERE total > 14815,5249751,63
SELECT COUNT(*) FROM events WHERE month = 'Feb',10579202,119
SELECT COUNT(*) FROM events WHERE month = 'Apr',11365601,122
SELECT * FROM users WHERE id = 53501,1097241,7
SELECT COUNT(*) FROM events WHERE month = 'Jun',9453079,94
SELECT * FROM orders WHERE total > 95198,5706233,59
SELECT * FROM orders WHERE total > 98361,5750672,53
SELECT * FROM users WHERE id = 19549,820348,21
SELECT * FROM users WHERE id = 67014,920741,8
SELECT COUNT(*) FROM events WHERE month = 'Mar',9816403,98
SELECT * FROM users WHERE id = 5543,879008,23
SELECT * FROM orders WHERE total > 71881,5165509,60
SELECT * FROM users WHERE id = 16920,1116644,12
SELECT * FROM users WHERE id = 49400,1170264,14
SELECT * FROM users WHERE id = 83873,1059942,9
SELECT * FROM sessions WHERE duration > 86430,4868989,48
SELECT * FROM users WHERE id = 68455,869703,6
SELECT * FROM orders WHERE total > 8360,4803110,59
SELECT * FROM users WHERE id = 20616,971916,4
"SELECT * FROM users WHERE id IN (11, 616, 437, 457, 761)",1143138,17
SELECT * FROM users WHERE id = 26643,939855,15
SELECT * FROM users WHERE id = 5840,1185770,7
SELECT COUNT(*) FROM events WHERE month = 'Jan',10113891,113
SELECT * FROM users WHERE id = 92256,914003,21
SELECT * FROM orders WHERE total > 43579,5694919,65
SELECT * FROM users WHERE id = 95069,913803,17
SELECT * FROM sessions WHERE duration > 33622,4999061,52
SELECT * FROM orders WHERE total > 80480,5081765,58
SELECT * FROM users WHERE id = 573,1030787,5
"SELECT user_id, SUM(total) FROM orders WHERE region = 'auto' GROUP BY user_id",7987513,83
SELECT * FROM orders WHERE total > 988,4266067,54
SELECT * FROM users WHERE id = 55204,1158049,21
SELECT * FROM users WHERE id = 52897,869486,15
SELECT * FROM orders WHERE total > 66639,5894734,67
SELECT * FROM orders WHERE total > 27028,4954916,61
SELECT * FROM users WHERE id = 92776,885801,17
SELECT * FROM users WHERE id = 29326,1001950,6
SELECT * FROM orders WHERE total > 78444,5057121,65
"SELECT name, email FROM users WHERE signup_date > '2025-01-01'",2311340,20
SELECT COUNT(*) FROM events WHERE month = 'Jan',10834949,106
SELECT COUNT(*) FROM events WHERE month = 'May',9020015,85
SELECT * FROM users WHERE id = 6786,935504,15
SELECT * FROM orders WHERE total > 29038,4668995,55
SELECT * FROM orders WHERE total > 1225,5798429,72
SELECT * FROM products WHERE category = 'books',2403776,39
SELECT * FROM products WHERE category = 'books',2033325,23
SELECT * FROM users WHERE id = 2822,1184585,20
SELECT * FROM users WHERE id = 71737,879454,10
"SELECT name, email FROM users WHERE signup_date > '2025-03-15'",3161003,36
SELECT COUNT(*) FROM events WHERE month = 'Mar',9024532,99
SELECT * FROM orders WHERE total > 67581,4333832,54
SELECT * FROM users WHERE id = 39511,805022,3
"SELECT name, email FROM users WHERE signup_date > '2025-03-15'",3270606,37
SELECT * FROM users WHERE id = 17676,1018296,6
"SELECT * FROM users WHERE id IN (907, 656, 162, 186)",1223874,12
SELECT COUNT(*) FROM events WHERE month = 'Mar',9437839,104
SELECT * FROM orders WHERE total > 74210,5782223,69
SELECT * FROM users WHERE id = 28357,1007822,13
"SELECT * FROM orders WHERE status IN ('shipped', 'returned', 'pending', 'cancelled')",2044999,21
SELECT * FROM users WHERE id = 67544,908762,9
SELECT * FROM users WHERE id = 30348,1019131,16
SELECT * FROM orders WHERE total > 61562,5076115,60
SELECT * FROM users WHERE id = 35610,982778,12
SELECT * FROM orders WHERE total > 19796,5561981,65
SELECT * FROM orders WHERE total > 47009,5855314,53
"SELECT name, email FROM users WHERE signup_date > '2025-09-10'",2683258,33
SELECT * FROM users WHERE id = 42099,973587,6
SELECT * FROM orders WHERE total > 2381,5473987,55
SELECT * FROM users WHERE id = 24832,1068647,5
SELECT * FROM users WHERE id = 55594,1053485,22
SELECT COUNT(*) FROM events WHERE month = 'Apr',10365101,108
"SELECT * FROM orders WHERE status IN ('returned', 'delivered', 'delivered')",2039344,30
SELECT COUNT(*) FROM events WHERE month = 'Jan',9110291,96
SELECT * FROM orders WHERE total > 46809,4054318,40
"SELECT * FROM users WHERE id IN (741, 366)",1361722,17
SELECT * FROM users WHERE id = 98432,1152780,7
SELECT COUNT(*) FROM events WHERE month = 'Apr',11782307,115
SELECT * FROM orders WHERE total > 94524,4838076,52
SELECT * FROM products WHERE category = 'auto',1745955,12
SELECT * FROM users WHERE id = 65454,910799,13
SELECT * FROM users WHERE id = 64218,1023945,21
SELECT * FROM sessions WHERE duration > 68750,3576643,49
"SELECT * FROM users WHERE id IN (489, 246, 348)",1371056,24
SELECT COUNT(*) FROM events WHERE month = 'May',10593615,112
SELECT * FROM users WHERE id = 60007,1090591,25
"SELECT name, email FROM users WHERE signup_date > '2025-09-10'",2287683,17
SELECT * FROM users WHERE id = 4020,1092422,12
SELECT * FROM users WHERE id = 89647,995161,8
SELECT * FROM products WHERE category = 'books',2261993,23
SELECT COUNT(*) FROM events WHERE month = 'Jan',9905849,98
SELECT * FROM orders WHERE total > 28392,5591354,58
SELECT * FROM users WHERE id = 98750,941391,24
SELECT COUNT(*) FROM events WHERE month = 'May',9280233,106
SELECT * FROM users WHERE id = 71615,1195178,13
"SELECT * FROM orders WHERE status IN ('shipped', 'returned', 'delivered', 'shipped')",2146467,28
SELECT * FROM users WHERE id = 65619,898030,19
SELECT * FROM users WHERE id = 14810,869087,13
SELECT * FROM sessions WHERE duration > 56693,4142040,39
SELECT * FROM orders WHERE total > 4364,4259926,53
SELECT * FROM users WHERE id = 13761,1181927,24
SELECT * FROM users WHERE id = 20904,1192621,17
"SELECT * FROM users WHERE id IN (12, 362, 304, 232, 266)",1351996,24
SELECT * FROM users WHERE id = 79119,1137900,23
SELECT * FROM users WHERE id = 73204,908172,14
"SELECT * FROM users WHERE id IN (746, 947, 248, 872, 313)",1442205,18
SELECT * FROM orders WHERE total > 93875,4197607,43
SELECT * FROM products WHERE category = 'toys',2448371,23
"SELECT name, email FROM users WHERE signup_date > '2025-03-15'",3127737,37
SELECT * FROM products WHERE category = 'electronics',1931972,30
SELECT * FROM orders WHERE status IN ('cancelled'),2840765,29
SELECT * FROM users WHERE id = 41823,1040978,21
SELECT COUNT(*) FROM events WHERE month = 'Jun',11821922,130
SELECT * FROM orders WHERE total > 25007,5331651,48
SELECT * FROM orders WHERE total > 57339,5191455,46
SELECT * FROM orders WHERE total > 33441,4866275,51
SELECT * FROM orders WHERE total > 44601,5643637,67
SELECT * FROM users WHERE id = 52486,950141,17
SELECT * FROM users WHERE id = 82808,939324,17
"SELECT name, email FROM users WHERE signup_date > '2025-01-01'",3932036,34
"SELECT * FROM orders WHERE status IN ('returned', 'returned')",2154541,31
SELECT COUNT(*) FROM events WHERE month = 'May',11278511,110
SELECT * FROM orders WHERE total > 61739,5505019,69
SELECT * FROM users WHERE id = 6291,838159,16
SELECT * FROM users WHERE id = 40346,1168933,12
SELECT COUNT(*) FROM events WHERE month = 'Feb',11769434,124
SELECT * FROM orders WHERE total > 41297,5854555,69
SELECT * FROM orders WHERE total > 40888,5548264,58
SELECT * FROM products WHERE category = 'toys',2154108,29
SELECT * FROM users WHERE id = 7353,906567,17
SELECT * FROM users WHERE id = 49732,833634,5
SELECT * FROM products WHERE category = 'books',1702733,14
SELECT * FROM users WHERE id = 80525,871090,8
SELECT * FROM users WHERE id = 4449,843579,22
SELECT * FROM orders WHERE total > 51899,4742130,48
SELECT COUNT(*) FROM events WHERE month = 'Jan',11593555,121
SELECT COUNT(*) FROM events WHERE month = 'Feb',11708289,122
SELECT * FROM sessions WHERE duration > 87973,3472886,42
SELECT * FROM orders WHERE total > 24149,4463416,49
SELECT * FROM users WHERE id = 55797,878828,8
SELECT COUNT(*) FROM events WHERE month = 'May',9720468,93
SELECT * FROM users WHERE id = 41516,1058476,21
SELECT * FROM orders WHERE total > 81667,4463565,51
"SELECT user_id, SUM(total) FROM orders WHERE region = 'books' GROUP BY user_id",7833025,89
SELECT * FROM users WHERE id = 57669,1138135,11
SELECT * FROM users WHERE id = 57438,952710,21
SELECT * FROM orders WHERE total > 1192,5043866,62
SELECT * FROM products WHERE category = 'auto',1888741,27
SELECT * FROM orders WHERE total > 7916,4236014,52
SELECT * FROM users WHERE id = 37215,1194642,6
SELECT * FROM users WHERE id = 96562,1158816,23
SELECT * FROM orders WHERE total > 51716,5563940,53
SELECT * FROM orders WHERE total > 71492,5464594,53
SELECT COUNT(*) FROM events WHERE month = 'Jun',11719566,115
SELECT * FROM users WHERE id = 60826,1149660,11
SELECT * FROM users WHERE id = 49503,842258,9
SELECT * FROM users WHERE id = 99591,1152844,20
SELECT * FROM products WHERE category = 'auto',1941125,21
"SELECT user_id, SUM(total) FROM orders WHERE region = 'books' GROUP BY user_id",7488199,80
SELECT * FROM orders WHERE total > 27353,5386263,59
SELECT * FROM sessions WHERE duration > 22879,4286624,49
SELECT * FROM users WHERE id = 48244,925645,14
"SELECT * FROM users WHERE id IN (434, 79, 198, 970, 874)",1405572,14
SELECT * FROM users WHERE id = 10728,1032499,7
"SELECT * FROM orders WHERE status IN ('shipped', 'delivered', 'pending', 'delivered')",2633014,29
SELECT * FROM orders WHERE total > 23941,4851515,55
SELECT * FROM orders WHERE total > 37354,5969825,60
"SELECT name, email FROM users WHERE signup_date > '2025-06-20'",3968665,42
SELECT * FROM orders WHERE total > 15017,5278350,47
SELECT * FROM orders WHERE total > 59504,5257184,47
SELECT * FROM users WHERE id = 37323,916395,20
SELECT COUNT(*) FROM events WHERE month = 'May',9053034,103
SELECT * FROM users WHERE id = 38553,957850,12
SELECT * FROM users WHERE id = 44895,1058056,16
SELECT * FROM sessions WHERE duration > 4225,4848456,49
SELECT * FROM users WHERE id = 42572,1068457,6
SELECT COUNT(*) FROM events WHERE month = 'May',11109710,125
SELECT * FROM users WHERE id = 42812,1125636,16
"SELECT * FROM orders WHERE status IN ('returned', 'shipped', 'delivered')",2817996,23
SELECT * FROM users WHERE id = 72597,844835,20
SELECT * FROM orders WHERE total > 60039,4719563,49
SELECT * FROM users WHERE id = 29947,848386,4
SELECT * FROM users WHERE id = 31057,1090219,21
SELECT * FROM products WHERE category = 'books',2401168,28
SELECT * FROM users WHERE id = 63518,809244,20
SELECT * FROM users WHERE id = 39593,1098490,8
SELECT COUNT(*) FROM events WHERE month = 'Jun',10140325,99
SELECT * FROM users WHERE id = 85881,980383,17
"SELECT * FROM users WHERE id IN (31, 956, 849, 309, 105)",1378588,11
SELECT * FROM users WHERE id = 95976,1195925,10
"SELECT user_id, SUM(total) FROM orders WHERE region = 'toys' GROUP BY user_id",7700977,73
SELECT * FROM users WHERE id = 42383,1158497,13
"SELECT * FROM orders WHERE status IN ('cancelled', 'shipped', 'delivered', 'pending')",2491141,29
"SELECT name, email FROM users WHERE signup_date > '2025-09-10'",2824831,41
SELECT * FROM orders WHERE total > 556,5233547,58
SELECT * FROM users WHERE id = 91435,1097943,16
SELECT COUNT(*) FROM events WHERE month = 'Jun',10193913,102
SELECT * FROM users WHERE id = 48002,1122186,17
SELECT * FROM orders WHERE total > 54876,5929777,56
"SELECT * FROM orders WHERE status IN ('returned', 'shipped', 'cancelled', 'delivered')",2380769,19
SELECT * FROM orders WHERE total > 73521,4346306,38
SELECT * FROM users WHERE id = 37653,1197961,19
SELECT * FROM users WHERE id = 7244,1060830,10
SELECT COUNT(*) FROM events WHERE month = 'Mar',10183226,102
SELECT * FROM orders WHERE total > 85968,4988509,60
"SELECT name, email FROM users WHERE signup_date > '2025-09-10'",3005454,36
SELECT * FROM orders WHERE total > 86084,4134214,42
SELECT * FROM orders WHERE total > 86197,5724328,59
SELECT * FROM users WHERE id = 15636,932700,24
SELECT * FROM users WHERE id = 42906,958044,15
SELECT * FROM orders WHERE total > 24103,4695530,44
SELECT * FROM users WHERE id = 52069,808454,20
SELECT * FROM users WHERE id = 37143,1177234,13
SELECT COUNT(*) FROM events WHERE month = 'Jan',10137553,108
SELECT * FROM users WHERE id = 18646,957753,16
SELECT * FROM users WHERE id = 8260,1046771,15
"SELECT user_id, SUM(total) FROM orders WHERE region = 'toys' GROUP BY user_id",9148446,94
SELECT * FROM orders WHERE total > 36537,4748812,61
SELECT * FROM orders WHERE total > 2948,5633485,57
SELECT * FROM orders WHERE total > 62755,5442096,62
SELECT * FROM orders WHERE total > 80895,5643525,53
"SELECT * FROM orders WHERE status IN ('shipped', 'pending', 'cancelled', 'cancelled')",2910867,37
SELECT * FROM users WHERE id = 17964,1075248,5
SELECT * FROM users WHERE id = 79134,1159452,11
SELECT * FROM products WHERE category = 'auto',1900541,23
SELECT * FROM users WHERE id = 75534,880608,10
SELECT * FROM users WHERE id = 822,833761,9
SELECT * FROM orders WHERE total > 94980,4102521,36
"SELECT user_id, SUM(total) FROM orders WHERE region = 'electronics' GROUP BY user_id",8777125,102
SELECT * FROM users WHERE id = 41737,1172411,15
SELECT * FROM orders WHERE total > 21951,4897623,50
SELECT * FROM users WHERE id = 73438,1006490,25
SELECT * FROM users WHERE id = 57158,1066296,21
SELECT * FROM orders WHERE total > 4898,4395859,58
"SELECT name, email FROM users WHERE signup_date > '2025-06-20'",3757405,34
SELECT * FROM orders WHERE total > 60192,4288976,54
SELECT * FROM users WHERE id = 55198,889309,23
SELECT * FROM orders WHERE total > 55854,5235020,52
SELECT * FROM products WHERE category = 'auto',2232746,20
SELECT * FROM users WHERE id = 18882,1158562,8
"SELECT name, email FROM users WHERE signup_date > '2025-01-01'",2777327,33
"SELECT name, email FROM users WHERE signup_date > '2025-09-10'",2265564,25
SELECT * FROM users WHERE id = 4414,1020974,23
SELECT COUNT(*) FROM events WHERE month = 'Jan',10034830,113
"SELECT name, email FROM users WHERE signup_date > '2025-01-01'",3292807,47
SELECT * FROM users WHERE id = 645,1020398,5
SELECT * FROM users WHERE id = 7386,857223,13
SELECT * FROM orders WHERE total > 50592,5600293,53
SELECT * FROM users WHERE id = 90187,1169167,14
SELECT * FROM orders WHERE status IN ('cancelled'),2093647,26
SELECT * FROM users WHERE id = 82990,1197134,25
SELECT * FROM users WHERE id = 30205,1187037,23
SELECT * FROM orders WHERE total > 68510,4544767,43
SELECT * FROM orders WHERE total > 78333,5397884,63
SELECT * FROM orders WHERE total > 1536,4245983,39
SELECT * FROM users WHERE id = 74011,1019092,12
SELECT * FROM orders WHERE total > 66113,5758107,58
SELECT COUNT(*) FROM events WHERE month = 'Apr',10755659,115
SELECT COUNT(*) FROM events WHERE month = 'Apr',10289628,98
SELECT * FROM orders WHERE status IN ('pending'),2609300,26
SELECT COUNT(*) FROM events WHERE month = 'Apr',11414966,119
"SELECT name, email FROM users WHERE signup_date > '2025-03-15'",3764385,44
SELECT * FROM sessions WHERE duration > 39944,3829118,36
SELECT * FROM users WHERE id = 72711,862399,8
SELECT COUNT(*) FROM events WHERE month = 'Mar',9756770,99
SELECT * FROM orders WHERE total > 27502,5069937,48
SELECT * FROM users WHERE id = 16344,1166646,15
SELECT * FROM users WHERE id = 3807,1150240,20
SELECT * FROM orders WHERE total > 84982,5729009,58
SELECT * FROM users WHERE id = 40465,1174778,15
SELECT COUNT(*) FROM events WHERE month = 'Jun',11182108,112
SELECT * FROM orders WHERE total > 14917,4154993,53
SELECT * FROM orders WHERE total > 30586,4610360,41
SELECT * FROM orders WHERE total > 63484,4713006,48
SELECT * FROM orders WHERE total > 99241,5880829,73
"SELECT user_id, SUM(total) FROM orders WHERE region = 'toys' GROUP BY user_id",9398436,96
SELECT * FROM users WHERE id = 34174,1138945,25
SELECT * FROM orders WHERE total > 83842,4714020,60
"SELECT * FROM users WHERE id IN (757, 446)",1154939,20
SELECT * FROM products WHERE category = 'auto',2166750,17
"SELECT name, email FROM users WHERE signup_date > '2025-01-01'",2400410,22
"SELECT name, email FROM users WHERE signup_date > '2025-01-01'",3258490,47
SELECT * FROM users WHERE id = 32996,963172,19
SELECT * FROM users WHERE id = 99839,1111485,20
SELECT COUNT(*) FROM events WHERE month = 'May',10686525,121
SELECT * FROM orders WHERE total > 5314,5875486,59
SELECT * FROM users WHERE id = 20752,859230,11
SELECT * FROM orders WHERE total > 67267,4946967,52
SELECT * FROM users WHERE id = 90573,1096753,8
SELECT * FROM products WHERE category = 'books',2035162,34
SELECT COUNT(*) FROM events WHERE month = 'Jun',10944628,114
SELECT * FROM users WHERE id = 39940,1160613,26
SELECT * FROM users WHERE id = 28326,1012376,16
SELECT * FROM users WHERE id = 26095,823063,17
SELECT * FROM users WHERE id = 22610,818200,18
"SELECT user_id, SUM(total) FROM orders WHERE region = 'auto' GROUP BY user_id",9284728,88
SELECT COUNT(*) FROM events WHERE month = 'Apr',9261360,90
SELECT * FROM users WHERE id = 17996,942954,15
SELECT * FROM orders WHERE status IN ('pending'),2449713,22
SELECT * FROM users WHERE id = 83746,1189173,14
SELECT * FROM products WHERE category = 'toys',2231557,33
SELECT * FROM orders WHERE total > 70086,4299280,48
SELECT * FROM orders WHERE total > 44945,4664422,51
SELECT * FROM orders WHERE total > 60186,4234703,37
SELECT * FROM orders WHERE total > 62478,4322854,55
SELECT * FROM users WHERE id = 47034,1046092,25
SELECT * FROM orders WHERE total > 74459,4315388,57
SELECT * FROM users WHERE id = 77512,974261,11
SELECT * FROM users WHERE id = 19369,883112,20
SELECT * FROM orders WHERE total > 67816,5398930,53
SELECT * FROM orders WHERE total > 78987,5002346,52
SELECT * FROM orders WHERE total > 89346,5200460,51
SELECT * FROM users WHERE id = 35522,935551,24
SELECT * FROM users WHERE id = 81676,1136539,9
SELECT COUNT(*) FROM events WHERE month = 'Feb',9484700,101
SELECT * FROM users WHERE id = 57856,1003858,15
SELECT * FROM users WHERE id = 21871,803930,22
SELECT COUNT(*) FROM events WHERE month = 'Jun',10872664,110
SELECT * FROM users WHERE id = 48673,811878,14
SELECT * FROM users WHERE id = 3500,1049477,19
SELECT * FROM orders WHERE total > 47802,5015677,57
SELECT * FROM orders WHERE total > 77448,5851316,68
SELECT COUNT(*) FROM events WHERE month = 'Jan',11296595,119
SELECT * FROM users WHERE id = 74652,932150,5
SELECT * FROM products WHERE category = 'toys',1551861,13
SELECT * FROM orders WHERE total > 61312,5637860,67
"SELECT * FROM users WHERE id IN (84, 38, 960, 193, 245)",1334270,18
SELECT * FROM products WHERE category = 'books',1835828,32
SELECT * FROM products WHERE category = 'books',1831125,13
"SELECT * FROM users WHERE id IN (650, 936, 689)",1015166,11
"SELECT user_id, SUM(total) FROM orders WHERE region = 'garden' GROUP BY user_id",8685279,86
"SELECT * FROM users WHERE id IN (231, 471, 181, 142)",1271710,9
SELECT * FROM sessions WHERE duration > 38994,3767798,35
SELECT * FROM users WHERE id = 19360,978520,10
SELECT * FROM orders WHERE total > 61156,5271995,61
SELECT * FROM users WHERE id = 89021,1154471,17
SELECT * FROM products WHERE category = 'electronics',1505144,10
SELECT COUNT(*) FROM events WHERE month = 'Jun',9385900,98
SELECT COUNT(*) FROM events WHERE month = 'May',10625191,104
SELECT COUNT(*) FROM events WHERE month = 'May',11044146,120
SELECT * FROM users WHERE id = 94830,812503,23
SELECT COUNT(*) FROM events WHERE month = 'Feb',11169176,110
SELECT * FROM users WHERE id = 49924,875122,6
SELECT * FROM users WHERE id = 61867,1055955,23
"SELECT name, email FROM users WHERE signup_date > '2025-09-10'",3491920,49
SELECT * FROM orders WHERE total > 23721,5522761,51
SELECT * FROM orders WHERE total > 92414,4760851,51
SELECT * FROM orders WHERE total > 48716,5823748,70
SELECT COUNT(*) FROM events WHERE month = 'Mar',10777187,108
SELECT * FROM users WHERE id = 50512,844851,14
SELECT COUNT(*) FROM events WHERE month = 'May',10949990,111
SELECT * FROM products WHERE category = 'books',2399124,29
SELECT * FROM orders WHERE total > 20044,4285481,57
SELECT COUNT(*) FROM events WHERE month = 'Mar',11774014,114
SELECT COUNT(*) FROM events WHERE month = 'Mar',9915403,111
SELECT * FROM users WHERE id = 42764,905594,19
SELECT * FROM orders WHERE status IN ('cancelled'),2339924,33
SELECT * FROM orders WHERE total > 47086,4984917,53
SELECT * FROM users WHERE id = 27677,853168,7
"SELECT * FROM users WHERE id IN (868, 315)",1010586,10
SELECT * FROM users WHERE id = 28307,848865,16
SELECT COUNT(*) FROM events WHERE month = 'May',9690511,109
SELECT * FROM orders WHERE total > 58455,4235495,43
SELECT COUNT(*) FROM events WHERE month = 'Mar',11451835,118
SELECT * FROM users WHERE id = 64734,1103226,7
SELECT * FROM users WHERE id = 9585,1164732,25
SELECT * FROM users WHERE id = 26596,1003648,20
SELECT * FROM users WHERE id = 65768,816484,7
SELECT * FROM products WHERE category = 'garden',1612738,27
SELECT * FROM users WHERE id = 16908,922778,15
"SELECT name, email FROM users WHERE signup_date > '2025-09-10'",2456576,29
SELECT * FROM products WHERE category = 'auto',2444175,28
SELECT * FROM users WHERE id = 98255,1072878,24
SELECT * FROM users WHERE id = 88238,1068687,13
"SELECT * FROM users WHERE id IN (658, 713)",1429354,29
SELECT * FROM orders WHERE total > 7765,4611534,56
SELECT * FROM products WHERE category = 'garden',1898307,13
SELECT * FROM orders WHERE total > 48240,5051382,47
SELECT * FROM users WHERE id = 51594,945767,16
"SELECT * FROM users WHERE id IN (828, 214)",1014685,18
SELECT * FROM products WHERE category = 'toys',2107520,30
SELECT * FROM users WHERE id = 92732,830868,21
"SELECT name, email FROM users WHERE signup_date > '2025-01-01'",3559400,33
"SELECT name, email FROM users WHERE signup_date > '2025-01-01'",3066086,35
SELECT * FROM users WHERE id IN (445),1140253,16
SELECT * FROM users WHERE id = 98902,912778,17
SELECT COUNT(*) FROM events WHERE month = 'Jun',11686083,120
SELECT * FROM orders WHERE total > 22591,5761255,62
SELECT * FROM users WHERE id IN (323),1427037,24
SELECT * FROM orders WHERE total > 96266,4255412,42
SELECT * FROM orders WHERE total > 54137,5471659,51
SELECT * FROM users WHERE id = 67515,875220,17
SELECT * FROM users WHERE id = 347,918698,16
SELECT * FROM orders WHERE total > 13465,4745716,48
SELECT * FROM users WHERE id = 84069,816523,9
SELECT * FROM users WHERE id = 49098,830952,17
SELECT * FROM users WHERE id IN (425),1484703,27
SELECT * FROM orders WHERE total > 33254,4686844,60
SELECT * FROM users WHERE id = 83437,1163015,11
SELECT COUNT(*) FROM events WHERE month = 'Mar',10062942,95
SELECT * FROM orders WHERE total > 54851,4761528,53
SELECT * FROM users WHERE id = 37673,913373,16
SELECT * FROM users WHERE id = 62175,1117757,14
"SELECT user_id, SUM(total) FROM orders WHERE region = 'books' GROUP BY user_id",9630622,94
SELECT * FROM users WHERE id = 11233,802092,12
SELECT * FROM users WHERE id = 25371,1186520,10
SELECT * FROM users WHERE id = 60169,1138895,13
SELECT * FROM orders WHERE total > 33726,5858125,56
SELECT * FROM users WHERE id = 33223,1118192,6
SELECT * FROM users WHERE id = 52194,982789,5
SELECT * FROM orders WHERE total > 70526,5223038,57
SELECT COUNT(*) FROM events WHERE month = 'May',11658373,131
SELECT * FROM users WHERE id = 11872,1048384,25
SELECT * FROM orders WHERE total > 63621,4541752,56
SELECT * FROM orders WHERE total > 76394,5710324,61
"SELECT name, email FROM users WHERE signup_date > '2025-03-15'",3529537,33
SELECT * FROM sessions WHERE duration > 29669,3095569,34
SELECT * FROM users WHERE id = 8543,1127578,17
"SELECT user_id, SUM(total) FROM orders WHERE region = 'books' GROUP BY user_id",8663011,93
SELECT * FROM users WHERE id = 4405,844920,11
SELECT * FROM orders WHERE total > 3063,4522080,55
SELECT COUNT(*) FROM events WHERE month = 'Jan',9621245,95
SELECT * FROM users WHERE id = 88510,1067088,13
"SELECT * FROM orders WHERE status IN ('returned', 'returned', 'shipped')",2348827,34
SELECT COUNT(*) FROM events WHERE month = 'Feb',9790032,106
"SELECT * FROM orders WHERE status IN ('shipped', 'shipped', 'returned')",2898199,38
SELECT * FROM orders WHERE total > 70450,4269917,49
SELECT * FROM users WHERE id = 52545,826498,17
SELECT * FROM users WHERE id = 34609,1042739,13
SELECT COUNT(*) FROM events WHERE month = 'Feb',11300214,125
"SELECT * FROM users WHERE id IN (70, 151, 947)",1127824,12
"SELECT * FROM users WHERE id IN (971, 727, 494, 619)",1215509,9
SELECT * FROM users WHERE id = 35666,888168,3
SELECT * FROM users WHERE id = 12170,982042,14
SELECT * FROM users WHERE id = 18061,909148,20
SELECT * FROM orders WHERE total > 22958,5830268,71
"SELECT name, email FROM users WHERE signup_date > '2025-06-20'",2389520,28
SELECT * FROM orders WHERE total > 63683,4069554,47
SELECT * FROM products WHERE category = 'books',2244878,29
SELECT * FROM orders WHERE total > 74836,5046075,51
SELECT * FROM users WHERE id = 38903,1083748,23
SELECT * FROM users WHERE id = 65581,814631,18
"SELECT user_id, SUM(total) FROM orders WHERE region = 'auto' GROUP BY user_id",9143622,106
SELECT * FROM orders WHERE total > 67098,5720984,68
SELECT * FROM sessions WHERE duration > 15707,4288570,53
"SELECT user_id, SUM(total) FROM orders WHERE region = 'toys' GROUP BY user_id",7154991,82
SELECT * FROM products WHERE category = 'garden',2188910,22
SELECT * FROM users WHERE id = 51091,1045515,21
SELECT * FROM orders WHERE total > 46098,4720397,44
SELECT * FROM orders WHERE total > 95869,4943091,62
SELECT COUNT(*) FROM events WHERE month = 'May',11925271,131
SELECT * FROM orders WHERE total > 79970,5998492,54
SELECT * FROM orders WHERE total > 34999,4532482,45
SELECT COUNT(*) FROM events WHERE month = 'Jun',9471230,92
SELECT * FROM users WHERE id = 30678,1034449,21
SELECT COUNT(*) FROM events WHERE month = 'Jun',11675773,115
SELECT COUNT(*) FROM events WHERE month = 'Apr',11943477,133
SELECT * FROM sessions WHERE duration > 68007,3064678,28
SELECT * FROM orders WHERE total > 20314,4857852,49
SELECT * FROM users WHERE id = 15365,1158224,6
SELECT COUNT(*) FROM events WHERE month = 'Jun',9239046,106
SELECT * FROM users WHERE id = 12967,930439,15
SELECT * FROM orders WHERE total > 9194,5059705,57
SELECT * FROM users WHERE id = 56182,1043372,15
SELECT * FROM orders WHERE total > 76358,5659156,51
SELECT * FROM users WHERE id = 12336,974623,8
SELECT * FROM users WHERE id = 29734,1136996,26
SELECT COUNT(*) FROM events WHERE month = 'Mar',11387688,114
SELECT * FROM orders WHERE total > 74000,4178978,37
SELECT COUNT(*) FROM events WHERE month = 'Feb',9593977,105
SELECT * FROM orders WHERE total > 33288,4976949,51
SELECT * FROM users WHERE id = 78295,1178873,18
SELECT * FROM users WHERE id = 20526,1066327,12
SELECT * FROM users WHERE id = 21709,1089967,15
SELECT * FROM users WHERE id = 4571,979036,17
SELECT * FROM users WHERE id = 1569,1185888,12
SELECT * FROM orders WHERE total > 20036,5434344,65
SELECT * FROM users WHERE id = 13790,845007,5
"SELECT name, email FROM users WHERE signup_date > '2025-09-10'",3511510,47
"SELECT name, email FROM users WHERE signup_date > '2025-01-01'",2508884,36
SELECT * FROM orders WHERE total > 5423,4924550,62
"SELECT user_id, SUM(total) FROM orders WHERE region = 'electronics' GROUP BY user_id",8599067,80
SELECT * FROM products WHERE category = 'garden',1818956,19
SELECT * FROM products WHERE category = 'toys',1730137,21
SELECT * FROM orders WHERE total > 47089,5252951,49
SELECT * FROM users WHERE id = 14890,824886,16
SELECT * FROM users WHERE id = 65616,804766,15
SELECT * FROM users WHERE id IN (940),1008537,14
SELECT * FROM users WHERE id = 77111,1102723,9
SELECT * FROM users WHERE id = 4482,846065,17
SELECT * FROM orders WHERE total > 35998,4331925,49
SELECT * FROM orders WHERE total > 49542,4327787,47
SELECT COUNT(*) FROM events WHERE month = 'Mar',10495447,117
SELECT COUNT(*) FROM events WHERE month = 'Jun',11421596,126
SELECT * FROM users WHERE id = 68453,821236,21
SELECT * FROM users WHERE id = 14839,1025897,25
SELECT * FROM users WHERE id = 24937,829698,10
SELECT * FROM users WHERE id = 75290,856919,22
SELECT * FROM users WHERE id = 77551,1166962,17
"SELECT name, email FROM users WHERE signup_date > '2025-09-10'",2151926,25
SELECT * FROM users WHERE id = 56115,990299,7
SELECT * FROM users WHERE id = 97862,978255,21
SELECT * FROM orders WHERE total > 56856,5884089,69
"SELECT * FROM orders WHERE status IN ('delivered', 'cancelled', 'shipped', 'delivered')",2719362,24
SELECT * FROM users WHERE id = 48930,1034189,6
SELECT * FROM users WHERE id = 88253,903850,5
SELECT * FROM users WHERE id = 36368,805845,17
SELECT * FROM orders WHERE total > 49918,4060370,40
SELECT * FROM users WHERE id = 34682,810712,22
SELECT * FROM users WHERE id = 34913,1005822,11
SELECT * FROM users WHERE id = 5123,987838,6
SELECT * FROM orders WHERE total > 39401,5563557,65
SELECT * FROM users WHERE id = 15848,936631,21
SELECT * FROM users WHERE id = 62241,919654,8
SELECT COUNT(*) FROM events WHERE month = 'Feb',9517574,95
SELECT * FROM orders WHERE total > 94344,4951243,57
SELECT * FROM sessions WHERE duration > 91611,4422753,43
SELECT * FROM users WHERE id = 68691,898142,16
SELECT * FROM orders WHERE total > 54886,5753338,55
SELECT * FROM users WHERE id = 71523,915589,12
SELECT * FROM users WHERE id = 28003,1177799,7
SELECT * FROM users WHERE id = 69520,1045039,16
"SELECT user_id, SUM(total) FROM orders WHERE region = 'auto' GROUP BY user_id",7244896,81
SELECT COUNT(*) FROM events WHERE month = 'Apr',10224646,111
SELECT * FROM orders WHERE status IN ('cancelled'),2477652,19
SELECT * FROM users WHERE id = 38278,1077525,17
SELECT * FROM users WHERE id = 92711,1194710,9
SELECT * FROM users WHERE id = 14807,906818,22
"SELECT name, email FROM users WHERE signup_date > '2025-06-20'",2542281,37
SELECT * FROM users WHERE id = 54543,937046,13
SELECT * FROM users WHERE id = 46429,900718,21
SELECT * FROM orders WHERE status IN ('cancelled'),2407878,22
SELECT * FROM users WHERE id = 92030,962016,4
SELECT * FROM users WHERE id = 79043,1007426,6
SELECT * FROM orders WHERE total > 88638,5624390,59
SELECT * FROM orders WHERE total > 75099,4320788,48
SELECT * FROM users WHERE id = 74985,886288,14
SELECT * FROM users WHERE id = 15556,920703,24
SELECT * FROM orders WHERE total > 28090,4746997,55
"SELECT name, email FROM users WHERE signup_date > '2025-03-15'",2648707,37
SELECT * FROM users WHERE id = 70683,966400,21
SELECT * FROM users WHERE id = 31644,1148967,24
SELECT * FROM users WHERE id = 58914,1176217,16
SELECT * FROM orders WHERE total > 56799,4753550,52
SELECT * FROM orders WHERE total > 66155,4511962,46
SELECT * FROM products WHERE category = 'toys',2348212,38
"SELECT user_id, SUM(total) FROM orders WHERE region = 'auto' GROUP BY user_id",7951585,94
SELECT * FROM users WHERE id = 26486,836971,4
SELECT * FROM users WHERE id = 98289,1183901,24
"SELECT user_id, SUM(total) FROM orders WHERE region = 'auto' GROUP BY user_id",7417507,87
SELECT * FROM users WHERE id = 99445,872010,18
SELECT * FROM users WHERE id = 93674,1123560,18
SELECT * FROM sessions WHERE duration > 32767,3865959,34
SELECT * FROM users WHERE id = 60508,1090220,5
SELECT * FROM users WHERE id = 86667,967235,4
SELECT * FROM users WHERE id = 50442,1192930,14
SELECT * FROM orders WHERE status IN ('shipped'),2540590,34
SELECT * FROM users WHERE id = 69485,857853,5
SELECT * FROM users WHERE id = 2570,801710,9
SELECT * FROM users WHERE id = 57610,1146984,16
SELECT * FROM users WHERE id = 82926,877960,8
SELECT * FROM users WHERE id = 84756,842113,8
"SELECT * FROM users WHERE id IN (908, 805, 805, 267)",1129272,17
SELECT COUNT(*) FROM events WHERE month = 'Jun',10127057,110
SELECT * FROM orders WHERE total > 27507,4982563,46
SELECT * FROM users WHERE id = 77429,1007662,11
SELECT * FROM users WHERE id = 72369,1174628,23
SELECT COUNT(*) FROM events WHERE month = 'Mar',11531722,123
"SELECT * FROM users WHERE id IN (802, 396, 244)",1109445,15
SELECT * FROM users WHERE id = 31384,883961,14
SELECT COUNT(*) FROM events WHERE month = 'Jun',10516741,117
SELECT * FROM users WHERE id = 1585,1114348,7
SELECT COUNT(*) FROM events WHERE month = 'Jun',11410910,116
SELECT * FROM users WHERE id = 88916,1051401,13
"SELECT name, email FROM users WHERE signup_date > '2025-03-15'",3408701,39
SELECT * FROM users WHERE id = 6195,1195631,10
SELECT * FROM users WHERE id = 93474,1016441,16
SELECT * FROM users WHERE id = 94618,1067371,24
SELECT * FROM users WHERE id = 59675,1020299,12
SELECT * FROM users WHERE id = 7863,841789,10
SELECT * FROM orders WHERE total > 95183,4780999,52
SELECT * FROM products WHERE category = 'electronics',1748707,32
SELECT COUNT(*) FROM events WHERE month = 'Mar',10353636,104
SELECT * FROM products WHERE category = 'electronics',1741745,31
SELECT * FROM users WHERE id = 18022,1006281,6
SELECT * FROM orders WHERE total > 52566,4296806,55
SELECT * FROM orders WHERE status IN ('cancelled'),2693146,41
SELECT * FROM products WHERE category = 'auto',1982151,26
SELECT * FROM orders WHERE total > 89005,4057734,52
"SELECT name, email FROM users WHERE signup_date > '2025-09-10'",3911063,36
SELECT * FROM users WHERE id = 91272,944414,10
"SELECT name, email FROM users WHERE signup_date > '2025-03-15'",2432254,26
"SELECT user_id, SUM(total) FROM orders WHERE region = 'garden' GROUP BY user_id",9261642,102
SELECT * FROM users WHERE id = 23658,967595,12
SELECT COUNT(*) FROM events WHERE month = 'Mar',11395574,114
"SELECT name, email FROM users WHERE signup_date > '2025-03-15'",3729260,41
SELECT * FROM users WHERE id = 89787,871373,11
SELECT * FROM users WHERE id = 50124,943177,8
SELECT * FROM products WHERE category = 'garden',2232734,37
"SELECT * FROM orders WHERE status IN ('pending', 'shipped')",2266693,37
SELECT COUNT(*) FROM events WHERE month = 'Mar',9685506,111
SELECT COUNT(*) FROM events WHERE month = 'Mar',9386492,97
"SELECT user_id, SUM(total) FROM orders WHERE region = 'electronics' GROUP BY user_id",7848346,80
SELECT * FROM orders WHERE total > 59332,5527037,64
"SELECT name, email FROM users WHERE signup_date > '2025-06-20'",3161763,33
SELECT * FROM users WHERE id = 69377,918154,16
SELECT * FROM orders WHERE total > 36144,4129525,46
SELECT * FROM orders WHERE total > 12730,4140651,54
SELECT COUNT(*) FROM events WHERE month = 'May',9131034,87
SELECT * FROM orders WHERE total > 92332,5176851,46
SELECT COUNT(*) FROM events WHERE month = 'Mar',11466080,118
SELECT COUNT(*) FROM events WHERE month = 'Apr',11527246,121
SELECT * FROM users WHERE id = 60807,1177406,24
SELECT COUNT(*) FROM events WHERE month = 'Jun',11756089,117
SELECT COUNT(*) FROM events WHERE month = 'Mar',9925007,112
SELECT COUNT(*) FROM events WHERE month = 'Jan',11715608,114
SELECT * FROM users WHERE id = 42434,1169571,12
SELECT * FROM users WHERE id = 75706,1152097,23
"SELECT * FROM users WHERE id IN (225, 509, 365, 935)",1148407,17
SELECT * FROM users WHERE id = 31912,814135,12
SELECT * FROM orders WHERE total > 37215,5218462,62
SELECT * FROM users WHERE id = 22829,1060741,16
SELECT COUNT(*) FROM events WHERE month = 'Jun',11105717,114
SELECT * FROM users WHERE id = 23848,1007737,11
SELECT * FROM users WHERE id = 31599,851603,4
SELECT * FROM orders WHERE total > 86275,4059280,42
SELECT * FROM orders WHERE total > 36916,5088759,61
SELECT COUNT(*) FROM events WHERE month = 'Feb',11981192,133
SELECT * FROM users WHERE id = 51924,1172909,14
SELECT * FROM users WHERE id = 83012,1016883,10
SELECT * FROM orders WHERE total > 38534,4388714,51
"SELECT name, email FROM users WHERE signup_date > '2025-06-20'",3935317,35
SELECT COUNT(*) FROM events WHERE month = 'May',10511182,104
SELECT * FROM orders WHERE status IN ('shipped'),2986478,40
SELECT * FROM orders WHERE total > 10334,5809046,65
SELECT * FROM users WHERE id = 91906,968752,10
"SELECT * FROM users WHERE id IN (145, 816, 56, 213, 278)",1007191,8
SELECT * FROM users WHERE id = 17778,837219,6
SELECT COUNT(*) FROM events WHERE month = 'Apr',11967325,116
SELECT * FROM orders WHERE total > 48411,4064075,35
SELECT * FROM products WHERE category = 'auto',2058356,31
SELECT * FROM users WHERE id = 85079,935264,21
SELECT * FROM users WHERE id = 90039,856978,15
SELECT * FROM users WHERE id = 77513,1144106,19
SELECT * FROM users WHERE id = 69718,1152904,23
"SELECT * FROM orders WHERE status IN ('delivered', 'pending', 'delivered', 'pending')",2252581,32
SELECT * FROM orders WHERE total > 63130,5514218,53
SELECT * FROM users WHERE id = 48205,855627,14
SELECT COUNT(*) FROM events WHERE month = 'Jun',9188127,92
SELECT * FROM users WHERE id = 52604,844773,7
SELECT * FROM users WHERE id = 78850,915215,24
SELECT * FROM users WHERE id IN (782),1170281,6
SELECT * FROM orders WHERE total > 44725,4511575,60
SELECT * FROM users WHERE id = 97935,1069765,14
SELECT * FROM users WHERE id = 98984,959895,6
SELECT * FROM users WHERE id = 11192,883703,14
SELECT * FROM users WHERE id = 2063,1012649,25
SELECT * FROM users WHERE id = 68604,825170,19
"SELECT * FROM users WHERE id IN (78, 989)",1172725,13
SELECT * FROM users WHERE id = 72002,831928,5
SELECT * FROM orders WHERE total > 32218,5837884,62
SELECT * FROM orders WHERE total > 68140,5871227,73
"SELECT * FROM orders WHERE status IN ('delivered', 'pending')",2190478,23
SELECT * FROM users WHERE id = 84526,1092750,24
SELECT * FROM users WHERE id = 84853,928510,18
SELECT * FROM users WHERE id = 78614,828475,10
SELECT * FROM users WHERE id = 60365,913602,8
SELECT * FROM users WHERE id = 80948,887302,12
"SELECT * FROM users WHERE id IN (751, 455, 146, 865, 733)",1449809,23
SELECT * FROM orders WHERE total > 99921,5955634,54
"SELECT * FROM orders WHERE status IN ('shipped', 'delivered', 'shipped', 'cancelled')",2092490,34
"SELECT name, email FROM users WHERE signup_date > '2025-06-20'",3500092,35
SELECT * FROM orders WHERE total > 44878,4607298,61
SELECT * FROM users WHERE id = 48948,1046039,18
SELECT * FROM users WHERE id = 53848,896838,20
SELECT * FROM orders WHERE total > 25421,4332684,40
SELECT * FROM products WHERE category = 'books',1592681,19
SELECT * FROM orders WHERE total > 37559,4265654,57
SELECT COUNT(*) FROM events WHERE month = 'Jun',10203424,109
SELECT * FROM users WHERE id = 86205,1124998,7
SELECT * FROM products WHERE category = 'auto',1921943,24
SELECT COUNT(*) FROM events WHERE month = 'Jun',9216301,101
SELECT COUNT(*) FROM events WHERE month = 'Mar',11948373,132
SELECT * FROM users WHERE id = 38108,988304,14
SELECT * FROM users WHERE id = 1123,873308,18
SELECT * FROM orders WHERE total > 72200,4663656,61
SELECT * FROM users WHERE id = 5885,1118967,9
SELECT * FROM users WHERE id = 81134,1054421,5
SELECT * FROM orders WHERE total > 91297,4772343,55
SELECT * FROM users WHERE id = 51595,1099306,14
"SELECT name, email FROM users WHERE signup_date > '2025-06-20'",2486998,24
SELECT * FROM orders WHERE total > 59828,4084457,39
"SELECT name, email FROM users WHERE signup_date > '2025-01-01'",2471147,26
SELECT * FROM users WHERE id = 72509,997584,23
SELECT * FROM users WHERE id = 33029,1070937,17
SELECT * FROM users WHERE id = 3886,914581,16
"SELECT * FROM users WHERE id IN (995, 601, 131, 981)",1237089,14
SELECT * FROM users WHERE id = 95570,1016443,22
"SELECT name, email FROM users WHERE signup_date > '2025-03-15'",3344646,34
"SELECT user_id, SUM(total) FROM orders WHERE region = 'electronics' GROUP BY user_id",8948555,97
SELECT * FROM users WHERE id = 56151,959079,15
SELECT * FROM orders WHERE total > 66950,5728690,65
SELECT * FROM orders WHERE total > 53703,4025885,53
SELECT * FROM users WHERE id = 22889,960279,18
SELECT * FROM orders WHERE total > 64521,5759578,60
SELECT * FROM orders WHERE total > 93007,4206766,56
SELECT * FROM orders WHERE total > 21559,4286067,44
SELECT * FROM products WHERE category = 'books',2354340,36
SELECT * FROM orders WHERE total > 88752,5749216,70
SELECT * FROM users WHERE id = 98895,889697,12
SELECT * FROM sessions WHERE duration > 75558,3037172,33
SELECT * FROM products WHERE category = 'books',2061810,19
SELECT COUNT(*) FROM events WHERE month = 'May',11318364,124
SELECT * FROM users WHERE id = 39110,812881,3
SELECT * FROM orders WHERE total > 12142,5471502,62
SELECT * FROM sessions WHERE duration > 36279,3550340,49
SELECT COUNT(*) FROM events WHERE month = 'Jun',10339715,112
SELECT * FROM users WHERE id = 43831,1107518,10
"SELECT user_id, SUM(total) FROM orders WHERE region = 'garden' GROUP BY user_id",7070727,84
SELECT * FROM users WHERE id = 10570,993678,19
SELECT * FROM users WHERE id = 40701,1141858,11
SELECT * FROM orders WHERE total > 82373,4023396,49
SELECT * FROM users WHERE id = 94619,1044708,22
"SELECT * FROM users WHERE id IN (854, 35, 19, 622, 619)",1485553,26
SELECT * FROM users WHERE id = 86373,1127115,23
SELECT COUNT(*) FROM events WHERE month = 'Jan',10116625,100
SELECT * FROM orders WHERE total > 77113,5601089,66
"SELECT user_id, SUM(total) FROM orders WHERE region = 'auto' GROUP BY user_id",7687769,86
SELECT * FROM users WHERE id = 23704,935935,7
SELECT * FROM users WHERE id = 20379,906938,20
SELECT * FROM orders WHERE total > 14268,5981275,54
SELECT * FROM users WHERE id = 78686,857370,18
SELECT * FROM users WHERE id = 93556,847011,14
SELECT * FROM users WHERE id = 39786,1096397,20
SELECT * FROM orders WHERE total > 37572,4069759,38
"SELECT * FROM users WHERE id IN (957, 526, 34)",1288362,7
SELECT * FROM orders WHERE total > 67005,4028632,52
SELECT * FROM orders WHERE total > 9116,4411679,54
SELECT * FROM users WHERE id = 50609,1095798,9
SELECT * FROM users WHERE id = 38432,1164871,16
SELECT * FROM users WHERE id = 38406,1038478,7
"SELECT * FROM orders WHERE status IN ('cancelled', 'delivered', 'returned', 'pending')",2773480,40
"SELECT user_id, SUM(total) FROM orders WHERE region = 'toys' GROUP BY user_id",9882536,104
SELECT * FROM users WHERE id = 89710,1182614,25
"SELECT * FROM users WHERE id IN (78, 966, 879, 98, 972)",1320666,24
SELECT COUNT(*) FROM events WHERE month = 'Feb',9693206,111
"SELECT name, email FROM users WHERE signup_date > '2025-03-15'",3827858,47
SELECT * FROM products WHERE category = 'electronics',1656167,23
SELECT * FROM users WHERE id = 8888,903217,8
SELECT * FROM sessions WHERE duration > 7086,4298632,43
SELECT * FROM users WHERE id = 85077,807470,10
SELECT * FROM users WHERE id = 86591,1091561,25
SELECT COUNT(*) FROM events WHERE month = 'Mar',11152999,110
SELECT * FROM orders WHERE total > 44533,5127694,51
SELECT * FROM users WHERE id = 75901,985846,22
"SELECT * FROM users WHERE id IN (829, 665, 506, 545, 726)",1306878,26
SELECT COUNT(*) FROM events WHERE month = 'Feb',9708743,96
"SELECT name, email FROM users WHERE signup_date > '2025-06-20'",2640283,38
SELECT * FROM products WHERE category = 'electronics',2308583,35
SELECT * FROM users WHERE id = 43230,980128,15
SELECT * FROM orders WHERE total > 57261,4943078,47
SELECT * FROM users WHERE id = 49877,958988,23
SELECT * FROM sessions WHERE duration > 46465,3229694,43
SELECT * FROM orders WHERE total > 60604,4264307,38
SELECT * FROM users WHERE id = 55373,976075,4
SELECT * FROM sessions WHERE duration > 10172,3562883,32
SELECT COUNT(*) FROM events WHERE month = 'May',9398113,100
SELECT * FROM orders WHERE total > 65340,4395448,53
SELECT * FROM users WHERE id = 49249,1112821,16
SELECT * FROM users WHERE id = 59458,1133424,6
"SELECT name, email FROM users WHERE signup_date > '2025-03-15'",3353522,42
"SELECT name, email FROM users WHERE signup_date > '2025-03-15'",2652910,39
SELECT COUNT(*) FROM events WHERE month = 'Jun',11216846,112
SELECT * FROM users WHERE id = 75292,970570,8
"SELECT user_id, SUM(total) FROM orders WHERE region = 'books' GROUP BY user_id",8600161,95
SELECT * FROM users WHERE id = 47801,1051418,20
SELECT * FROM orders WHERE total > 55559,4015190,55
SELECT * FROM orders WHERE total > 35108,5454112,62
SELECT * FROM orders WHERE total > 22065,4413108,59
SELECT COUNT(*) FROM events WHERE month = 'Mar',11080849,117
SELECT * FROM users WHERE id = 30556,1017181,10
SELECT * FROM orders WHERE total > 7459,4995825,47
SELECT * FROM products WHERE category = 'auto',2057650,30
"SELECT name, email FROM users WHERE signup_date > '2025-06-20'",3263815,27
SELECT * FROM users WHERE id = 72220,902571,13
SELECT * FROM orders WHERE total > 99217,4471993,57
SELECT * FROM users WHERE id = 88968,1119396,19
SELECT * FROM orders WHERE total > 23376,5953399,68
SELECT * FROM users WHERE id = 25359,1105014,13
SELECT * FROM orders WHERE total > 97468,4803923,62
SELECT COUNT(*) FROM events WHERE month = 'Feb',9764034,105
SELECT * FROM orders WHERE total > 49458,5948985,62
SELECT * FROM users WHERE id = 31925,1111047,21
SELECT * FROM sessions WHERE duration > 14395,4960298,47
SELECT * FROM users WHERE id = 80986,910204,21
"SELECT user_id, SUM(total) FROM orders WHERE region = 'toys' GROUP BY user_id",9158482,90
SELECT * FROM orders WHERE total > 93991,4883406,45
SELECT * FROM products WHERE category = 'electronics',2366211,37
"SELECT * FROM orders WHERE status IN ('pending', 'pending', 'returned')",2955380,41
SELECT * FROM users WHERE id = 63570,952069,10
SELECT * FROM users WHERE id = 25185,1196120,24
SELECT * FROM orders WHERE total > 53264,4961137,45
SELECT COUNT(*) FROM events WHERE month = 'May',11469727,111
"SELECT user_id, SUM(total) FROM orders WHERE region = 'auto' GROUP BY user_id",9389997,102
SELECT * FROM orders WHERE total > 47759,4848002,45
"SELECT user_id, SUM(total) FROM orders WHERE region = 'books' GROUP BY user_id",7959895,81
SELECT * FROM users WHERE id = 98618,1066758,24
SELECT * FROM users WHERE id = 11941,1006623,15
SELECT * FROM users WHERE id = 4817,1186716,21
"SELECT name, email FROM users WHERE signup_date > '2025-03-15'",2592444,29
SELECT * FROM orders WHERE total > 1776,5897345,55
SELECT COUNT(*) FROM events WHERE month = 'Jun',10267662,103
"SELECT * FROM orders WHERE status IN ('pending', 'delivered', 'delivered', 'pending')",2111622,32
SELECT * FROM orders WHERE total > 18727,5752022,57
SELECT * FROM users WHERE id IN (478),1138276,18
SELECT * FROM users WHERE id = 49484,1046336,18
SELECT * FROM orders WHERE total > 57110,4244890,39
SELECT * FROM users WHERE id = 93401,1089492,16
SELECT * FROM products WHERE category = 'toys',1710791,29
SELECT * FROM users WHERE id = 66893,1036295,11
SELECT * FROM users WHERE id = 5676,952746,21
SELECT * FROM users WHERE id = 37462,949345,23
SELECT * FROM products WHERE category = 'toys',1814118,20
SELECT * FROM users WHERE id = 70527,1185913,16
"SELECT name, email FROM users WHERE signup_date > '2025-01-01'",2967996,41
"SELECT name, email FROM users WHERE signup_date > '2025-06-20'",2723586,28
SELECT * FROM orders WHERE total > 57110,5108628,48
SELECT * FROM users WHERE id IN (957),1044197,9
SELECT * FROM users WHERE id = 11561,974317,14
SELECT * FROM sessions WHERE duration > 34201,4608387,41
SELECT * FROM orders WHERE total > 33598,5586876,59
SELECT * FROM products WHERE category = 'electronics',1746818,15
SELECT * FROM orders WHERE total > 44041,5469798,49
"SELECT * FROM users WHERE id IN (867, 373, 816, 937, 435)",1482256,9
SELECT * FROM orders WHERE total > 75016,5503100,64
SELECT * FROM products WHERE category = 'books',2074264,28
SELECT * FROM users WHERE id = 50573,1137765,26
SELECT * FROM users WHERE id = 5783,1050727,9
SELECT * FROM users WHERE id = 35166,806374,23
SELECT * FROM users WHERE id IN (482),1477278,24
SELECT * FROM users WHERE id = 13511,988813,22
"SELECT user_id, SUM(total) FROM orders WHERE region = 'garden' GROUP BY user_id",7192447,68
SELECT COUNT(*) FROM events WHERE month = 'May',10513585,107
"SELECT * FROM users WHERE id IN (321, 666, 687, 86)",1172167,25
SELECT COUNT(*) FROM events WHERE month = 'Jan',11064173,116
SELECT * FROM orders WHERE total > 26246,4684950,41
SELECT * FROM users WHERE id = 3753,1080576,16
"SELECT name, email FROM users WHERE signup_date > '2025-01-01'",3055440,31
SELECT * FROM users WHERE id = 91350,1119782,14
SELECT COUNT(*) FROM events WHERE month = 'Apr',11116999,113
SELECT * FROM orders WHERE total > 47651,5357196,65
SELECT COUNT(*) FROM events WHERE month = 'Jan',9752520,97
SELECT * FROM users WHERE id = 57621,971071,19
SELECT COUNT(*) FROM events WHERE month = 'May',10962330,106
SELECT * FROM orders WHERE total > 85638,5996837,64
SELECT COUNT(*) FROM events WHERE month = 'Jan',11144813,108
SELECT COUNT(*) FROM events WHERE month = 'Jun',9297976,96
"SELECT user_id, SUM(total) FROM orders WHERE region = 'books' GROUP BY user_id",9403424,99
SELECT COUNT(*) FROM events WHERE month = 'Mar',10479349,110
SELECT * FROM users WHERE id = 76245,1008799,12
SELECT * FROM orders WHERE total > 95580,4391633,51
SELECT * FROM users WHERE id = 89089,1099706,11
SELECT * FROM users WHERE id = 8892,803252,7
SELECT * FROM orders WHERE total > 77153,5226985,59
SELECT * FROM products WHERE category = 'auto',1832612,23
SELECT * FROM users WHERE id = 40456,957511,23
SELECT * FROM orders WHERE total > 18071,4380372,42
SELECT * FROM orders WHERE total > 13209,5003105,65
SELECT * FROM products WHERE category = 'electronics',1932600,24
SELECT * FROM users WHERE id = 56486,875812,13
"SELECT * FROM users WHERE id IN (325, 848, 639, 180, 117)",1481050,16
SELECT * FROM orders WHERE total > 21728,5981131,64
SELECT * FROM products WHERE category = 'auto',1891228,32
SELECT * FROM users WHERE id = 55072,973234,6
SELECT * FROM users WHERE id = 62175,955310,19
SELECT * FROM users WHERE id = 51449,1175480,19
SELECT * FROM orders WHERE total > 26996,5257389,61
SELECT * FROM sessions WHERE duration > 85949,3915135,34
SELECT COUNT(*) FROM events WHERE month = 'Jun',11107684,115
SELECT * FROM users WHERE id = 15201,801249,14
SELECT * FROM users WHERE id = 13121,1186677,8
SELECT * FROM users WHERE id = 91259,985136,21
SELECT * FROM users WHERE id = 8744,881513,13
SELECT COUNT(*) FROM events WHERE month = 'Jan',10540013,109
SELECT * FROM users WHERE id = 42460,998083,16
SELECT * FROM users WHERE id = 53,932738,17
SELECT * FROM orders WHERE total > 86612,4023090,43
"SELECT * FROM orders WHERE status IN ('shipped', 'returned', 'delivered')",2454524,31
SELECT * FROM users WHERE id = 75180,928470,24
SELECT * FROM orders WHERE total > 69167,4198722,36
SELECT * FROM orders WHERE total > 31606,4739692,49
SELECT * FROM users WHERE id = 74447,1106487,25
SELECT * FROM users WHERE id = 12874,902912,9
SELECT * FROM users WHERE id = 43316,974260,8
SELECT * FROM orders WHERE total > 50341,4447253,48
SELECT * FROM orders WHERE total > 55081,4230296,57
SELECT * FROM orders WHERE total > 924,4148275,53
SELECT * FROM orders WHERE total > 29583,4272335,43
SELECT * FROM users WHERE id = 11685,895698,9
SELECT * FROM users WHERE id = 35982,872814,11
SELECT * FROM sessions WHERE duration > 24632,3004235,43
SELECT * FROM users WHERE id = 24279,891026,4
SELECT COUNT(*) FROM events WHERE month = 'Jan',9435635,97
"SELECT user_id, SUM(total) FROM orders WHERE region = 'books' GROUP BY user_id",9687708,108
SELECT COUNT(*) FROM events WHERE month = 'Apr',10857670,109
SELECT * FROM orders WHERE total > 74848,5620640,54
SELECT * FROM users WHERE id = 9378,1186203,17
"SELECT * FROM users WHERE id IN (384, 564, 169, 896, 29)",1436812,22
SELECT COUNT(*) FROM events WHERE month = 'Mar',11224551,108
SELECT * FROM orders WHERE total > 38166,4211777,45
SELECT * FROM users WHERE id = 67557,1060027,21
"SELECT * FROM orders WHERE status IN ('shipped', 'shipped')",2112238,23
SELECT * FROM orders WHERE total > 70517,5558003,63
SELECT COUNT(*) FROM events WHERE month = 'Mar',9809150,103
SELECT * FROM orders WHERE total > 27977,4156502,51
SELECT * FROM users WHERE id = 70713,1174805,11
SELECT * FROM products WHERE category = 'electronics',2260627,36
SELECT * FROM users WHERE id = 58089,1061815,24
SELECT * FROM orders WHERE total > 9012,4859183,56
SELECT * FROM sessions WHERE duration > 68672,4297561,52
SELECT COUNT(*) FROM events WHERE month = 'Jan',9432607,107
SELECT * FROM users WHERE id = 16442,890235,22
SELECT * FROM users WHERE id = 44159,820914,11
SELECT * FROM sessions WHERE duration > 13612,3310794,47
SELECT * FROM users WHERE id = 94380,898677,21
SELECT * FROM users WHERE id = 27631,954654,11
SELECT * FROM users WHERE id = 83604,1071759,18
SELECT * FROM orders WHERE total > 61076,5818291,71
SELECT COUNT(*) FROM events WHERE month = 'May',10460203,104
SELECT * FROM orders WHERE total > 88581,5856554,63
SELECT COUNT(*) FROM events WHERE month = 'May',11315464,124
SELECT * FROM users WHERE id = 76377,886830,18
SELECT COUNT(*) FROM events WHERE month = 'Jan',10631761,104
SELECT * FROM orders WHERE total > 74488,4089910,38
"SELECT * FROM orders WHERE status IN ('returned', 'returned', 'cancelled')",2902067,28
SELECT * FROM users WHERE id = 13789,886624,17
SELECT * FROM users WHERE id = 4288,801226,15
SELECT COUNT(*) FROM events WHERE month = 'Feb',9896371,107
SELECT * FROM users WHERE id = 38701,947020,7
SELECT * FROM orders WHERE total > 93031,4793008,46
SELECT * FROM orders WHERE total > 6090,4550708,44
SELECT * FROM orders WHERE total > 13137,4465946,53
"SELECT * FROM users WHERE id IN (458, 58, 58)",1024333,12
SELECT * FROM users WHERE id = 28426,815477,15
"SELECT name, email FROM users WHERE signup_date > '2025-06-20'",3827981,45
SELECT * FROM products WHERE category = 'toys',1754772,13
SELECT * FROM orders WHERE total > 37092,5835146,69
SELECT * FROM users WHERE id = 36834,1107515,13
SELECT * FROM users WHERE id = 72766,1062331,21
SELECT COUNT(*) FROM events WHERE month = 'Jun',11084002,120
"SELECT * FROM orders WHERE status IN ('cancelled', 'returned', 'delivered', 'delivered')",2545467,26
SELECT * FROM users WHERE id = 22874,875506,19
SELECT COUNT(*) FROM events WHERE month = 'Jun',10091969,105
SELECT * FROM products WHERE category = 'electronics',1594504,10
SELECT * FROM orders WHERE total > 13491,5867076,71
SELECT * FROM orders WHERE total > 16895,5596912,51
SELECT * FROM users WHERE id = 33985,1162444,10
SELECT * FROM users WHERE id = 59181,1182099,22
SELECT * FROM orders WHERE total > 3173,5738012,63
SELECT * FROM users WHERE id = 17466,1152570,10
SELECT * FROM users WHERE id = 45634,894608,22
SELECT * FROM orders WHERE total > 23699,5798130,63
"SELECT name, email FROM users WHERE signup_date > '2025-09-10'",2318128,23
SELECT COUNT(*) FROM events WHERE month = 'Feb',9344187,94
SELECT * FROM users WHERE id = 37383,990796,23
SELECT * FROM users WHERE id = 25907,962819,17
"SELECT * FROM orders WHERE status IN ('pending', 'pending', 'returned', 'shipped')",2918672,32
SELECT * FROM sessions WHERE duration > 21852,4489897,59
SELECT * FROM orders WHERE total > 2143,5612208,64
SELECT COUNT(*) FROM events WHERE month = 'Feb',9843335,105
SELECT COUNT(*) FROM events WHERE month = 'Mar',10860713,108
"SELECT name, email FROM users WHERE signup_date > '2025-09-10'",2034458,17
SELECT COUNT(*) FROM events WHERE month = 'Apr',11726499,114
SELECT * FROM users WHERE id = 88598,1133144,19
SELECT * FROM users WHERE id = 94240,874740,15
"SELECT user_id, SUM(total) FROM orders WHERE region = 'auto' GROUP BY user_id",8737768,87
SELECT * FROM orders WHERE total > 38532,5956364,68
SELECT COUNT(*) FROM events WHERE month = 'Mar',11608235,131
SELECT * FROM orders WHERE total > 66211,5635441,54
SELECT * FROM users WHERE id = 61208,1020130,8
"SELECT * FROM users WHERE id IN (615, 803)",1063228,22
SELECT * FROM products WHERE category = 'garden',1657898,29
SELECT * FROM products WHERE category = 'auto',2134102,19
SELECT * FROM orders WHERE total > 54964,4701978,57
SELECT * FROM users WHERE id = 81129,850418,13
SELECT * FROM users WHERE id = 55804,1137810,18
SELECT * FROM users WHERE id = 29625,1196735,22
SELECT * FROM sessions WHERE duration > 21107,4160475,36
SELECT COUNT(*) FROM events WHERE month = 'Jan',9351615,95
SELECT * FROM orders WHERE total > 83196,4560848,60
SELECT * FROM users WHERE id IN (355),1361864,24
SELECT * FROM users WHERE id = 71914,935513,22
SELECT COUNT(*) FROM events WHERE month = 'Mar',9658260,111
SELECT * FROM products WHERE category = 'books',1801535,15
SELECT * FROM orders WHERE total > 39743,5689206,69
SELECT * FROM users WHERE id = 98009,897020,12
SELECT * FROM users WHERE id = 76181,883094,8
SELECT * FROM users WHERE id = 3325,982971,24
SELECT * FROM orders WHERE total > 61758,5819835,67
"SELECT * FROM users WHERE id IN (265, 298)",1363378,24
SELECT * FROM products WHERE category = 'toys',2226872,25
SELECT * FROM orders WHERE total > 31362,5347161,68
SELECT * FROM orders WHERE total > 11282,4704185,49
SELECT * FROM users WHERE id = 9362,876013,21
SELECT COUNT(*) FROM events WHERE month = 'May',10851512,109
SELECT * FROM products WHERE category = 'electronics',1703458,28
"SELECT name, email FROM users WHERE signup_date > '2025-06-20'",3103130,33
SELECT * FROM users WHERE id = 35047,915343,10
SELECT * FROM orders WHERE total > 21315,4912883,58
SELECT * FROM users WHERE id = 72571,882271,12
SELECT COUNT(*) FROM events WHERE month = 'Feb',9066832,103
SELECT * FROM users WHERE id = 1870,920339,16
"SELECT user_id, SUM(total) FROM orders WHERE region = 'auto' GROUP BY user_id",8688846,81
"SELECT * FROM orders WHERE status IN ('returned', 'cancelled', 'cancelled')",2791183,22
SELECT * FROM orders WHERE total > 74738,5183989,66
SELECT * FROM users WHERE id = 9322,893209,14
SELECT * FROM users WHERE id = 97922,1123805,23
SELECT * FROM products WHERE category = 'auto',2104908,32
SELECT COUNT(*) FROM events WHERE month = 'Apr',11297607,111
SELECT * FROM users WHERE id = 90345,1069297,9
SELECT * FROM users WHERE id = 21374,934307,22
SELECT * FROM users WHERE id = 21241,991787,15
SELECT * FROM orders WHERE total > 26414,5758880,62
SELECT * FROM users WHERE id = 30178,929225,7
SELECT * FROM users WHERE id = 5889,1094979,17
SELECT * FROM users WHERE id = 92329,883701,12
SELECT * FROM orders WHERE total > 19703,5109766,56
SELECT * FROM orders WHERE total > 12488,5501053,63
SELECT * FROM users WHERE id = 24959,1144096,25
SELECT * FROM users WHERE id = 10073,875240,22
SELECT * FROM users WHERE id = 1479,833635,21
SELECT * FROM orders WHERE total > 18381,4165965,46
"SELECT user_id, SUM(total) FROM orders WHERE region = 'books' GROUP BY user_id",8086792,81
SELECT * FROM orders WHERE total > 91317,4475440,57
SELECT * FROM users WHERE id = 23814,1017602,24
SELECT * FROM users WHERE id = 51213,838885,14
SELECT * FROM users WHERE id = 34003,928273,19
SELECT COUNT(*) FROM events WHERE month = 'May',10800322,109
SELECT * FROM products WHERE category = 'auto',1670359,24
"SELECT * FROM users WHERE id IN (33, 591, 78, 912, 793)",1358905,8
SELECT * FROM products WHERE category = 'toys',1656961,25
SELECT * FROM users WHERE id = 35141,1078817,11
SELECT * FROM users WHERE id = 22826,837095,12
"SELECT * FROM users WHERE id IN (836, 796, 549, 516, 441)",1065322,23
SELECT * FROM users WHERE id = 24726,1128123,20
SELECT * FROM users WHERE id = 31268,1106362,17
SELECT * FROM users WHERE id = 93875,1162536,16
SELECT * FROM orders WHERE total > 13576,5073104,53
"SELECT name, email FROM users WHERE signup_date > '2025-06-20'",2720563,35
SELECT COUNT(*) FROM events WHERE month = 'Jun',9480189,91
SELECT COUNT(*) FROM events WHERE month = 'Mar',11722926,131
SELECT * FROM orders WHERE total > 8779,4723252,54
SELECT * FROM users WHERE id = 34233,965234,17
SELECT * FROM sessions WHERE duration > 24523,3332096,42
SELECT * FROM users WHERE id = 22913,1139126,20
SELECT * FROM users WHERE id = 58241,1138333,20
SELECT COUNT(*) FROM events WHERE month = 'May',10486277,100
SELECT * FROM products WHERE category = 'auto',1614165,30
SELECT * FROM users WHERE id = 91793,973124,20
SELECT COUNT(*) FROM events WHERE month = 'Jun',9177601,88
"SELECT * FROM orders WHERE status IN ('delivered', 'returned')",2345608,32
SELECT * FROM users WHERE id = 78424,1186014,18
SELECT * FROM orders WHERE total > 42741,4993482,53
SELECT * FROM users WHERE id = 67453,814067,12
SELECT * FROM users WHERE id = 11364,1079850,15
SELECT COUNT(*) FROM events WHERE month = 'Feb',9261993,99
SELECT * FROM users WHERE id = 51343,880510,12
SELECT * FROM orders WHERE status IN ('delivered'),2749363,39
SELECT * FROM sessions WHERE duration > 24647,4379903,56
SELECT * FROM users WHERE id = 69180,1173445,17
SELECT * FROM products WHERE category = 'toys',2036693,29
SELECT COUNT(*) FROM events WHERE month = 'Feb',10334169,117
SELECT * FROM orders WHERE total > 26609,4832343,62
SELECT * FROM orders WHERE total > 47202,5791346,53
"SELECT user_id, SUM(total) FROM orders WHERE region = 'books' GROUP BY user_id",9987214,112
"SELECT * FROM users WHERE id IN (996, 204)",1005772,10
SELECT * FROM users WHERE id = 51305,1096382,14
SELECT * FROM orders WHERE total > 52507,5576500,59
SELECT * FROM orders WHERE total > 23801,5497920,52
SELECT * FROM orders WHERE total > 52911,4218216,49
SELECT * FROM orders WHERE total > 52424,5585632,66
SELECT * FROM products WHERE category = 'auto',1782781,19
SELECT COUNT(*) FROM events WHERE month = 'Jun',10973855,117
SELECT COUNT(*) FROM events WHERE month = 'May',9018670,88
SELECT * FROM products WHERE category = 'garden',1629081,28
SELECT * FROM orders WHERE total > 43641,5980185,58
SELECT * FROM orders WHERE total > 58685,5332275,55
SELECT * FROM orders WHERE total > 22481,5955064,60
SELECT * FROM users WHERE id = 41690,1016463,25
SELECT * FROM orders WHERE total > 40473,5092492,57
SELECT * FROM users WHERE id = 88017,923969,13
"SELECT * FROM users WHERE id IN (548, 788, 763, 215)",1142049,15
"SELECT * FROM users WHERE id IN (579, 493, 173, 891, 564)",1235416,16
SELECT * FROM users WHERE id = 55271,1197585,7
SELECT * FROM orders WHERE total > 28004,5509819,53
SELECT * FROM orders WHERE total > 71315,5003264,52
"SELECT name, email FROM users WHERE signup_date > '2025-09-10'",2516080,21
SELECT * FROM orders WHERE total > 55439,5711656,65
"SELECT * FROM users WHERE id IN (554, 501)",1367211,9
SELECT * FROM users WHERE id = 99017,881004,19
"SELECT * FROM users WHERE id IN (400, 708, 600)",1223188,17
SELECT COUNT(*) FROM events WHERE month = 'May',10744191,109
SELECT * FROM products WHERE category = 'toys',1651362,11
SELECT * FROM orders WHERE total > 47258,4359031,41
SELECT COUNT(*) FROM events WHERE month = 'Apr',10050650,108
SELECT COUNT(*) FROM events WHERE month = 'Apr',10701538,122
SELECT * FROM users WHERE id = 74667,881787,19
SELECT * FROM orders WHERE total > 49864,4289101,56
SELECT COUNT(*) FROM events WHERE month = 'Jan',11981526,134
SELECT * FROM users WHERE id = 28520,913868,5
SELECT * FROM orders WHERE total > 62016,4901925,50
SELECT * FROM users WHERE id = 98605,1018456,19
SELECT * FROM orders WHERE total > 91685,4148446,38
SELECT * FROM sessions WHERE duration > 34694,3281511,45
SELECT COUNT(*) FROM events WHERE month = 'Mar',10721682,118
SELECT * FROM users WHERE id = 97770,895573,7
SELECT * FROM users WHERE id = 37724,905912,17
SELECT * FROM orders WHERE total > 31137,5679270,70
SELECT * FROM orders WHERE total > 54835,5495171,56
"SELECT name, email FROM users WHERE signup_date > '2025-06-20'",3211713,28
SELECT * FROM users WHERE id = 33912,900202,22
SELECT * FROM products WHERE category = 'electronics',2064218,25
SELECT * FROM orders WHERE total > 28487,5850744,58
SELECT * FROM users WHERE id = 58880,1031313,5
SELECT * FROM users WHERE id = 50954,1000574,9
SELECT * FROM users WHERE id = 4439,843565,4
SELECT * FROM sessions WHERE duration > 60217,4246497,53
SELECT * FROM users WHERE id = 17828,1162503,24
SELECT * FROM orders WHERE total > 41069,5339592,48
"SELECT * FROM orders WHERE status IN ('returned', 'returned', 'cancelled', 'returned')",2740218,41
SELECT * FROM orders WHERE total > 57801,5328234,64
SELECT * FROM users WHERE id = 53670,893731,3
SELECT * FROM orders WHERE total > 35887,5601829,52
SELECT * FROM users WHERE id = 23462,1188280,24
SELECT * FROM users WHERE id = 86048,1083193,6
SELECT * FROM orders WHERE total > 28253,5079364,60
SELECT * FROM products WHERE category = 'auto',1574660,29
SELECT * FROM users WHERE id = 7969,990413,7
"SELECT name, email FROM users WHERE signup_date > '2025-03-15'",3888713,46
SELECT * FROM products WHERE category = 'books',1893577,13
SELECT * FROM users WHERE id = 29512,1121522,24
SELECT COUNT(*) FROM events WHERE month = 'Apr',11424558,111
SELECT COUNT(*) FROM events WHERE month = 'Mar',11735016,120
SELECT * FROM users WHERE id = 66295,1007701,5
SELECT * FROM users WHERE id = 38103,809429,6
"SELECT name, email FROM users WHERE signup_date > '2025-09-10'",2268687,36
"SELECT user_id, SUM(total) FROM orders WHERE region = 'auto' GROUP BY user_id",7354170,68
SELECT * FROM orders WHERE total > 43299,4738568,55
SELECT * FROM users WHERE id = 56143,972819,13
"SELECT * FROM users WHERE id IN (880, 708, 170, 567)",1156356,6
SELECT * FROM users WHERE id = 60949,1015666,8
"SELECT user_id, SUM(total) FROM orders WHERE region = 'electronics' GROUP BY user_id",7872624,83
SELECT * FROM orders WHERE total > 23084,5930337,66
SELECT * FROM users WHERE id = 40998,979743,22
SELECT * FROM users WHERE id = 12498,979084,7
SELECT * FROM users WHERE id = 5023,1093161,17
SELECT * FROM users WHERE id = 51683,813358,4
SELECT * FROM orders WHERE total > 67053,4841177,51
SELECT * FROM users WHERE id = 46966,1125812,7
SELECT COUNT(*) FROM events WHERE month = 'May',10088774,103
SELECT COUNT(*) FROM events WHERE month = 'Jun',9795598,99
SELECT * FROM users WHERE id = 39216,857977,10
SELECT * FROM users WHERE id = 64245,1101001,24
SELECT * FROM orders WHERE total > 5970,5865312,59
SELECT * FROM users WHERE id = 57698,1173382,13
"SELECT * FROM orders WHERE status IN ('cancelled', 'cancelled')",2978829,43
SELECT * FROM orders WHERE total > 28161,4290555,40
SELECT * FROM orders WHERE total > 92054,5813575,67
SELECT * FROM users WHERE id = 21947,875839,16
SELECT COUNT(*) FROM events WHERE month = 'Feb',11707801,121
SELECT * FROM users WHERE id = 43175,1160754,22
"SELECT user_id, SUM(total) FROM orders WHERE region = 'auto' GROUP BY user_id",7376689,75
"SELECT * FROM orders WHERE status IN ('pending', 'shipped', 'cancelled', 'cancelled')",2370922,23
"SELECT * FROM users WHERE id IN (734, 544, 194)",1218781,7
SELECT * FROM users WHERE id = 18142,921056,9
SELECT * FROM users WHERE id = 19020,1167030,16
SELECT COUNT(*) FROM events WHERE month = 'Apr',9080080,95
SELECT COUNT(*) FROM events WHERE month = 'Jan',10546140,119
SELECT COUNT(*) FROM events WHERE month = 'Jun',10830117,120
SELECT COUNT(*) FROM events WHERE month = 'Feb',9935442,110
SELECT * FROM orders WHERE total > 45672,4237979,56
SELECT * FROM users WHERE id = 76120,1066552,6
SELECT * FROM orders WHERE total > 47079,5490591,63
SELECT * FROM users WHERE id = 56886,1069420,16
"SELECT user_id, SUM(total) FROM orders WHERE region = 'electronics' GROUP BY user_id",7099139,80
SELECT COUNT(*) FROM events WHERE month = 'Apr',9049176,95
SELECT * FROM users WHERE id = 75426,922850,8
SELECT * FROM orders WHERE total > 19475,5723307,57
SELECT * FROM users WHERE id = 82688,1182701,12
SELECT * FROM orders WHERE total > 60991,5842446,54
"SELECT user_id, SUM(total) FROM orders WHERE region = 'books' GROUP BY user_id",7255177,71
SELECT COUNT(*) FROM events WHERE month = 'May',9941225,102
SELECT COUNT(*) FROM events WHERE month = 'Feb',11466934,120
SELECT * FROM products WHERE category = 'books',1778839,15
SELECT * FROM users WHERE id = 77562,1041329,22
SELECT * FROM sessions WHERE duration > 58162,4086011,53
SELECT * FROM users WHERE id = 56008,944828,9
SELECT * FROM products WHERE category = 'garden',1935572,19
SELECT * FROM users WHERE id = 10410,832511,4
SELECT * FROM users WHERE id = 70835,907275,8
SELECT * FROM users WHERE id = 29266,888159,8
SELECT * FROM orders WHERE total > 16519,4784591,45
SELECT * FROM orders WHERE total > 97717,5926456,59
SELECT * FROM users WHERE id = 77728,1006346,6
SELECT * FROM users WHERE id IN (964),1353985,24
SELECT * FROM users WHERE id = 68203,1086656,23
SELECT COUNT(*) FROM events WHERE month = 'Jan',10815958,103
SELECT COUNT(*) FROM events WHERE month = 'Apr',9410727,105
SELECT * FROM orders WHERE total > 85370,4225084,50
SELECT * FROM users WHERE id = 55319,1124700,17
SELECT * FROM users WHERE id = 91755,913004,21
SELECT * FROM users WHERE id = 64775,1061619,12
SELECT * FROM users WHERE id = 76748,957532,8
SELECT * FROM orders WHERE total > 10857,5051835,61
SELECT * FROM users WHERE id = 26229,977954,10
SELECT COUNT(*) FROM events WHERE month = 'Apr',9397249,98
SELECT * FROM users WHERE id = 71091,963424,18
SELECT * FROM users WHERE id = 9305,901671,15
SELECT * FROM orders WHERE total > 17022,4640591,50
SELECT COUNT(*) FROM events WHERE month = 'Jun',9531679,99
SELECT * FROM products WHERE category = 'garden',1883551,30
SELECT * FROM products WHERE category = 'garden',1873173,31
SELECT * FROM sessions WHERE duration > 67924,4337342,44
SELECT * FROM users WHERE id = 53550,1041871,25
SELECT * FROM orders WHERE total > 38667,5262989,53
SELECT COUNT(*) FROM events WHERE month = 'Apr',11465744,115
"SELECT name, email FROM users WHERE signup_date > '2025-06-20'",2396648,31
SELECT * FROM orders WHERE total > 85152,4746766,61
SELECT COUNT(*) FROM events WHERE month = 'May',10159778,103
SELECT * FROM orders WHERE total > 24303,4888004,49
SELECT COUNT(*) FROM events WHERE month = 'Jun',11560485,121
SELECT * FROM orders WHERE total > 60672,4558080,52
SELECT * FROM products WHERE category = 'toys',2461498,22
SELECT * FROM users WHERE id = 79695,844932,3
SELECT * FROM users WHERE id = 16348,1174732,26
SELECT * FROM orders WHERE total > 59127,4199542,39
SELECT * FROM users WHERE id = 30793,1189934,9
SELECT * FROM users WHERE id IN (371),1136452,7
SELECT * FROM users WHERE id = 71978,1186157,15
SELECT * FROM users WHERE id = 82211,969885,16
SELECT * FROM users WHERE id = 86706,1187482,19
"SELECT * FROM users WHERE id IN (95, 895, 181, 513)",1343940,11
SELECT COUNT(*) FROM events WHERE month = 'Jan',9582386,96
SELECT * FROM orders WHERE total > 76777,5173061,51
"SELECT * FROM users WHERE id IN (206, 565, 878, 706)",1484027,23
SELECT * FROM products WHERE category = 'auto',1551936,14
"SELECT user_id, SUM(total) FROM orders WHERE region = 'electronics' GROUP BY user_id",9603688,93
SELECT * FROM users WHERE id = 64822,902501,21
SELECT COUNT(*) FROM events WHERE month = 'Mar',10026293,108
SELECT * FROM orders WHERE total > 6249,4320680,40
SELECT COUNT(*) FROM events WHERE month = 'Apr',10371025,116
SELECT * FROM orders WHERE total > 54086,5393447,67
SELECT COUNT(*) FROM events WHERE month = 'Mar',10085412,103
SELECT COUNT(*) FROM events WHERE month = 'Jun',9022156,101
SELECT * FROM orders WHERE total > 47479,4099306,46
SELECT * FROM users WHERE id = 56407,831431,3
SELECT * FROM users WHERE id = 53173,1138089,15
SELECT COUNT(*) FROM events WHERE month = 'Jun',9611287,103
SELECT * FROM users WHERE id = 79374,1186837,20
"SELECT user_id, SUM(total) FROM orders WHERE region = 'books' GROUP BY user_id",8064391,92
SELECT * FROM products WHERE category = 'books',2026965,28
"SELECT * FROM users WHERE id IN (148, 219)",1485796,19
SELECT * FROM users WHERE id = 31192,1092387,8
SELECT * FROM users WHERE id = 24155,934904,6
SELECT COUNT(*) FROM events WHERE month = 'Apr',9611817,108
SELECT * FROM users WHERE id = 59389,1021057,15
SELECT COUNT(*) FROM events WHERE month = 'Jan',11217714,121
SELECT * FROM users WHERE id = 66664,904794,16
SELECT * FROM users WHERE id = 64905,1106905,7
SELECT * FROM orders WHERE status IN ('delivered'),2820621,30
SELECT COUNT(*) FROM events WHERE month = 'Mar',10572935,115
"SELECT name, email FROM users WHERE signup_date > '2025-01-01'",2205542,36
SELECT COUNT(*) FROM events WHERE month = 'Jan',10903301,114
SELECT * FROM users WHERE id = 8461,1030506,14
SELECT * FROM orders WHERE total > 6788,5120657,57
SELECT * FROM users WHERE id = 29138,923935,20
SELECT * FROM users WHERE id = 26776,1124274,18
SELECT * FROM orders WHERE total > 82160,5117458,66
SELECT * FROM products WHERE category = 'toys',2186730,25
SELECT * FROM users WHERE id = 40190,1000321,9
SELECT * FROM users WHERE id = 24269,1001859,5
"SELECT * FROM users WHERE id IN (71, 598, 864, 185)",1011300,23
SELECT * FROM orders WHERE total > 89626,4337484,45
SELECT * FROM users WHERE id = 49610,872715,23
SELECT * FROM orders WHERE total > 57037,5372660,61
SELECT * FROM orders WHERE total > 96561,5695890,64
SELECT * FROM users WHERE id = 45863,1071927,14
SELECT * FROM orders WHERE total > 19996,4503911,54
SELECT * FROM orders WHERE total > 70278,4629231,44
SELECT * FROM sessions WHERE duration > 19177,4496883,57
SELECT * FROM orders WHERE total > 5629,5930500,55
SELECT * FROM users WHERE id = 67839,906557,14
SELECT * FROM orders WHERE total > 99620,5929751,63
SELECT * FROM users WHERE id = 31196,1157613,24
SELECT * FROM products WHERE category = 'toys',1675340,11
SELECT * FROM users WHERE id = 16477,1133878,7
SELECT * FROM users WHERE id = 54165,979754,8
"SELECT name, email FROM users WHERE signup_date > '2025-03-15'",3114777,35
"SELECT name, email FROM users WHERE signup_date > '2025-01-01'",2967372,42
SELECT * FROM products WHERE category = 'auto',1983388,34
SELECT * FROM users WHERE id = 279,1042393,10
SELECT * FROM users WHERE id = 44450,842279,3
SELECT * FROM sessions WHERE duration > 10272,4069871,42
SELECT * FROM users WHERE id IN (734),1190027,11
SELECT * FROM sessions WHERE duration > 77847,4689680,55
SELECT COUNT(*) FROM events WHERE month = 'Feb',10364035,113
SELECT * FROM users WHERE id = 71947,885340,20
SELECT * FROM orders WHERE total > 624,5716756,63
SELECT * FROM orders WHERE total > 29737,4968018,45
SELECT * FROM orders WHERE total > 62401,4372458,55
SELECT * FROM users WHERE id = 91935,1036508,14
"SELECT * FROM users WHERE id IN (968, 315)",1330210,12
"SELECT * FROM users WHERE id IN (921, 98, 345)",1242593,24
SELECT * FROM users WHERE id = 22305,1192298,6
SELECT * FROM users WHERE id = 81734,897840,9
SELECT * FROM users WHERE id = 68092,893639,3
SELECT COUNT(*) FROM events WHERE month = 'May',10925385,113
SELECT * FROM users WHERE id = 34525,838358,23
"SELECT name, email FROM users WHERE signup_date > '2025-06-20'",3801679,49
SELECT * FROM products WHERE category = 'electronics',2008920,27
SELECT * FROM users WHERE id = 94554,1078692,20
SELECT * FROM orders WHERE total > 43151,5515617,55
SELECT * FROM users WHERE id = 74173,1182892,13
SELECT * FROM users WHERE id = 81856,1000157,23
SELECT COUNT(*) FROM events WHERE month = 'May',11767394,124
SELECT * FROM users WHERE id = 51025,1085624,10
SELECT COUNT(*) FROM events WHERE month = 'May',10098882,114
"SELECT * FROM orders WHERE status IN ('returned', 'cancelled', 'pending')",2925372,37
"SELECT * FROM orders WHERE status IN ('returned', 'cancelled')",2171835,16
SELECT COUNT(*) FROM events WHERE month = 'Feb',11833452,132
SELECT * FROM orders WHERE total > 95033,5755152,72
SELECT * FROM sessions WHERE duration > 6689,4337423,48
SELECT * FROM products WHERE category = 'toys',1853845,15
SELECT * FROM orders WHERE total > 29426,5337934,52
SELECT * FROM users WHERE id = 29448,1077435,23
"SELECT * FROM orders WHERE status IN ('returned', 'pending')",2254846,36
SELECT COUNT(*) FROM events WHERE month = 'Apr',11701390,114
SELECT * FROM users WHERE id = 5584,1005264,16
SELECT * FROM users WHERE id = 91978,957215,7
SELECT * FROM orders WHERE total > 98711,5754868,54
"SELECT name, email FROM users WHERE signup_date > '2025-06-20'",2497749,33
SELECT * FROM users WHERE id = 60957,1189209,11
SELECT * FROM orders WHERE total > 33768,5172427,60
SELECT * FROM orders WHERE total > 95144,4315163,58
SELECT * FROM users WHERE id = 38140,893437,8
SELECT COUNT(*) FROM events WHERE month = 'Feb',11330427,120
SELECT * FROM products WHERE category = 'electronics',1714776,19
SELECT * FROM users WHERE id IN (812),1048110,25
SELECT * FROM users WHERE id = 10868,1086044,19
SELECT * FROM users WHERE id = 37351,1029505,9
SELECT COUNT(*) FROM events WHERE month = 'Jun',11919275,124
"SELECT * FROM users WHERE id IN (187, 442, 234, 239)",1452493,24
SELECT * FROM orders WHERE total > 92333,4901083,55
SELECT * FROM orders WHERE total > 49162,5461475,52
SELECT COUNT(*) FROM events WHERE month = 'Jun',10023438,110
SELECT * FROM users WHERE id = 34581,809636,23
SELECT * FROM orders WHERE total > 61618,4730047,57
SELECT * FROM users WHERE id = 42796,1190722,12
SELECT * FROM users WHERE id = 90179,878728,14
SELECT * FROM users WHERE id = 90245,1029596,5
SELECT * FROM users WHERE id = 31607,1115728,13
SELECT * FROM products WHERE category = 'books',2225302,17
SELECT * FROM products WHERE category = 'toys',2494550,26
SELECT * FROM orders WHERE total > 36126,4570720,54
SELECT * FROM users WHERE id = 90920,1119567,9
SELECT * FROM products WHERE category = 'electronics',2495554,32
SELECT * FROM orders WHERE total > 6929,4892199,48
SELECT COUNT(*) FROM events WHERE month = 'Jan',11680673,130
SELECT * FROM orders WHERE total > 72057,4689926,48
"SELECT * FROM users WHERE id IN (346, 99, 662)",1443525,24
SELECT * FROM products WHERE category = 'electronics',1624170,18
SELECT * FROM orders WHERE total > 36579,4280977,40
SELECT * FROM orders WHERE total > 74732,4282776,49
SELECT * FROM users WHERE id = 12408,996442,16
SELECT * FROM users WHERE id = 47517,881473,6
SELECT COUNT(*) FROM events WHERE month = 'Feb',11148471,124
SELECT * FROM users WHERE id = 77101,840839,5
SELECT * FROM orders WHERE total > 55962,5851380,73
"SELECT user_id, SUM(total) FROM orders WHERE region = 'garden' GROUP BY user_id",8800411,91
SELECT * FROM users WHERE id = 44122,1098943,23
SELECT COUNT(*) FROM events WHERE month = 'Mar',10474437,105
SELECT * FROM products WHERE category = 'garden',2305752,18
SELECT COUNT(*) FROM events WHERE month = 'Apr',9283443,98
SELECT * FROM products WHERE category = 'electronics',2068770,28
SELECT * FROM users WHERE id = 45667,1137220,12
SELECT * FROM orders WHERE total > 98393,4892499,62
SELECT * FROM users WHERE id = 71627,862168,18
SELECT * FROM orders WHERE total > 44481,5839935,61
SELECT * FROM users WHERE id = 47328,892076,5
SELECT * FROM users WHERE id = 63424,1142071,24
SELECT * FROM users WHERE id = 41703,940419,23
SELECT COUNT(*) FROM events WHERE month = 'Feb',9722262,102
SELECT * FROM users WHERE id = 80225,851688,14
"SELECT name, email FROM users WHERE signup_date > '2025-06-20'",2611098,31
SELECT * FROM orders WHERE total > 82184,4770524,44
SELECT * FROM users WHERE id = 96645,830895,5
SELECT * FROM orders WHERE total > 90373,4562250,60
SELECT COUNT(*) FROM events WHERE month = 'Feb',10459401,119
SELECT * FROM users WHERE id = 2172,1007977,23
SELECT COUNT(*) FROM events WHERE month = 'Apr',10029350,107
SELECT * FROM users WHERE id = 45331,970299,17
SELECT * FROM products WHERE category = 'electronics',2192611,19
SELECT COUNT(*) FROM events WHERE month = 'May',10317884,100
SELECT * FROM orders WHERE total > 14082,5964751,74
SELECT * FROM orders WHERE total > 34215,5736919,71
SELECT * FROM orders WHERE total > 37589,5001252,48
SELECT COUNT(*) FROM events WHERE month = 'May',9000307,97
SELECT * FROM users WHERE id = 33706,849664,6
SELECT COUNT(*) FROM events WHERE month = 'Jan',10860907,107
"SELECT * FROM users WHERE id IN (291, 323, 712, 372)",1194252,11
SELECT * FROM products WHERE category = 'books',1716435,16
SELECT * FROM orders WHERE total > 4983,4554058,46
"SELECT * FROM users WHERE id IN (930, 643, 221)",1353143,11
SELECT * FROM orders WHERE total > 17559,4319397,41
SELECT * FROM users WHERE id = 50124,874965,11
SELECT COUNT(*) FROM events WHERE month = 'Jan',11987252,115
SELECT * FROM users WHERE id IN (255),1007541,17
SELECT * FROM orders WHERE total > 61388,5410564,56
SELECT * FROM users WHERE id = 17022,994697,22
SELECT * FROM orders WHERE total > 40140,4399005,38
SELECT COUNT(*) FROM events WHERE month = 'Jun',11998471,117
SELECT * FROM orders WHERE total > 24979,5460718,61
SELECT * FROM users WHERE id = 10730,840907,7
SELECT * FROM users WHERE id = 295,997429,7
SELECT COUNT(*) FROM events WHERE month = 'Feb',9644141,99
SELECT * FROM users WHERE id = 37380,1068868,7
SELECT * FROM users WHERE id = 73065,1043108,23
SELECT * FROM users WHERE id = 27730,1009375,20
SELECT * FROM orders WHERE total > 64169,4171037,45
SELECT COUNT(*) FROM events WHERE month = 'Jan',10317665,115
SELECT * FROM users WHERE id = 55867,1177765,18
SELECT * FROM users WHERE id = 29881,1085816,17
SELECT * FROM orders WHERE total > 34418,4370035,45
SELECT COUNT(*) FROM events WHERE month = 'Feb',9299750,99
SELECT * FROM users WHERE id = 74669,1096954,15
SELECT * FROM products WHERE category = 'toys',2190306,22
SELECT * FROM users WHERE id = 54530,1131731,22
SELECT * FROM users WHERE id = 63224,867077,12
SELECT * FROM users WHERE id = 21451,954070,8
SELECT * FROM orders WHERE total > 29507,5107266,49
"SELECT name, email FROM users WHERE signup_date > '2025-03-15'",2622685,36
SELECT * FROM orders WHERE total > 73212,5394195,49
SELECT * FROM sessions WHERE duration > 28432,4349047,50
"SELECT * FROM users WHERE id IN (638, 330, 369)",1082798,16
SELECT * FROM users WHERE id = 83759,1140367,18
SELECT * FROM users WHERE id = 70970,1091280,21
SELECT * FROM users WHERE id = 52957,1143417,23
SELECT * FROM users WHERE id IN (424),1474377,15
SELECT * FROM orders WHERE total > 34486,4566266,58
SELECT * FROM products WHERE category = 'auto',1996805,21
SELECT * FROM users WHERE id = 68729,1022653,8
"SELECT name, email FROM users WHERE signup_date > '2025-03-15'",2760081,36
SELECT * FROM users WHERE id = 99826,1167105,16
SELECT * FROM orders WHERE total > 88971,4670691,42
SELECT * FROM sessions WHERE duration > 64705,4994400,64
SELECT COUNT(*) FROM events WHERE month = 'Apr',9077577,105
SELECT * FROM users WHERE id = 97382,1113393,9
SELECT * FROM orders WHERE total > 49785,4477692,43
SELECT * FROM users WHERE id = 44118,1048008,19
SELECT * FROM users WHERE id = 43052,1031172,9
SELECT * FROM users WHERE id IN (994),1322610,21
SELECT * FROM users WHERE id = 64018,967358,18
SELECT * FROM products WHERE category = 'books',2468908,29
SELECT COUNT(*) FROM events WHERE month = 'May',10005917,102
SELECT * FROM users WHERE id = 54310,1132364,15
SELECT * FROM products WHERE category = 'auto',2263692,37
SELECT * FROM orders WHERE total > 21801,4899117,59
SELECT * FROM users WHERE id = 6146,951425,5
SELECT COUNT(*) FROM events WHERE month = 'Mar',9968945,100
SELECT * FROM orders WHERE total > 16224,5600373,56
"SELECT * FROM users WHERE id IN (461, 530, 614)",1087033,13
SELECT * FROM orders WHERE total > 70685,4344138,57
SELECT * FROM orders WHERE total > 88772,4842192,55
SELECT * FROM products WHERE category = 'garden',2288096,32
SELECT * FROM products WHERE category = 'books',2417756,33
SELECT * FROM users WHERE id = 84362,938316,13
SELECT COUNT(*) FROM events WHERE month = 'Feb',11704033,118
SELECT * FROM users WHERE id = 42559,1051624,10
SELECT * FROM users WHERE id = 16492,1007655,5
SELECT * FROM users WHERE id = 90439,823555,7
SELECT * FROM products WHERE category = 'books',1644197,25
SELECT * FROM users WHERE id = 17876,945662,23
SELECT * FROM orders WHERE total > 38870,4054576,42
SELECT * FROM sessions WHERE duration > 95941,3108047,43
SELECT * FROM products WHERE category = 'electronics',2405436,35
SELECT * FROM users WHERE id = 88716,1044214,16
SELECT * FROM orders WHERE total > 98190,4911228,51
SELECT * FROM orders WHERE total > 14363,4547108,47
SELECT * FROM users WHERE id = 75099,1087143,25
"SELECT * FROM users WHERE id IN (702, 451)",1188564,6
SELECT * FROM users WHERE id IN (151),1194983,12
SELECT COUNT(*) FROM events WHERE month = 'Feb',10613959,111
SELECT * FROM sessions WHERE duration > 18505,3936587,37
"SELECT name, email FROM users WHERE signup_date > '2025-01-01'",2019067,35
SELECT * FROM orders WHERE total > 96726,4166038,50
"SELECT * FROM orders WHERE status IN ('returned', 'pending', 'delivered')",2657323,31
SELECT * FROM users WHERE id = 10877,879271,7
SELECT * FROM users WHERE id = 66067,1095111,8
SELECT * FROM users WHERE id = 8392,1010217,7
SELECT * FROM users WHERE id = 63276,1092852,11
SELECT * FROM users WHERE id = 14001,834921,19
SELECT COUNT(*) FROM events WHERE month = 'Mar',10691923,121
SELECT * FROM users WHERE id = 47741,1180793,24
SELECT * FROM orders WHERE total > 47146,5451611,51
SELECT * FROM users WHERE id = 14782,999132,20
SELECT * FROM products WHERE category = 'auto',2445765,23
SELECT * FROM orders WHERE total > 94292,5958319,73
SELECT COUNT(*) FROM events WHERE month = 'Jun',11823526,116
SELECT COUNT(*) FROM events WHERE month = 'Feb',11969013,124
SELECT * FROM users WHERE id = 61203,832267,14
SELECT * FROM orders WHERE total > 5220,5307886,57
SELECT COUNT(*) FROM events WHERE month = 'Mar',10292296,116
SELECT * FROM orders WHERE total > 27725,4022280,48
SELECT * FROM products WHERE category = 'toys',2012995,32
SELECT * FROM users WHERE id = 39765,1066103,24
SELECT * FROM orders WHERE total > 3506,4683704,55
SELECT * FROM orders WHERE total > 99569,5573576,65
SELECT * FROM orders WHERE total > 6889,5917109,55
SELECT * FROM users WHERE id = 47217,841275,22
SELECT COUNT(*) FROM events WHERE month = 'Jan',10305641,118
SELECT * FROM orders WHERE total > 42557,4128123,44
SELECT COUNT(*) FROM events WHERE month = 'Mar',10658571,114
SELECT * FROM users WHERE id = 66734,893317,22
SELECT * FROM users WHERE id = 87353,827305,7
SELECT COUNT(*) FROM events WHERE month = 'Jan',9443859,104
SELECT * FROM users WHERE id = 17844,915485,5
SELECT COUNT(*) FROM events WHERE month = 'Jun',9123145,97
SELECT * FROM orders WHERE total > 22463,5590159,63
"SELECT name, email FROM users WHERE signup_date > '2025-06-20'",2061727,28
SELECT * FROM orders WHERE total > 64168,4170795,40
SELECT * FROM products WHERE category = 'auto',1661810,20
SELECT * FROM users WHERE id = 5692,893797,18
SELECT * FROM users WHERE id = 68610,1016322,17
"SELECT * FROM users WHERE id IN (912, 703, 603)",1190773,15
"SELECT * FROM users WHERE id IN (924, 597, 427)",1393892,18
SELECT * FROM users WHERE id = 4193,969798,19
"SELECT * FROM orders WHERE status IN ('returned', 'cancelled', 'delivered', 'cancelled')",2258315,24
SELECT * FROM products WHERE category = 'auto',1929519,31
"SELECT * FROM users WHERE id IN (427, 651, 280)",1005235,12
SELECT * FROM users WHERE id = 4750,1153785,15
SELECT COUNT(*) FROM events WHERE month = 'Jan',11491552,109
SELECT * FROM users WHERE id = 40095,881237,6
SELECT COUNT(*) FROM events WHERE month = 'Apr',9162644,86
"SELECT name, email FROM users WHERE signup_date > '2025-03-15'",3216474,28
SELECT * FROM orders WHERE total > 520,4898635,52
"SELECT * FROM users WHERE id IN (911, 1)",1381356,26
SELECT * FROM users WHERE id = 39763,909879,11
SELECT * FROM users WHERE id = 66828,1131014,7
"SELECT * FROM users WHERE id IN (974, 473)",1177479,6
SELECT * FROM users WHERE id = 97349,936493,21
SELECT * FROM orders WHERE total > 88158,4166914,46
SELECT * FROM users WHERE id = 63133,1123475,18
"SELECT name, email FROM users WHERE signup_date > '2025-01-01'",3230610,45
SELECT * FROM orders WHERE total > 21380,4170133,53
SELECT * FROM sessions WHERE duration > 71359,4353836,38
SELECT * FROM sessions WHERE duration > 82944,3406644,45
SELECT * FROM products WHERE category = 'electronics',2305995,30
SELECT * FROM users WHERE id = 95978,900259,19
SELECT * FROM products WHERE category = 'toys',1971055,21
SELECT * FROM orders WHERE total > 69766,5629856,54
SELECT * FROM users WHERE id = 42847,1015842,14
SELECT * FROM users WHERE id = 98762,1056696,11
SELECT * FROM users WHERE id = 65615,897490,22
SELECT COUNT(*) FROM events WHERE month = 'Apr',11793186,124
SELECT * FROM users WHERE id = 23248,870438,20
SELECT * FROM users WHERE id = 39337,838958,11
SELECT COUNT(*) FROM events WHERE month = 'Mar',9866020,104
"SELECT user_id, SUM(total) FROM orders WHERE region = 'books' GROUP BY user_id",8868667,94
SELECT * FROM users WHERE id = 12814,820230,10
SELECT * FROM users WHERE id = 55138,1098913,12
SELECT * FROM users WHERE id = 51280,1096495,13
SELECT * FROM users WHERE id = 28324,965845,11
"SELECT name, email FROM users WHERE signup_date > '2025-09-10'",3891154,37
SELECT * FROM products WHERE category = 'books',2041382,19
SELECT * FROM orders WHERE total > 25031,4477679,48
SELECT * FROM products WHERE category = 'toys',1751088,30
SELECT * FROM users WHERE id = 84804,974072,7
SELECT * FROM orders WHERE total > 66059,4790529,59
SELECT * FROM sessions WHERE duration > 64538,3960324,44
SELECT * FROM users WHERE id = 60147,828034,8
SELECT * FROM users WHERE id = 84126,993022,10
SELECT * FROM orders WHERE total > 24894,5822385,70
SELECT * FROM users WHERE id = 22483,1003444,11
"SELECT user_id, SUM(total) FROM orders WHERE region = 'garden' GROUP BY user_id",9509474,96
SELECT * FROM users WHERE id = 44847,951938,14
SELECT * FROM users WHERE id = 70475,922304,15
SELECT * FROM users WHERE id = 59245,1123885,16
SELECT COUNT(*) FROM events WHERE month = 'Jun',9997765,95
SELECT * FROM users WHERE id = 8691,1014359,11
SELECT * FROM sessions WHERE duration > 79168,4527339,54
SELECT * FROM orders WHERE total > 42991,4276007,43
SELECT COUNT(*) FROM events WHERE month = 'Apr',9447424,106
SELECT * FROM users WHERE id = 80332,874571,21
SELECT * FROM orders WHERE total > 95691,5307096,67
SELECT COUNT(*) FROM events WHERE month = 'Mar',10075234,103
SELECT * FROM orders WHERE total > 38045,5539263,61
SELECT * FROM users WHERE id = 39225,885785,18
SELECT COUNT(*) FROM events WHERE month = 'Apr',9557632,101
"SELECT name, email FROM users WHERE signup_date > '2025-03-15'",3147640,39
SELECT * FROM orders WHERE total > 31641,4327632,45
SELECT * FROM orders WHERE total > 61142,5637973,52
SELECT * FROM orders WHERE total > 20370,4841743,59
SELECT * FROM users WHERE id = 31552,1132427,13
SELECT COUNT(*) FROM events WHERE month = 'Apr',10105086,113
SELECT * FROM orders WHERE total > 44864,5860318,58
SELECT * FROM users WHERE id = 80590,862529,19
SELECT * FROM users WHERE id = 92669,928998,17
SELECT * FROM orders WHERE status IN ('shipped'),2662222,34
SELECT * FROM users WHERE id = 90354,932144,12
SELECT * FROM orders WHERE total > 17967,5551751,58
SELECT COUNT(*) FROM events WHERE month = 'Apr',10878392,123
SELECT COUNT(*) FROM events WHERE month = 'Mar',10839640,112
"SELECT * FROM users WHERE id IN (845, 98, 293)",1092600,19
SELECT * FROM users WHERE id = 88266,990665,11
SELECT * FROM users WHERE id = 8286,941774,14
SELECT * FROM users WHERE id = 14765,1062857,6
SELECT * FROM users WHERE id = 87809,806319,6
SELECT * FROM users WHERE id = 95408,953180,12
SELECT * FROM sessions WHERE duration > 26491,4964183,57
SELECT * FROM users WHERE id = 21951,1030787,24
SELECT * FROM users WHERE id = 10510,862589,14
"SELECT name, email FROM users WHERE signup_date > '2025-09-10'",3267815,46
SELECT * FROM users WHERE id = 76706,983716,10
SELECT * FROM orders WHERE total > 14218,5554934,57
SELECT * FROM products WHERE category = 'toys',2250293,28
SELECT * FROM users WHERE id = 86651,956939,5
SELECT * FROM users WHERE id = 39076,1130095,19
SELECT * FROM users WHERE id = 88558,1150090,17
SELECT * FROM orders WHERE total > 45713,4553541,46
"SELECT * FROM orders WHERE status IN ('shipped', 'returned')",2244044,33
"SELECT user_id, SUM(total) FROM orders WHERE region = 'garden' GROUP BY user_id",9479231,98
SELECT COUNT(*) FROM events WHERE month = 'Feb',10737718,114
"SELECT * FROM users WHERE id IN (194, 673, 848)",1273124,17
SELECT * FROM orders WHERE total > 86732,5782878,54
SELECT COUNT(*) FROM events WHERE month = 'Jan',9111162,98
SELECT * FROM users WHERE id = 15100,800257,17
SELECT * FROM users WHERE id = 7466,959309,4
SELECT * FROM users WHERE id = 93540,872729,5
SELECT * FROM users WHERE id = 36574,1030760,11
SELECT * FROM users WHERE id = 21610,1093364,16
SELECT * FROM orders WHERE total > 27476,4970374,48
"SELECT * FROM users WHERE id IN (384, 445)",1227816,13
SELECT COUNT(*) FROM events WHERE month = 'May',11265619,111
"SELECT name, email FROM users WHERE signup_date > '2025-09-10'",2652002,41
SELECT * FROM orders WHERE total > 65752,4039630,40
SELECT COUNT(*) FROM events WHERE month = 'Mar',10451681,103
"SELECT * FROM orders WHERE status IN ('pending', 'returned')",2866320,39
SELECT * FROM users WHERE id = 99950,835728,15
SELECT * FROM users WHERE id = 88631,1168002,23
SELECT * FROM users WHERE id = 52705,897931,3
SELECT * FROM products WHERE category = 'garden',2443485,35
SELECT * FROM orders WHERE total > 21207,4468898,42
SELECT * FROM users WHERE id = 57748,825470,16
SELECT * FROM orders WHERE total > 86784,4959678,50
SELECT * FROM users WHERE id = 86334,1099767,5
SELECT COUNT(*) FROM events WHERE month = 'Mar',9529954,97
SELECT * FROM orders WHERE total > 42350,5430214,57
"SELECT name, email FROM users WHERE signup_date > '2025-01-01'",2626742,26
SELECT * FROM users WHERE id = 24296,1153515,25
"SELECT * FROM users WHERE id IN (990, 964)",1409799,13
SELECT * FROM orders WHERE total > 52275,5275101,67
SELECT * FROM sessions WHERE duration > 13033,3998375,53
"SELECT user_id, SUM(total) FROM orders WHERE region = 'books' GROUP BY user_id",7215791,72
SELECT * FROM users WHERE id = 49779,982693,22
"SELECT * FROM users WHERE id IN (591, 853, 561, 684)",1292885,18
SELECT * FROM users WHERE id = 25482,1161943,26
SELECT * FROM users WHERE id = 14304,982380,11
SELECT * FROM orders WHERE total > 11796,4661993,44
SELECT * FROM sessions WHERE duration > 92157,4498246,59
"SELECT * FROM users WHERE id IN (142, 306, 280, 837)",1000751,9
"SELECT * FROM orders WHERE status IN ('delivered', 'pending', 'pending', 'pending')",2079647,22
SELECT * FROM orders WHERE total > 64731,5793276,61
"SELECT * FROM orders WHERE status IN ('pending', 'cancelled', 'cancelled')",2820296,41
SELECT COUNT(*) FROM events WHERE month = 'Mar',10681834,116
SELECT * FROM users WHERE id = 11504,1109761,11
"SELECT * FROM orders WHERE status IN ('delivered', 'delivered', 'cancelled')",2884649,36
SELECT * FROM users WHERE id = 29226,1011869,18
SELECT * FROM orders WHERE total > 88664,4923545,61
SELECT * FROM users WHERE id = 19431,1124151,19
SELECT * FROM products WHERE category = 'auto',1929207,21
SELECT * FROM sessions WHERE duration > 49212,3576842,45
"SELECT * FROM users WHERE id IN (820, 890, 300)",1206731,18
SELECT * FROM orders WHERE total > 92966,4558282,45
SELECT * FROM users WHERE id = 29588,969908,10
SELECT * FROM users WHERE id = 83677,881724,22
SELECT COUNT(*) FROM events WHERE month = 'Mar',9701009,107
"SELECT * FROM users WHERE id IN (429, 329, 192, 99)",1274160,22
SELECT * FROM orders WHERE total > 19999,4994879,48
SELECT COUNT(*) FROM events WHERE month = 'May',9578279,91
SELECT COUNT(*) FROM events WHERE month = 'Apr',10291845,109
"SELECT name, email FROM users WHERE signup_date > '2025-06-20'",3967990,40
SELECT COUNT(*) FROM events WHERE month = 'Jan',10393542,118
"SELECT * FROM users WHERE id IN (205, 214, 380)",1267203,7
SELECT * FROM users WHERE id IN (963),1265127,15
"SELECT user_id, SUM(total) FROM orders WHERE region = 'garden' GROUP BY user_id",7669402,72
"SELECT user_id, SUM(total) FROM orders WHERE region = 'electronics' GROUP BY user_id",7346394,85
SELECT * FROM users WHERE id = 91715,1007329,9
SELECT * FROM orders WHERE total > 11355,4267163,38
SELECT * FROM users WHERE id = 66006,824347,9
SELECT COUNT(*) FROM events WHERE month = 'May',9553151,92
SELECT * FROM orders WHERE total > 7340,5964019,63
SELECT * FROM users WHERE id = 66313,970691,15
SELECT * FROM users WHERE id = 10374,918588,6
SELECT * FROM products WHERE category = 'auto',2025484,32
SELECT * FROM orders WHERE total > 44644,5199514,63
SELECT * FROM users WHERE id = 99006,1026425,8
SELECT * FROM users WHERE id = 72188,1169513,10
"SELECT * FROM orders WHERE status IN ('delivered', 'returned', 'shipped', 'shipped')",2313765,29
"SELECT name, email FROM users WHERE signup_date > '2025-03-15'",2692410,28
SELECT * FROM users WHERE id = 2320,928399,19
SELECT * FROM orders WHERE total > 32012,5752321,67
"SELECT name, email FROM users WHERE signup_date > '2025-06-20'",3720384,47
SELECT * FROM orders WHERE total > 76824,5680773,62
SELECT * FROM users WHERE id = 92698,1149394,17
SELECT * FROM users WHERE id = 16281,1181268,25
"SELECT * FROM orders WHERE status IN ('shipped', 'returned', 'shipped')",2799650,25
SELECT * FROM users WHERE id = 95055,1188091,6
SELECT * FROM users WHERE id = 49527,993172,15
SELECT * FROM users WHERE id = 76313,994136,19
SELECT * FROM users WHERE id = 69558,1031454,25
SELECT * FROM users WHERE id = 94316,1120742,19
SELECT * FROM users WHERE id = 52690,1116104,7
SELECT * FROM users WHERE id = 20137,849545,22
SELECT * FROM orders WHERE total > 33968,4014484,36
"SELECT user_id, SUM(total) FROM orders WHERE region = 'auto' GROUP BY user_id",9598251,94
SELECT * FROM sessions WHERE duration > 16233,3073434,32
SELECT COUNT(*) FROM events WHERE month = 'May',11145750,121
SELECT * FROM orders WHERE total > 169,5048695,63
SELECT * FROM users WHERE id = 56801,861260,3
SELECT * FROM users WHERE id = 79224,883080,21
"SELECT user_id, SUM(total) FROM orders WHERE region = 'books' GROUP BY user_id",9151185,87
"SELECT name, email FROM users WHERE signup_date > '2025-01-01'",2027719,22
"SELECT * FROM orders WHERE status IN ('cancelled', 'cancelled')",2972938,27
SELECT * FROM users WHERE id = 5140,1151189,19
"SELECT * FROM users WHERE id IN (596, 544)",1101303,24
SELECT COUNT(*) FROM events WHERE month = 'Feb',9360079,92
SELECT * FROM users WHERE id = 55236,811885,22
SELECT * FROM sessions WHERE duration > 12193,4269532,46
"SELECT * FROM orders WHERE status IN ('pending', 'delivered')",2052206,25
SELECT * FROM orders WHERE total > 74666,4397068,54
SELECT COUNT(*) FROM events WHERE month = 'Jan',10324000,110
"SELECT user_id, SUM(total) FROM orders WHERE region = 'electronics' GROUP BY user_id",7020916,67
SELECT * FROM users WHERE id = 15560,1169359,13
"SELECT name, email FROM users WHERE signup_date > '2025-03-15'",3019518,39
SELECT * FROM orders WHERE total > 27699,5582785,53
SELECT * FROM users WHERE id IN (198),1133635,19
"SELECT name, email FROM users WHERE signup_date > '2025-01-01'",3721728,44
SELECT * FROM orders WHERE total > 87470,4057958,46
SELECT * FROM users WHERE id = 82688,1108851,9
SELECT * FROM users WHERE id = 48707,1195915,18
SELECT * FROM users WHERE id = 86183,855534,23
SELECT * FROM users WHERE id = 67721,1196827,26
"SELECT * FROM users WHERE id IN (404, 84, 127)",1444315,26
SELECT * FROM products WHERE category = 'garden',1591567,12
SELECT * FROM users WHERE id = 37567,1051042,25
SELECT * FROM products WHERE category = 'toys',2173536,31
"SELECT name, email FROM users WHERE signup_date > '2025-03-15'",3153467,34
SELECT * FROM orders WHERE total > 59335,4550350,50
SELECT * FROM users WHERE id = 45994,987937,16
SELECT * FROM users WHERE id = 88997,871153,10
SELECT * FROM users WHERE id = 17892,1174809,15
SELECT * FROM products WHERE category = 'books',2098707,21
SELECT * FROM users WHERE id = 89380,957639,6
SELECT * FROM orders WHERE total > 64374,4629695,47
SELECT * FROM users WHERE id = 9981,984611,9
SELECT * FROM orders WHERE total > 36789,5329253,61
SELECT * FROM users WHERE id = 61006,1017040,15
SELECT * FROM users WHERE id = 53370,1183302,25
SELECT * FROM sessions WHERE duration > 40131,3928878,49
SELECT * FROM orders WHERE total > 67072,5537830,69
SELECT * FROM users WHERE id = 43684,1038897,9
SELECT * FROM products WHERE category = 'auto',1621218,11
SELECT * FROM users WHERE id = 52954,885298,17
"SELECT * FROM orders WHERE status IN ('shipped', 'returned', 'shipped')",2600538,33
SELECT * FROM orders WHERE total > 495,4210699,55
SELECT COUNT(*) FROM events WHERE month = 'Apr',11979935,118
SELECT * FROM users WHERE id = 70343,921057,5
SELECT * FROM orders WHERE total > 20780,4485826,42
SELECT * FROM users WHERE id = 46215,997478,21
SELECT * FROM users WHERE id = 14258,1096304,6
SELECT * FROM users WHERE id = 31690,1141307,14
"SELECT * FROM orders WHERE status IN ('cancelled', 'shipped', 'delivered')",2793955,40
SELECT COUNT(*) FROM events WHERE month = 'Jan',10074876,99
"SELECT * FROM orders WHERE status IN ('shipped', 'delivered', 'cancelled')",2142896,18
SELECT COUNT(*) FROM events WHERE month = 'Jan',9234839,103
SELECT * FROM users WHERE id = 60747,1019451,13
SELECT * FROM users WHERE id = 31466,985864,4
SELECT COUNT(*) FROM events WHERE month = 'Jan',9937171,107
SELECT * FROM users WHERE id = 54917,1184880,10
SELECT COUNT(*) FROM events WHERE month = 'Feb',10822428,114
"SELECT * FROM users WHERE id IN (368, 602)",1432031,18
SELECT * FROM orders WHERE total > 27393,5864533,71
SELECT * FROM users WHERE id = 34476,946491,8
SELECT * FROM users WHERE id = 68922,847039,21
"SELECT * FROM users WHERE id IN (741, 193)",1241055,18
SELECT * FROM users WHERE id = 64444,818613,19
"SELECT * FROM users WHERE id IN (548, 601, 620, 732)",1273688,7
SELECT * FROM users WHERE id = 87554,1139303,23
SELECT COUNT(*) FROM events WHERE month = 'Mar',9274886,93
SELECT * FROM users WHERE id = 92289,1146604,15
SELECT * FROM users WHERE id = 52626,829575,20
"SELECT user_id, SUM(total) FROM orders WHERE region = 'books' GROUP BY user_id",8978580,97
SELECT * FROM products WHERE category = 'electronics',2293592,37
SELECT * FROM users WHERE id = 74701,1103748,13
SELECT * FROM users WHERE id = 911,878668,17
SELECT * FROM users WHERE id = 70990,1057171,19
SELECT * FROM users WHERE id = 34468,1018444,5
"SELECT name, email FROM users WHERE signup_date > '2025-03-15'",3301836,44
SELECT COUNT(*) FROM events WHERE month = 'Jun',11783011,119
SELECT COUNT(*) FROM events WHERE month = 'Feb',10543720,106
SELECT * FROM products WHERE category = 'garden',1562645,18
SELECT * FROM orders WHERE total > 27174,4480244,47
SELECT * FROM orders WHERE total > 5150,5456612,52
SELECT COUNT(*) FROM events WHERE month = 'Mar',10073445,115
"SELECT name, email FROM users WHERE signup_date > '2025-03-15'",2485152,25
SELECT * FROM orders WHERE total > 9348,4203827,38
SELECT * FROM users WHERE id = 15461,1188986,25
SELECT * FROM users WHERE id = 81594,843448,9
SELECT * FROM orders WHERE total > 42129,4234747,51
SELECT COUNT(*) FROM events WHERE month = 'Mar',10232067,102
SELECT COUNT(*) FROM events WHERE month = 'Feb',9351043,107
"SELECT user_id, SUM(total) FROM orders WHERE region = 'electronics' GROUP BY user_id",7654925,88
SELECT * FROM users WHERE id = 31264,905949,23
SELECT * FROM users WHERE id = 43234,1129031,21
SELECT * FROM orders WHERE total > 67644,5505881,69
SELECT COUNT(*) FROM events WHERE month = 'Feb',11473109,125
SELECT * FROM users WHERE id = 29301,1024249,22
SELECT * FROM orders WHERE total > 91168,4375252,57
"SELECT name, email FROM users WHERE signup_date > '2025-03-15'",2384991,32
SELECT * FROM users WHERE id = 94330,1162844,22
SELECT * FROM users WHERE id = 9752,899000,9
SELECT * FROM users WHERE id = 11596,945705,19
SELECT * FROM users WHERE id = 80777,804480,15
SELECT * FROM orders WHERE total > 49640,5611295,56
SELECT * FROM orders WHERE total > 21753,5153056,48
SELECT * FROM products WHERE category = 'electronics',2450768,27
SELECT * FROM users WHERE id = 70778,883612,18
SELECT * FROM products WHERE category = 'books',1655303,27
SELECT * FROM users WHERE id = 58966,985686,17
SELECT COUNT(*) FROM events WHERE month = 'Mar',10109579,113
SELECT * FROM sessions WHERE duration > 69724,3943373,39
SELECT * FROM orders WHERE total > 16033,4998981,55
"SELECT * FROM users WHERE id IN (154, 647, 28, 730)",1214555,14
SELECT COUNT(*) FROM events WHERE month = 'May',11904270,120
SELECT * FROM users WHERE id = 69449,981412,22
"SELECT * FROM users WHERE id IN (811, 826, 898, 966, 671)",1210999,23
SELECT * FROM users WHERE id = 30185,1022120,24
SELECT * FROM users WHERE id = 17922,882711,12
"SELECT user_id, SUM(total) FROM orders WHERE region = 'auto' GROUP BY user_id",9229322,89
SELECT * FROM users WHERE id = 35562,843081,18
SELECT * FROM orders WHERE total > 78093,4896997,57
"SELECT * FROM users WHERE id IN (454, 379, 474)",1025750,6
SELECT COUNT(*) FROM events WHERE month = 'Feb',9559620,106
SELECT COUNT(*) FROM events WHERE month = 'May',9835936,101
SELECT COUNT(*) FROM events WHERE month = 'May',9924196,97
SELECT * FROM users WHERE id = 97625,937913,13
SELECT * FROM users WHERE id = 43089,1194383,26
SELECT COUNT(*) FROM events WHERE month = 'Mar',9196991,103
"SELECT name, email FROM users WHERE signup_date > '2025-06-20'",3343386,41
"SELECT name, email FROM users WHERE signup_date > '2025-06-20'",2784624,32
SELECT * FROM users WHERE id = 22579,1117685,9
SELECT * FROM products WHERE category = 'books',2319375,31
SELECT COUNT(*) FROM events WHERE month = 'May',10312141,117
"SELECT user_id, SUM(total) FROM orders WHERE region = 'electronics' GROUP BY user_id",9514777,110
SELECT * FROM orders WHERE total > 22052,4178271,40
SELECT * FROM users WHERE id = 73330,1117000,22
SELECT * FROM users WHERE id = 49500,976518,19
SELECT COUNT(*) FROM events WHERE month = 'Feb',9418404,97
SELECT COUNT(*) FROM events WHERE month = 'Mar',11600720,130
SELECT * FROM orders WHERE total > 68477,4963237,56
SELECT * FROM users WHERE id = 59072,1067041,23
SELECT * FROM users WHERE id = 44035,883042,16
SELECT * FROM users WHERE id = 27631,1082912,5
SELECT * FROM orders WHERE total > 12494,5972464,54
SELECT * FROM orders WHERE total > 69098,5630309,63
"SELECT name, email FROM users WHERE signup_date > '2025-01-01'",2786506,41
SELECT * FROM users WHERE id = 49334,813085,22
SELECT COUNT(*) FROM events WHERE month = 'Feb',9517936,110
"SELECT * FROM users WHERE id IN (675, 72, 774, 741)",1287764,19
SELECT * FROM users WHERE id = 68890,1001314,15
"SELECT * FROM users WHERE id IN (180, 418, 415, 329, 624)",1075593,23
SELECT * FROM orders WHERE total > 35195,4097910,42
SELECT * FROM users WHERE id = 64598,838373,12
SELECT * FROM users WHERE id = 77559,917995,16
SELECT * FROM orders WHERE total > 94099,4519540,45
SELECT * FROM users WHERE id = 3094,831145,14
SELECT * FROM users WHERE id = 78969,1059883,12
SELECT COUNT(*) FROM events WHERE month = 'Feb',11859474,116
SELECT * FROM users WHERE id = 23414,1161748,9
SELECT * FROM users WHERE id IN (33),1354405,25
SELECT * FROM users WHERE id = 96238,1009841,8
"SELECT * FROM users WHERE id IN (132, 909)",1366622,10
SELECT COUNT(*) FROM events WHERE month = 'Feb',10330156,113
SELECT COUNT(*) FROM events WHERE month = 'Feb',9336679,97
SELECT * FROM users WHERE id = 31407,1060129,21
SELECT COUNT(*) FROM events WHERE month = 'Apr',11939765,124
SELECT * FROM users WHERE id = 5785,996168,15
"SELECT user_id, SUM(total) FROM orders WHERE region = 'books' GROUP BY user_id",9461211,108
SELECT * FROM users WHERE id = 9928,954142,11
SELECT COUNT(*) FROM events WHERE month = 'May',11314214,120
SELECT * FROM orders WHERE total > 39669,5637694,61
SELECT * FROM users WHERE id = 40877,815030,5
"SELECT user_id, SUM(total) FROM orders WHERE region = 'garden' GROUP BY user_id",8328479,93
SELECT * FROM orders WHERE total > 22730,5717968,69
SELECT * FROM users WHERE id = 44898,1064033,16
SELECT * FROM orders WHERE total > 26594,4427661,40
"SELECT * FROM users WHERE id IN (840, 872)",1017099,10
SELECT COUNT(*) FROM events WHERE month = 'May',9637325,100
"SELECT * FROM users WHERE id IN (460, 680, 958, 566, 299)",1459810,14
SELECT * FROM users WHERE id = 90492,1041878,24
SELECT * FROM orders WHERE total > 26642,4196414,43
SELECT * FROM users WHERE id = 65768,1018944,9
"SELECT * FROM users WHERE id IN (918, 793, 578, 587)",1406852,14
SELECT COUNT(*) FROM events WHERE month = 'Jan',9996404,101
SELECT COUNT(*) FROM events WHERE month = 'Jun',10228879,115
"SELECT user_id, SUM(total) FROM orders WHERE region = 'electronics' GROUP BY user_id",9515394,99
SELECT * FROM users WHERE id = 13796,1088128,8
SELECT * FROM users WHERE id = 55568,1171966,20
SELECT * FROM orders WHERE total > 49035,4149109,55
SELECT * FROM orders WHERE total > 33935,5705918,57
"SELECT name, email FROM users WHERE signup_date > '2025-03-15'",3562320,40
SELECT COUNT(*) FROM events WHERE month = 'Mar',11836484,125
SELECT * FROM products WHERE category = 'auto',1511331,21
"SELECT * FROM orders WHERE status IN ('delivered', 'cancelled', 'pending')",2910117,31
SELECT COUNT(*) FROM events WHERE month = 'Apr',9036144,85
SELECT * FROM products WHERE category = 'garden',2453016,38
SELECT * FROM products WHERE category = 'books',1608323,31
SELECT COUNT(*) FROM events WHERE month = 'Mar',11607509,126
SELECT * FROM users WHERE id = 50891,912210,20
SELECT * FROM sessions WHERE duration > 9363,4461029,40
"SELECT * FROM users WHERE id IN (860, 946, 471, 622, 541)",1201122,25
"SELECT * FROM users WHERE id IN (37, 116, 61)",1164392,16
SELECT * FROM orders WHERE total > 64612,5987159,62
SELECT * FROM users WHERE id = 96704,821996,14
"SELECT * FROM users WHERE id IN (673, 968, 822, 316)",1215739,20
SELECT * FROM orders WHERE total > 75360,5350953,51
SELECT * FROM users WHERE id = 11434,1114022,26
SELECT COUNT(*) FROM events WHERE month = 'Jan',10774589,111
SELECT * FROM users WHERE id = 5492,992730,14
SELECT * FROM products WHERE category = 'electronics',2243482,29
SELECT * FROM orders WHERE total > 98137,5216469,54
"SELECT * FROM users WHERE id IN (634, 682, 320)",1124021,22
SELECT * FROM users WHERE id = 76980,1067920,10
"SELECT * FROM orders WHERE status IN ('cancelled', 'cancelled')",2735614,23
SELECT COUNT(*) FROM events WHERE month = 'Feb',11758497,124
"SELECT name, email FROM users WHERE signup_date > '2025-01-01'",2374717,18
SELECT COUNT(*) FROM events WHERE month = 'Jan',9030530,88
SELECT * FROM users WHERE id = 76582,987076,24
SELECT COUNT(*) FROM events WHERE month = 'Feb',10128619,99
SELECT * FROM orders WHERE total > 52566,5484749,50
SELECT * FROM orders WHERE total > 57344,5422928,66
SELECT * FROM sessions WHERE duration > 82759,3743482,35
SELECT * FROM users WHERE id = 65037,1199445,18
SELECT * FROM orders WHERE total > 33270,4961061,51
SELECT * FROM users WHERE id = 4092,1138207,25
SELECT * FROM orders WHERE total > 35462,5754236,61
SELECT * FROM users WHERE id = 56465,812188,10
SELECT COUNT(*) FROM events WHERE month = 'Jun',11630348,131
SELECT * FROM orders WHERE total > 60567,5599467,68
SELECT * FROM orders WHERE total > 64627,5652234,71
SELECT COUNT(*) FROM events WHERE month = 'Jun',9962074,109
SELECT * FROM products WHERE category = 'books',2454848,27
SELECT COUNT(*) FROM events WHERE month = 'Feb',10724494,122
SELECT * FROM orders WHERE total > 99058,4987763,46
SELECT * FROM users WHERE id = 75082,923439,24
SELECT COUNT(*) FROM events WHERE month = 'Mar',11982284,115
SELECT * FROM users WHERE id = 39717,970333,15
SELECT * FROM users WHERE id = 28570,1099297,11
SELECT COUNT(*) FROM events WHERE month = 'Feb',10139311,109
SELECT * FROM users WHERE id = 89904,991071,20
SELECT * FROM orders WHERE total > 19436,4744659,51
SELECT * FROM orders WHERE total > 66825,5069074,50
"SELECT * FROM users WHERE id IN (503, 787)",1082631,19
SELECT * FROM users WHERE id = 70319,946592,20
"SELECT * FROM orders WHERE status IN ('pending', 'shipped', 'delivered', 'pending')",2013667,19
SELECT * FROM orders WHERE total > 15724,5538246,50
SELECT * FROM orders WHERE total > 78826,4172400,53
SELECT * FROM orders WHERE total > 19716,5930049,71
SELECT COUNT(*) FROM events WHERE month = 'Apr',9787313,93
SELECT * FROM products WHERE category = 'electronics',1737988,14
SELECT * FROM users WHERE id = 70669,1077818,8
SELECT * FROM sessions WHERE duration > 70664,3179086,30
SELECT * FROM sessions WHERE duration > 50745,3177598,34
SELECT * FROM orders WHERE total > 96126,4484726,54
SELECT * FROM users WHERE id = 68875,1058640,14
SELECT * FROM products WHERE category = 'electronics',2025204,31
SELECT * FROM orders WHERE total > 83852,5948484,70
SELECT * FROM products WHERE category = 'toys',1628038,31
SELECT * FROM users WHERE id = 8211,1119307,10
SELECT COUNT(*) FROM events WHERE month = 'Feb',11854370,130
SELECT * FROM users WHERE id = 24548,818040,11
"SELECT user_id, SUM(total) FROM orders WHERE region = 'garden' GROUP BY user_id",8941688,90
"SELECT name, email FROM users WHERE signup_date > '2025-03-15'",2131734,19
SELECT COUNT(*) FROM events WHERE month = 'Jan',10604341,121
SELECT * FROM orders WHERE total > 72417,4211460,38
SELECT * FROM orders WHERE total > 30653,5897634,55
SELECT * FROM products WHERE category = 'toys',2030621,15
SELECT * FROM orders WHERE total > 78001,4446411,45
SELECT * FROM products WHERE category = 'toys',2298036,37
SELECT * FROM products WHERE category = 'books',1999556,25
SELECT * FROM orders WHERE total > 29142,4212273,50
SELECT * FROM products WHERE category = 'garden',2132386,23
"SELECT user_id, SUM(total) FROM orders WHERE region = 'electronics' GROUP BY user_id",7448810,74
SELECT * FROM orders WHERE total > 75129,4182168,38
"SELECT user_id, SUM(total) FROM orders WHERE region = 'garden' GROUP BY user_id",8463999,88
SELECT COUNT(*) FROM events WHERE month = 'May',10786444,115
SELECT * FROM users WHERE id = 2094,816996,23
SELECT * FROM users WHERE id = 79118,1074365,7
SELECT * FROM users WHERE id = 73318,884060,9
SELECT * FROM orders WHERE total > 6570,5857507,56
"SELECT * FROM users WHERE id IN (595, 541, 624)",1427517,14
SELECT * FROM orders WHERE total > 86351,4567298,50
SELECT * FROM users WHERE id IN (882),1234073,15
SELECT * FROM sessions WHERE duration > 26497,4748638,57
"SELECT name, email FROM users WHERE signup_date > '2025-03-15'",2222120,21
SELECT * FROM orders WHERE total > 60536,4958451,49
SELECT * FROM users WHERE id = 23658,889895,10
"SELECT * FROM orders WHERE status IN ('shipped', 'cancelled', 'returned', 'returned')",2550479,34
SELECT * FROM orders WHERE total > 93147,4643106,55
SELECT * FROM orders WHERE total > 87528,4848140,50
SELECT * FROM users WHERE id = 12676,819814,12
SELECT * FROM orders WHERE total > 24666,4562460,56
SELECT COUNT(*) FROM events WHERE month = 'Jan',10237675,105
SELECT * FROM sessions WHERE duration > 35797,3791365,38
SELECT * FROM orders WHERE total > 46593,5338712,48
SELECT * FROM users WHERE id = 15076,1190709,6
"SELECT * FROM users WHERE id IN (663, 95)",1297203,12
"SELECT name, email FROM users WHERE signup_date > '2025-09-10'",2704949,34
"SELECT * FROM users WHERE id IN (921, 148, 141)",1089115,19
SELECT COUNT(*) FROM events WHERE month = 'Jan',11416393,128
SELECT * FROM orders WHERE total > 21401,4464991,54
SELECT * FROM users WHERE id = 88882,879087,9
SELECT * FROM users WHERE id = 58107,1116371,19
SELECT COUNT(*) FROM events WHERE month = 'May',10151946,107
SELECT COUNT(*) FROM events WHERE month = 'May',9094397,103
SELECT * FROM orders WHERE total > 78620,5024346,61
SELECT * FROM orders WHERE total > 41951,4130217,52
SELECT * FROM users WHERE id = 32227,1171232,17
SELECT * FROM products WHERE category = 'electronics',1644634,15
"SELECT * FROM users WHERE id IN (647, 204, 647, 490, 870)",1364681,8
SELECT * FROM users WHERE id = 65973,1131879,16
SELECT COUNT(*) FROM events WHERE month = 'Jun',10593078,113
SELECT * FROM users WHERE id = 77666,1138606,24
SELECT * FROM users WHERE id = 37436,1070450,15
SELECT * FROM users WHERE id = 63145,1047111,12
SELECT * FROM users WHERE id = 82200,1185949,16
SELECT * FROM orders WHERE total > 76726,5009633,62
SELECT * FROM users WHERE id = 17600,1097035,11
SELECT * FROM users WHERE id = 36510,1028674,8
"SELECT * FROM orders WHERE status IN ('shipped', 'delivered', 'pending')",2454209,32
"SELECT user_id, SUM(total) FROM orders WHERE region = 'toys' GROUP BY user_id",9879889,93
"SELECT user_id, SUM(total) FROM orders WHERE region = 'books' GROUP BY user_id",9429403,97
SELECT * FROM users WHERE id = 46574,1112097,25
"SELECT name, email FROM users WHERE signup_date > '2025-06-20'",3894721,49
SELECT * FROM users WHERE id = 15100,841288,3
SELECT COUNT(*) FROM events WHERE month = 'Feb',10316549,103
SELECT COUNT(*) FROM events WHERE month = 'Jun',11872254,117
SELECT * FROM orders WHERE total > 38204,5252777,66
SELECT COUNT(*) FROM events WHERE month = 'Jan',11013444,115
"SELECT * FROM orders WHERE status IN ('delivered', 'shipped', 'shipped')",2348460,21
SELECT * FROM orders WHERE total > 41890,5488468,68
SELECT * FROM orders WHERE total > 52741,4238352,50
SELECT * FROM users WHERE id = 78620,1015907,19
SELECT * FROM orders WHERE total > 54103,5265143,50
SELECT COUNT(*) FROM events WHERE month = 'Mar',10497681,104
SELECT * FROM orders WHERE total > 54104,5119349,56
SELECT * FROM users WHERE id = 93297,1079540,13
SELECT * FROM users WHERE id = 65178,1051455,12
SELECT * FROM users WHERE id = 1049,1046091,14
SELECT COUNT(*) FROM events WHERE month = 'May',10960194,109
SELECT * FROM orders WHERE total > 6494,5387951,58
"SELECT name, email FROM users WHERE signup_date > '2025-01-01'",2226532,37
SELECT * FROM orders WHERE total > 62467,4528582,59
SELECT * FROM users WHERE id IN (279),1273230,24
SELECT * FROM orders WHERE total > 13690,4444624,58
"SELECT * FROM orders WHERE status IN ('cancelled', 'cancelled', 'returned', 'cancelled')",2891480,34
"SELECT user_id, SUM(total) FROM orders WHERE region = 'books' GROUP BY user_id",8148478,78
SELECT * FROM products WHERE category = 'auto',2151051,36
"SELECT * FROM orders WHERE status IN ('delivered', 'pending', 'shipped')",2237768,31
SELECT * FROM orders WHERE total > 44041,5979444,68
SELECT * FROM orders WHERE total > 90155,5619981,64
SELECT * FROM users WHERE id = 71469,931058,7
SELECT * FROM products WHERE category = 'garden',1951650,21
SELECT * FROM users WHERE id = 88994,1066030,14
SELECT * FROM users WHERE id = 72457,1092563,17
SELECT * FROM users WHERE id = 85626,1088147,11
SELECT COUNT(*) FROM events WHERE month = 'May',10704656,112
SELECT * FROM users WHERE id = 64718,1007059,14
SELECT * FROM users WHERE id = 90551,800055,22
SELECT * FROM users WHERE id = 57271,809541,13
SELECT * FROM users WHERE id = 96020,1027698,24
SELECT * FROM users WHERE id = 9408,1199742,19
SELECT * FROM users WHERE id = 79633,1156148,6
SELECT * FROM users WHERE id = 16513,971677,12
SELECT * FROM orders WHERE total > 5619,4092360,47
"SELECT * FROM orders WHERE status IN ('shipped', 'pending', 'returned', 'pending')",2617409,29
SELECT COUNT(*) FROM events WHERE month = 'Feb',11855540,114
"SELECT * FROM orders WHERE status IN ('returned', 'shipped', 'cancelled')",2857080,37
"SELECT name, email FROM users WHERE signup_date > '2025-01-01'",2039681,16
SELECT * FROM users WHERE id IN (411),1053263,15
SELECT COUNT(*) FROM events WHERE month = 'Mar',9696895,93
SELECT * FROM orders WHERE total > 77453,5651866,70
SELECT * FROM users WHERE id = 93491,809329,19
SELECT * FROM users WHERE id = 8039,1117911,21
SELECT * FROM orders WHERE total > 53278,5823164,73
SELECT * FROM users WHERE id = 89728,974040,4
"SELECT name, email FROM users WHERE signup_date > '2025-01-01'",3730560,38
SELECT * FROM orders WHERE total > 38995,4565721,41
SELECT * FROM users WHERE id = 43215,1047990,17
"SELECT name, email FROM users WHERE signup_date > '2025-09-10'",2730085,42
SELECT COUNT(*) FROM events WHERE month = 'Apr',10476356,112
SELECT * FROM orders WHERE total > 22497,5132132,57
SELECT * FROM users WHERE id = 23018,1164757,24
SELECT * FROM users WHERE id = 5560,872847,10
SELECT COUNT(*) FROM events WHERE month = 'May',11452719,119
SELECT * FROM users WHERE id = 33209,916764,10
SELECT * FROM orders WHERE total > 72124,5313924,49
"SELECT user_id, SUM(total) FROM orders WHERE region = 'toys' GROUP BY user_id",7799986,87
SELECT * FROM sessions WHERE duration > 35748,4881334,61
SELECT * FROM orders WHERE total > 51287,5732381,70
SELECT * FROM users WHERE id = 3837,1061740,15
SELECT * FROM orders WHERE total > 97922,4048864,43
SELECT * FROM products WHERE category = 'toys',2430087,30
"SELECT * FROM orders WHERE status IN ('shipped', 'delivered', 'delivered')",2215782,22
SELECT * FROM users WHERE id = 73107,964976,8
SELECT COUNT(*) FROM events WHERE month = 'Feb',10695994,119
SELECT * FROM users WHERE id = 49712,1091727,10
SELECT * FROM orders WHERE total > 78643,5839153,60
SELECT * FROM orders WHERE total > 79468,5203008,52
SELECT * FROM users WHERE id = 19465,808262,9
SELECT * FROM users WHERE id = 1197,806640,12
SELECT * FROM orders WHERE total > 9290,5275412,47
SELECT COUNT(*) FROM events WHERE month = 'May',11587596,125
SELECT * FROM users WHERE id = 58794,1089346,19
"SELECT * FROM users WHERE id IN (403, 247)",1152883,17
SELECT COUNT(*) FROM events WHERE month = 'May',9438542,96
SELECT * FROM users WHERE id = 68209,1184205,16
SELECT * FROM orders WHERE total > 74655,4352583,55
SELECT * FROM users WHERE id = 50668,956830,15
SELECT * FROM orders WHERE total > 72658,4065522,52
SELECT * FROM orders WHERE total > 59653,5714092,64
SELECT * FROM users WHERE id = 91917,882588,14
SELECT * FROM orders WHERE total > 3409,4726374,46
SELECT * FROM orders WHERE total > 90297,5422545,64
SELECT * FROM orders WHERE status IN ('shipped'),2614195,32
SELECT * FROM users WHERE id = 67427,1012885,9
"SELECT * FROM orders WHERE status IN ('returned', 'shipped', 'returned', 'pending')",2229299,26
SELECT * FROM users WHERE id = 24151,995369,23
SELECT * FROM orders WHERE total > 50276,5314826,65
SELECT * FROM users WHERE id = 26606,917397,6
SELECT * FROM orders WHERE total > 69649,4111127,44
SELECT * FROM orders WHERE total > 76324,5596326,67
SELECT * FROM orders WHERE total > 71279,5251266,54
SELECT * FROM orders WHERE total > 27988,5443821,63
SELECT * FROM orders WHERE total > 17447,4103784,39
SELECT * FROM products WHERE category = 'books',2281896,24
SELECT * FROM orders WHERE total > 40615,5980080,58
SELECT * FROM users WHERE id = 90641,909745,17
SELECT * FROM orders WHERE total > 12883,5605502,53
SELECT * FROM orders WHERE total > 31079,5223805,59
"SELECT * FROM users WHERE id IN (812, 796)",1463447,9
SELECT * FROM users WHERE id = 89107,989866,15
SELECT * FROM users WHERE id = 19549,855607,14
SELECT * FROM products WHERE category = 'toys',1507463,10
"SELECT user_id, SUM(total) FROM orders WHERE region = 'auto' GROUP BY user_id",7992259,84
SELECT * FROM users WHERE id = 62157,926492,20
SELECT * FROM products WHERE category = 'garden',2489559,31
SELECT * FROM products WHERE category = 'auto',2204169,31
SELECT * FROM orders WHERE total > 46956,5591652,53
"SELECT name, email FROM users WHERE signup_date > '2025-01-01'",3724837,46
SELECT * FROM orders WHERE total > 44413,4957102,48
SELECT * FROM users WHERE id = 4992,1036172,5
SELECT * FROM users WHERE id = 83517,841727,13
SELECT * FROM users WHERE id = 7985,949865,23
SELECT * FROM users WHERE id = 82562,826229,20
SELECT COUNT(*) FROM events WHERE month = 'Apr',10563237,100
SELECT * FROM orders WHERE total > 98134,5318896,65
SELECT * FROM users WHERE id = 3093,1179846,18
SELECT * FROM orders WHERE total > 92371,4702014,50
SELECT * FROM users WHERE id = 75203,1066048,24
"SELECT * FROM users WHERE id IN (926, 228, 671)",1067579,9
SELECT COUNT(*) FROM events WHERE month = 'Feb',10687225,105
SELECT * FROM orders WHERE total > 28677,5953804,67
"SELECT * FROM users WHERE id IN (553, 433, 976)",1009298,9
SELECT COUNT(*) FROM events WHERE month = 'May',10411620,109
SELECT * FROM users WHERE id = 85726,994851,20
SELECT COUNT(*) FROM events WHERE month = 'Mar',11480429,126
SELECT * FROM users WHERE id = 14945,930450,9
SELECT * FROM products WHERE category = 'electronics',1776633,13
SELECT * FROM users WHERE id = 38588,839866,7
SELECT * FROM users WHERE id = 80156,1195936,7
SELECT * FROM users WHERE id = 49900,1039213,20
"SELECT * FROM users WHERE id IN (380, 714, 973, 770, 12)",1465827,21
SELECT * FROM users WHERE id = 56592,1181973,11
"SELECT * FROM orders WHERE status IN ('delivered', 'delivered', 'cancelled')",2539232,37
SELECT * FROM orders WHERE total > 18864,5728894,66
SELECT * FROM products WHERE category = 'toys',2045640,21
SELECT COUNT(*) FROM events WHERE month = 'Feb',11762444,130
SELECT * FROM users WHERE id = 50761,1193649,8
SELECT * FROM users WHERE id = 30033,1027491,25
SELECT * FROM orders WHERE total > 6102,5647587,63
SELECT * FROM users WHERE id = 97807,1116342,17
SELECT * FROM users WHERE id = 27061,990260,21
SELECT * FROM users WHERE id = 72676,1036531,16
SELECT * FROM sessions WHERE duration > 70427,3042206,32
SELECT COUNT(*) FROM events WHERE month = 'Mar',9778684,108
"SELECT * FROM users WHERE id IN (77, 506, 791)",1138426,25
SELECT * FROM orders WHERE total > 52117,4987048,53
"SELECT * FROM users WHERE id IN (21, 375, 110)",1356426,25
"SELECT name, email FROM users WHERE signup_date > '2025-03-15'",3799320,38
"SELECT * FROM users WHERE id IN (234, 344, 839, 341, 708)",1301046,16
"SELECT name, email FROM users WHERE signup_date > '2025-01-01'",2364759,19
SELECT COUNT(*) FROM events WHERE month = 'Jan',9907592,108
SELECT * FROM orders WHERE total > 65397,5753224,56
"SELECT name, email FROM users WHERE signup_date > '2025-03-15'",2699319,23
SELECT * FROM users WHERE id = 89230,1194125,22
SELECT COUNT(*) FROM events WHERE month = 'Apr',10705031,108
SELECT * FROM users WHERE id = 65055,932699,23
SELECT * FROM users WHERE id = 51266,1030614,13
SELECT * FROM users WHERE id = 51309,961524,15
"SELECT * FROM users WHERE id IN (852, 884, 679, 606)",1382617,27
SELECT * FROM orders WHERE total > 2841,5889549,73
SELECT * FROM orders WHERE total > 16424,5149137,55
SELECT * FROM users WHERE id = 48160,909183,12
SELECT * FROM users WHERE id = 66491,1012844,7
"SELECT name, email FROM users WHERE signup_date > '2025-01-01'",3389791,46
"SELECT name, email FROM users WHERE signup_date > '2025-09-10'",3659821,46
SELECT COUNT(*) FROM events WHERE month = 'Feb',10319025,105
SELECT * FROM users WHERE id = 49533,1080934,22
SELECT COUNT(*) FROM events WHERE month = 'May',11075634,121
SELECT COUNT(*) FROM events WHERE month = 'Jun',11717217,122
SELECT * FROM users WHERE id = 90495,984329,18
"SELECT name, email FROM users WHERE signup_date > '2025-01-01'",3089895,45
SELECT * FROM orders WHERE total > 32089,4504042,58
SELECT * FROM users WHERE id = 42842,889081,19
SELECT * FROM products WHERE category = 'electronics',1897833,24
SELECT * FROM users WHERE id = 2921,1123907,18
SELECT * FROM users WHERE id = 81913,917258,16
SELECT * FROM users WHERE id = 10346,1195836,13
"SELECT name, email FROM users WHERE signup_date > '2025-09-10'",3918471,37
SELECT * FROM orders WHERE status IN ('pending'),2788345,24
SELECT * FROM users WHERE id = 46095,808119,9
SELECT COUNT(*) FROM events WHERE month = 'Jun',11081587,118
SELECT * FROM orders WHERE total > 94220,5591558,70
"SELECT name, email FROM users WHERE signup_date > '2025-01-01'",2518753,26
SELECT COUNT(*) FROM events WHERE month = 'May',11873652,120
SELECT * FROM users WHERE id = 91972,883464,11
SELECT * FROM users WHERE id = 8288,862049,3
SELECT * FROM users WHERE id = 35845,1043486,5
SELECT * FROM orders WHERE total > 44604,5051544,55
SELECT * FROM sessions WHERE duration > 32396,4032476,37
"SELECT * FROM orders WHERE status IN ('pending', 'returned', 'pending')",2916212,38
SELECT * FROM users WHERE id = 7747,1055894,21
"SELECT name, email FROM users WHERE signup_date > '2025-09-10'",2056525,27
SELECT * FROM users WHERE id = 47727,818555,7
SELECT * FROM users WHERE id = 23628,943660,5
SELECT COUNT(*) FROM events WHERE month = 'Feb',10554744,102
SELECT COUNT(*) FROM events WHERE month = 'Feb',9140882,105
SELECT * FROM users WHERE id = 10872,926639,9
SELECT * FROM orders WHERE total > 24801,5842092,57
SELECT * FROM users WHERE id = 61306,1129371,7
"SELECT name, email FROM users WHERE signup_date > '2025-06-20'",3152975,34
SELECT * FROM users WHERE id = 41357,846409,15
SELECT * FROM orders WHERE total > 28649,5472062,57
"SELECT * FROM users WHERE id IN (342, 495)",1154394,25
"SELECT * FROM users WHERE id IN (155, 133, 468)",1046625,23
SELECT * FROM orders WHERE total > 71116,5633652,62
SELECT * FROM users WHERE id = 99154,905541,17
"SELECT name, email FROM users WHERE signup_date > '2025-01-01'",2464473,34
SELECT * FROM orders WHERE total > 71780,5842783,68
"SELECT * FROM users WHERE id IN (416, 832, 833)",1010729,14
SELECT * FROM orders WHERE total > 18638,5145146,66
SELECT * FROM orders WHERE total > 15742,5049060,45
"SELECT user_id, SUM(total) FROM orders WHERE region = 'books' GROUP BY user_id",8584153,98
SELECT * FROM orders WHERE total > 47237,5279289,63
SELECT * FROM users WHERE id = 27999,885193,15
SELECT * FROM orders WHERE total > 54432,5322825,62
SELECT COUNT(*) FROM events WHERE month = 'Jan',9093772,85
SELECT * FROM products WHERE category = 'electronics',2211918,22
SELECT * FROM orders WHERE total > 29034,5055864,64
SELECT * FROM products WHERE category = 'garden',2373256,27
SELECT COUNT(*) FROM events WHERE month = 'Apr',10661115,111
SELECT * FROM users WHERE id = 48123,1143756,17
SELECT * FROM users WHERE id = 27147,960839,24
SELECT * FROM users WHERE id = 10129,1093828,8
SELECT * FROM products WHERE category = 'books',1715632,28
SELECT * FROM orders WHERE total > 21420,4765784,60
SELECT COUNT(*) FROM events WHERE month = 'Mar',9574735,93
"SELECT * FROM users WHERE id IN (392, 991)",1052797,14
SELECT * FROM users WHERE id = 47346,1008927,5
SELECT * FROM users WHERE id = 79671,1119221,26
"SELECT * FROM users WHERE id IN (159, 792, 424, 772)",1481258,23
SELECT * FROM orders WHERE total > 76106,4437948,55
SELECT * FROM orders WHERE total > 39717,5852445,70
SELECT * FROM orders WHERE total > 48826,4295290,49
SELECT * FROM products WHERE category = 'garden',1948644,28
"SELECT * FROM users WHERE id IN (15, 204, 555, 867)",1373014,11
SELECT * FROM users WHERE id = 82803,892292,5
SELECT * FROM users WHERE id = 63917,1060923,16
SELECT * FROM users WHERE id = 77554,1004114,18
"SELECT * FROM users WHERE id IN (150, 851, 830, 364, 75)",1064991,15
SELECT * FROM users WHERE id = 46789,1081959,7
SELECT * FROM users WHERE id = 53514,1117065,13
"SELECT user_id, SUM(total) FROM orders WHERE region = 'books' GROUP BY user_id",9975066,102
SELECT * FROM users WHERE id = 90978,1031601,18
SELECT * FROM users WHERE id = 54876,1180720,16
"SELECT * FROM users WHERE id IN (445, 470, 468, 84, 462)",1306055,10
SELECT * FROM sessions WHERE duration > 53456,4431812,58
SELECT * FROM orders WHERE total > 78491,5774404,60
"SELECT name, email FROM users WHERE signup_date > '2025-09-10'",2356523,19
SELECT COUNT(*) FROM events WHERE month = 'Mar',10855496,118
SELECT * FROM sessions WHERE duration > 33151,3198234,33
"SELECT * FROM orders WHERE status IN ('delivered', 'delivered', 'returned', 'returned')",2092042,28
SELECT * FROM users WHERE id = 60843,1064926,22
SELECT * FROM orders WHERE total > 86231,5753730,69
SELECT * FROM users WHERE id = 56706,1114666,6
SELECT COUNT(*) FROM events WHERE month = 'Apr',9670741,104
SELECT * FROM orders WHERE total > 82902,4473765,55
SELECT * FROM orders WHERE total > 58525,5211070,58
SELECT COUNT(*) FROM events WHERE month = 'Jan',10443724,111
SELECT * FROM orders WHERE total > 50657,5244928,61
SELECT COUNT(*) FROM events WHERE month = 'Jun',9519257,95
SELECT * FROM products WHERE category = 'books',1902515,27
SELECT * FROM users WHERE id = 93003,1111319,20
SELECT * FROM users WHERE id = 8112,1128228,18
SELECT * FROM orders WHERE total > 50071,4176701,39
SELECT * FROM users WHERE id = 73419,1113524,12
SELECT * FROM orders WHERE total > 23601,5617402,59
SELECT * FROM users WHERE id = 2206,1037326,11
SELECT * FROM users WHERE id = 34848,884541,17
SELECT * FROM users WHERE id = 44846,875951,10
SELECT COUNT(*) FROM events WHERE month = 'May',10037334,109
SELECT * FROM users WHERE id = 92422,1068235,6
SELECT * FROM users WHERE id = 78532,1197793,26
SELECT * FROM users WHERE id = 57892,995323,15
SELECT * FROM users WHERE id = 77054,1159433,11
SELECT * FROM orders WHERE total > 79707,5096543,49
"SELECT user_id, SUM(total) FROM orders WHERE region = 'garden' GROUP BY user_id",8379049,83
SELECT * FROM users WHERE id = 95611,1174566,13
SELECT * FROM users WHERE id = 96795,816998,17
SELECT COUNT(*) FROM events WHERE month = 'Jan',10953884,115
SELECT * FROM orders WHERE total > 46542,5210442,56
SELECT COUNT(*) FROM events WHERE month = 'May',9208175,102
SELECT COUNT(*) FROM events WHERE month = 'Feb',11275935,112
SELECT * FROM users WHERE id = 15442,950389,13
SELECT * FROM users WHERE id = 97062,912297,12
SELECT COUNT(*) FROM events WHERE month = 'Feb',9659355,104
"SELECT name, email FROM users WHERE signup_date > '2025-09-10'",2401338,28
SELECT * FROM users WHERE id = 55920,1028278,6
SELECT * FROM users WHERE id = 5604,1025667,10
"SELECT * FROM users WHERE id IN (305, 721)",1422624,20
SELECT * FROM products WHERE category = 'electronics',1886334,18
SELECT COUNT(*) FROM events WHERE month = 'Apr',10925717,123
"SELECT name, email FROM users WHERE signup_date > '2025-06-20'",2676142,35
SELECT * FROM users WHERE id = 23769,955269,17
SELECT * FROM users WHERE id = 59621,1036889,15
SELECT * FROM orders WHERE total > 6142,5201689,65
SELECT * FROM users WHERE id = 13679,1107685,21
SELECT * FROM products WHERE category = 'electronics',1794575,26
SELECT * FROM users WHERE id IN (32),1116434,7
"SELECT * FROM users WHERE id IN (983, 349, 81, 704)",1079960,13
SELECT * FROM sessions WHERE duration > 49619,4352479,40
SELECT * FROM orders WHERE total > 56802,5274162,52
SELECT * FROM users WHERE id = 8603,821677,4
SELECT * FROM orders WHERE total > 66655,5425786,56
SELECT * FROM sessions WHERE duration > 4022,3842161,33
SELECT * FROM orders WHERE total > 86960,5639934,71
SELECT * FROM users WHERE id = 77003,1022808,21
SELECT COUNT(*) FROM events WHERE month = 'Feb',9626583,93
SELECT * FROM users WHERE id = 34416,1193582,22
SELECT * FROM users WHERE id = 75298,1135427,20
SELECT * FROM orders WHERE total > 52332,5936418,54
SELECT * FROM orders WHERE total > 65507,5129717,50
SELECT * FROM users WHERE id = 6105,1002452,17
"SELECT user_id, SUM(total) FROM orders WHERE region = 'electronics' GROUP BY user_id",8457113,94
SELECT * FROM users WHERE id = 17166,849269,11
"SELECT user_id, SUM(total) FROM orders WHERE region = 'electronics' GROUP BY user_id",7042291,82
SELECT * FROM users WHERE id = 86399,842247,22
SELECT COUNT(*) FROM events WHERE month = 'May',9530312,96
SELECT * FROM orders WHERE total > 32387,4181728,54
"SELECT * FROM orders WHERE status IN ('shipped', 'cancelled', 'shipped', 'cancelled')",2225224,22
SELECT * FROM users WHERE id = 27128,1027037,20
SELECT * FROM orders WHERE total > 65254,5292782,47
SELECT * FROM orders WHERE total > 99543,5080076,65
SELECT * FROM users WHERE id = 23365,1194662,21
SELECT * FROM users WHERE id = 22416,1097472,15
SELECT * FROM users WHERE id = 78363,961711,10
SELECT COUNT(*) FROM events WHERE month = 'Apr',11053873,110
SELECT COUNT(*) FROM events WHERE month = 'May',9789283,104
SELECT * FROM products WHERE category = 'toys',1960893,17
SELECT * FROM users WHERE id = 82387,840183,4
SELECT * FROM users WHERE id = 22241,1033004,10
SELECT * FROM orders WHERE total > 34016,4921964,44
SELECT * FROM users WHERE id = 99003,1156440,10
SELECT * FROM orders WHERE total > 81593,4516030,56
SELECT COUNT(*) FROM events WHERE month = 'Apr',9781384,93
SELECT * FROM users WHERE id = 54750,937620,13
SELECT COUNT(*) FROM events WHERE month = 'Feb',9400106,100
SELECT * FROM users WHERE id = 38293,1135094,7
SELECT * FROM orders WHERE total > 73210,4653569,49
SELECT COUNT(*) FROM events WHERE month = 'Mar',11470578,117
SELECT * FROM users WHERE id = 98387,924075,7
SELECT * FROM orders WHERE total > 31847,4199147,56
"SELECT * FROM users WHERE id IN (929, 890)",1390205,23
SELECT * FROM orders WHERE total > 89817,4036876,40
SELECT COUNT(*) FROM events WHERE month = 'Jan',11118519,117
SELECT * FROM orders WHERE total > 11587,5010139,54
"SELECT * FROM users WHERE id IN (392, 703, 987, 297, 358)",1147943,16
SELECT * FROM users WHERE id = 18990,1040576,6
SELECT * FROM orders WHERE total > 77795,5199976,46
SELECT * FROM users WHERE id = 40496,1106507,9
SELECT * FROM orders WHERE total > 45502,4773209,62
SELECT * FROM users WHERE id = 62012,835798,14
"SELECT user_id, SUM(total) FROM orders WHERE region = 'auto' GROUP BY user_id",8174518,78
SELECT * FROM users WHERE id = 77844,911715,22
SELECT * FROM products WHERE category = 'auto',2174765,17
SELECT * FROM users WHERE id IN (231),1017607,23
SELECT * FROM users WHERE id = 16607,1192494,18
SELECT * FROM users WHERE id = 89488,1062657,14
SELECT * FROM users WHERE id = 84551,1143587,12
SELECT * FROM orders WHERE total > 24459,4603778,60
SELECT * FROM orders WHERE total > 81302,4460601,55
SELECT * FROM orders WHERE total > 23992,4472456,51
SELECT * FROM orders WHERE total > 18469,5039339,60
SELECT * FROM users WHERE id = 71842,888426,10
"SELECT * FROM orders WHERE status IN ('cancelled', 'delivered')",2412321,39
SELECT * FROM orders WHERE total > 88372,5454454,55
SELECT * FROM orders WHERE total > 21921,4166548,54
"SELECT name, email FROM users WHERE signup_date > '2025-06-20'",3641168,34
SELECT * FROM users WHERE id = 7783,995035,21
"SELECT name, email FROM users WHERE signup_date > '2025-03-15'",2104615,22
"SELECT * FROM orders WHERE status IN ('delivered', 'pending', 'cancelled')",2345913,21
"SELECT * FROM users WHERE id IN (123, 705, 90)",1193986,9
SELECT * FROM users WHERE id = 22975,899500,4
SELECT * FROM users WHERE id = 57087,1126728,6
SELECT * FROM users WHERE id = 28499,1131173,26
SELECT * FROM products WHERE category = 'garden',1636387,26
SELECT * FROM users WHERE id = 52850,1072092,24
SELECT * FROM users WHERE id = 21549,927093,5
SELECT * FROM users WHERE id = 40397,804343,15
"SELECT user_id, SUM(total) FROM orders WHERE region = 'electronics' GROUP BY user_id",9528919,98
SELECT * FROM users WHERE id = 17744,1101241,21
SELECT * FROM users WHERE id = 25170,1074885,10
SELECT * FROM sessions WHERE duration > 91634,4850992,44
SELECT * FROM users WHERE id = 99027,1060927,16
"SELECT * FROM users WHERE id IN (146, 730, 708, 162)",1325757,14
SELECT COUNT(*) FROM events WHERE month = 'Feb',10706614,107
SELECT * FROM users WHERE id = 41769,838736,16
SELECT * FROM users WHERE id = 80063,825791,19
"SELECT user_id, SUM(total) FROM orders WHERE region = 'garden' GROUP BY user_id",9873972,102
SELECT * FROM users WHERE id = 36337,881166,12
SELECT * FROM products WHERE category = 'electronics',2235011,36
SELECT * FROM users WHERE id = 70140,1183866,19
"SELECT * FROM users WHERE id IN (990, 479, 331, 948, 810)",1116639,17
"SELECT name, email FROM users WHERE signup_date > '2025-03-15'",2382460,24
SELECT * FROM orders WHERE status IN ('shipped'),2302836,30
SELECT * FROM orders WHERE total > 26664,5997468,73
"SELECT name, email FROM users WHERE signup_date > '2025-06-20'",3858577,45
SELECT * FROM orders WHERE total > 71235,5127391,48
SELECT * FROM orders WHERE total > 74284,5322129,60
SELECT * FROM products WHERE category = 'toys',2444721,29
"SELECT * FROM users WHERE id IN (142, 179)",1408834,9
SELECT * FROM orders WHERE total > 66760,5085200,64
SELECT * FROM orders WHERE total > 73369,4430263,40
SELECT * FROM orders WHERE total > 16197,5278484,66
SELECT COUNT(*) FROM events WHERE month = 'Jun',11828812,122
SELECT COUNT(*) FROM events WHERE month = 'Feb',11625353,119
SELECT * FROM users WHERE id = 3022,963093,11
SELECT COUNT(*) FROM events WHERE month = 'Feb',11383270,109
SELECT * FROM users WHERE id = 20192,923779,11
SELECT * FROM users WHERE id = 99296,859349,10
SELECT * FROM users WHERE id = 34357,847447,21
SELECT COUNT(*) FROM events WHERE month = 'Mar',10740855,102
SELECT COUNT(*) FROM events WHERE month = 'Feb',11867709,121
"SELECT * FROM orders WHERE status IN ('pending', 'delivered', 'returned')",2582499,30
"SELECT name, email FROM users WHERE signup_date > '2025-09-10'",3264548,42
"SELECT * FROM orders WHERE status IN ('returned', 'pending', 'shipped', 'returned')",2276813,21
SELECT * FROM users WHERE id = 74699,1153133,15
SELECT COUNT(*) FROM events WHERE month = 'Jun',9590811,107
SELECT * FROM orders WHERE total > 4928,4560832,53
SELECT * FROM products WHERE category = 'toys',1798070,20
SELECT COUNT(*) FROM events WHERE month = 'Jan',11966115,131
SELECT * FROM orders WHERE total > 46584,4633253,55
SELECT * FROM products WHERE category = 'electronics',2138226,29
SELECT * FROM users WHERE id = 86076,828731,21
SELECT * FROM users WHERE id = 8400,1117756,15
"SELECT * FROM orders WHERE status IN ('pending', 'shipped')",2470326,21
SELECT * FROM products WHERE category = 'garden',2338352,35
"SELECT * FROM users WHERE id IN (345, 966, 823)",1329987,15
SELECT * FROM users WHERE id = 14458,1008820,5
SELECT * FROM users WHERE id = 32676,833173,15
SELECT COUNT(*) FROM events WHERE month = 'Jan',10286477,103
SELECT * FROM users WHERE id = 43833,1183382,14
SELECT * FROM orders WHERE total > 60090,4909328,64
SELECT COUNT(*) FROM events WHERE month = 'Feb',10901022,113
SELECT * FROM orders WHERE total > 51523,5249418,52
SELECT * FROM users WHERE id = 86303,1005506,18
"SELECT name, email FROM users WHERE signup_date > '2025-01-01'",3484684,42
SELECT * FROM products WHERE category = 'toys',2453926,37
"SELECT * FROM users WHERE id IN (274, 325)",1051891,17
SELECT * FROM orders WHERE total > 70361,4547361,59
SELECT COUNT(*) FROM events WHERE month = 'Apr',10540372,119
SELECT * FROM users WHERE id = 50581,957377,11
SELECT * FROM orders WHERE total > 4216,4369068,40
SELECT * FROM orders WHERE total > 5054,4463116,47
SELECT * FROM users WHERE id = 74632,1090143,11
SELECT * FROM users WHERE id = 24497,986976,13
SELECT * FROM orders WHERE total > 22679,4948917,51
SELECT * FROM users WHERE id = 32702,817144,21
SELECT * FROM sessions WHERE duration > 58289,3253356,41
SELECT * FROM users WHERE id = 28271,803275,17
SELECT * FROM users WHERE id = 78791,1135639,15
SELECT * FROM sessions WHERE duration > 91389,4922719,61
SELECT * FROM orders WHERE total > 50976,4405561,55
"SELECT name, email FROM users WHERE signup_date > '2025-06-20'",3128433,30
SELECT * FROM users WHERE id = 89211,999328,11
SELECT * FROM orders WHERE total > 66357,4048666,54
SELECT * FROM users WHERE id = 52107,1032369,10
SELECT * FROM orders WHERE total > 62015,5964829,67
SELECT * FROM sessions WHERE duration > 78097,4513777,51
SELECT COUNT(*) FROM events WHERE month = 'Feb',11557520,126
SELECT * FROM users WHERE id = 41432,1041058,20
SELECT * FROM users WHERE id = 29505,867800,12
SELECT * FROM orders WHERE total > 80958,5192921,46
"SELECT * FROM orders WHERE status IN ('cancelled', 'pending', 'shipped')",2401053,22
SELECT * FROM products WHERE category = 'books',1582756,28
"SELECT name, email FROM users WHERE signup_date > '2025-06-20'",3759228,44
SELECT * FROM orders WHERE total > 63488,4622642,59
SELECT * FROM orders WHERE total > 3496,4405505,56
SELECT * FROM users WHERE id = 94856,1187638,20
SELECT * FROM products WHERE category = 'auto',1674474,16
"SELECT * FROM users WHERE id IN (114, 657)",1338729,28
SELECT * FROM orders WHERE total > 36104,5591053,66
SELECT * FROM orders WHERE total > 40064,4483141,52
SELECT COUNT(*) FROM events WHERE month = 'Feb',11380854,125
SELECT * FROM orders WHERE total > 92056,5935694,63
"SELECT * FROM users WHERE id IN (137, 856, 90, 950, 304)",1359367,23
SELECT * FROM orders WHERE total > 44189,4790237,57
SELECT * FROM users WHERE id = 40939,1190285,24
"SELECT user_id, SUM(total) FROM orders WHERE region = 'electronics' GROUP BY user_id",9529104,91
SELECT * FROM users WHERE id = 66490,1083860,5
SELECT * FROM products WHERE category = 'toys',2327129,18
"SELECT name, email FROM users WHERE signup_date > '2025-01-01'",2962884,35
SELECT COUNT(*) FROM events WHERE month = 'Jun',11191478,113
SELECT COUNT(*) FROM events WHERE month = 'Jan',11235941,114
SELECT * FROM sessions WHERE duration > 38790,3724714,32
"SELECT name, email FROM users WHERE signup_date > '2025-03-15'",3352244,43
SELECT * FROM users WHERE id = 26444,836161,23
SELECT * FROM orders WHERE total > 86784,4743069,53
SELECT * FROM users WHERE id = 42032,1105967,7
SELECT * FROM orders WHERE total > 5493,5211447,67
"SELECT user_id, SUM(total) FROM orders WHERE region = 'books' GROUP BY user_id",7260221,71
SELECT COUNT(*) FROM events WHERE month = 'May',11890449,116
SELECT * FROM orders WHERE total > 93243,4944733,48
"SELECT user_id, SUM(total) FROM orders WHERE region = 'electronics' GROUP BY user_id",9033749,93
SELECT * FROM sessions WHERE duration > 15950,4841967,47
"SELECT * FROM users WHERE id IN (585, 704, 964, 620)",1047839,13
SELECT * FROM users WHERE id = 19990,883366,9
SELECT * FROM users WHERE id IN (663),1375103,21
SELECT * FROM products WHERE category = 'electronics',1767723,25
SELECT * FROM users WHERE id = 16759,837288,4
SELECT COUNT(*) FROM events WHERE month = 'Jun',9736191,99
SELECT COUNT(*) FROM events WHERE month = 'Jan',9366139,107
"SELECT user_id, SUM(total) FROM orders WHERE region = 'garden' GROUP BY user_id",7117808,86
SELECT COUNT(*) FROM events WHERE month = 'Apr',11556673,116
SELECT * FROM users WHERE id = 68959,1014281,25
SELECT COUNT(*) FROM events WHERE month = 'Jan',9759498,105
SELECT * FROM users WHERE id = 29006,870930,17
SELECT * FROM users WHERE id = 34615,877067,16
SELECT * FROM users WHERE id = 41344,915596,20
SELECT * FROM orders WHERE total > 18438,4186986,43
SELECT * FROM products WHERE category = 'garden',2098343,33
"SELECT * FROM users WHERE id IN (697, 150)",1444398,19
SELECT * FROM orders WHERE total > 89267,5533770,70
SELECT * FROM orders WHERE status IN ('cancelled'),2384498,34
SELECT * FROM orders WHERE total > 83422,4157552,56
SELECT COUNT(*) FROM events WHERE month = 'Jan',10057845,104
"SELECT name, email FROM users WHERE signup_date > '2025-06-20'",2107605,27
SELECT * FROM users WHERE id = 25801,847209,8
SELECT COUNT(*) FROM events WHERE month = 'May',10309145,101
"SELECT * FROM users WHERE id IN (100, 395, 241)",1163511,15
SELECT * FROM users WHERE id = 81851,882723,17
SELECT COUNT(*) FROM events WHERE month = 'Mar',10631339,113
SELECT * FROM users WHERE id = 14674,862341,6
SELECT * FROM orders WHERE total > 39348,5444388,64
"SELECT * FROM orders WHERE status IN ('delivered', 'returned', 'returned')",2923495,36
SELECT * FROM orders WHERE total > 45386,5214729,52
SELECT * FROM users WHERE id = 86911,1122348,23
SELECT * FROM products WHERE category = 'books',2200611,25
SELECT * FROM users WHERE id = 86703,978359,13
SELECT COUNT(*) FROM events WHERE month = 'Jun',11970994,129
SELECT * FROM users WHERE id = 72001,1091209,15
SELECT * FROM sessions WHERE duration > 99180,3004127,44
SELECT * FROM orders WHERE total > 767,4781222,45
SELECT * FROM users WHERE id = 55122,938362,16
SELECT * FROM users WHERE id = 45962,808534,14
SELECT COUNT(*) FROM events WHERE month = 'Jun',11837247,125
SELECT * FROM orders WHERE total > 57010,4906799,61
SELECT COUNT(*) FROM events WHERE month = 'Apr',10824508,110
"SELECT * FROM orders WHERE status IN ('delivered', 'shipped', 'returned')",2593109,26
SELECT * FROM users WHERE id = 72759,1018215,12
"SELECT name, email FROM users WHERE signup_date > '2025-06-20'",3682360,33
SELECT * FROM users WHERE id = 88539,813329,21
SELECT * FROM orders WHERE total > 60357,4440868,49
SELECT * FROM orders WHERE total > 34578,4643995,57
SELECT * FROM users WHERE id = 14539,1049421,9
SELECT * FROM users WHERE id IN (936),1377180,26
SELECT * FROM users WHERE id = 55017,855416,12
SELECT * FROM users WHERE id = 47779,802643,4
SELECT * FROM users WHERE id = 23695,968255,9
"SELECT name, email FROM users WHERE signup_date > '2025-01-01'",3764018,42
SELECT COUNT(*) FROM events WHERE month = 'Jun',11904977,125
SELECT * FROM orders WHERE total > 23587,5850348,61
"SELECT user_id, SUM(total) FROM orders WHERE region = 'electronics' GROUP BY user_id",8851754,85
SELECT * FROM orders WHERE total > 2003,4234602,48
SELECT * FROM products WHERE category = 'electronics',1861089,33
SELECT * FROM users WHERE id = 80364,1051197,13
SELECT * FROM users WHERE id = 13227,810836,23
SELECT COUNT(*) FROM events WHERE month = 'Jan',11906877,123
SELECT * FROM users WHERE id = 38824,1018978,17
SELECT * FROM users WHERE id = 52075,993780,4
SELECT * FROM users WHERE id = 57689,835525,23
SELECT * FROM products WHERE category = 'garden',2335847,38
SELECT * FROM orders WHERE total > 26593,5191394,66
SELECT * FROM users WHERE id = 19745,1069097,23
SELECT * FROM orders WHERE total > 61676,5311266,57
SELECT * FROM users WHERE id = 56916,925056,6
SELECT * FROM products WHERE category = 'toys',2298603,17
SELECT * FROM users WHERE id = 35134,965924,16
SELECT COUNT(*) FROM events WHERE month = 'Mar',11667783,116
SELECT * FROM users WHERE id = 9980,962427,24
SELECT * FROM products WHERE category = 'books',1897143,33
"SELECT * FROM orders WHERE status IN ('cancelled', 'cancelled', 'delivered')",2932334,39
SELECT * FROM users WHERE id = 58657,831471,13
SELECT * FROM users WHERE id = 28756,848043,6
SELECT * FROM users WHERE id = 28015,1192327,19
SELECT COUNT(*) FROM events WHERE month = 'May',10624669,102
SELECT * FROM users WHERE id = 77495,870167,16
SELECT * FROM users WHERE id = 51156,1064787,23
SELECT * FROM users WHERE id = 56514,1156545,7
"SELECT user_id, SUM(total) FROM orders WHERE region = 'toys' GROUP BY user_id",9700251,111
SELECT * FROM orders WHERE total > 67596,4250086,49
"SELECT user_id, SUM(total) FROM orders WHERE region = 'electronics' GROUP BY user_id",8688925,90
SELECT * FROM sessions WHERE duration > 52869,4721536,58
SELECT * FROM users WHERE id = 53551,845815,14
SELECT * FROM users WHERE id = 53980,902044,20
SELECT * FROM users WHERE id = 46676,871285,4
SELECT * FROM orders WHERE total > 74036,4578550,57
SELECT * FROM users WHERE id = 27158,943617,22
SELECT * FROM orders WHERE status IN ('pending'),2556757,23
SELECT * FROM products WHERE category = 'garden',1567211,27
"SELECT * FROM users WHERE id IN (885, 279, 575, 221)",1045999,11
"SELECT name, email FROM users WHERE signup_date > '2025-09-10'",3922362,45
SELECT * FROM users WHERE id = 15559,1124094,26
"SELECT * FROM users WHERE id IN (923, 214)",1445466,15
SELECT * FROM products WHERE category = 'electronics',2195583,24
SELECT * FROM products WHERE category = 'garden',2443224,28
SELECT * FROM users WHERE id = 68981,980287,9
SELECT * FROM orders WHERE status IN ('delivered'),2391261,26
SELECT COUNT(*) FROM events WHERE month = 'Feb',11730942,115
SELECT * FROM users WHERE id = 67734,899060,7
SELECT * FROM users WHERE id = 39229,1028960,16
SELECT COUNT(*) FROM events WHERE month = 'Apr',10386837,104
SELECT COUNT(*) FROM events WHERE month = 'Apr',11572597,114
SELECT * FROM products WHERE category = 'electronics',2178596,17
SELECT * FROM orders WHERE total > 3725,4874097,44
SELECT * FROM users WHERE id = 86161,895428,9
"SELECT * FROM users WHERE id IN (783, 542)",1210854,12
SELECT * FROM orders WHERE total > 19407,5879465,57
SELECT COUNT(*) FROM events WHERE month = 'Mar',9079185,96
SELECT * FROM users WHERE id = 5862,1122338,26
SELECT * FROM users WHERE id = 17374,872472,17
SELECT * FROM users WHERE id = 21921,1043052,19
SELECT * FROM users WHERE id = 56208,972522,5
"SELECT user_id, SUM(total) FROM orders WHERE region = 'electronics' GROUP BY user_id",8080354,93
SELECT COUNT(*) FROM events WHERE month = 'Jun',10237253,116
"SELECT * FROM orders WHERE status IN ('pending', 'shipped', 'returned')",2042159,29
SELECT COUNT(*) FROM events WHERE month = 'Jan',11804089,116
SELECT * FROM orders WHERE total > 98805,4385960,40
SELECT * FROM users WHERE id = 38496,1131147,10
SELECT COUNT(*) FROM events WHERE month = 'Jan',11060468,113
SELECT * FROM users WHERE id = 34272,927155,19
SELECT * FROM orders WHERE total > 21563,4816197,52
"SELECT name, email FROM users WHERE signup_date > '2025-03-15'",3725109,33
"SELECT name, email FROM users WHERE signup_date > '2025-03-15'",3910159,51
SELECT * FROM products WHERE category = 'garden',1752284,25
SELECT * FROM users WHERE id = 65578,1119826,13
SELECT * FROM products WHERE category = 'toys',2493780,28
SELECT * FROM users WHERE id = 83247,986530,22
SELECT * FROM orders WHERE total > 69780,4851822,44
SELECT * FROM orders WHERE total > 64000,5051420,61
SELECT * FROM products WHERE category = 'garden',2166918,28
SELECT * FROM products WHERE category = 'auto',1908324,23
"SELECT * FROM orders WHERE status IN ('delivered', 'delivered', 'pending', 'returned')",2999314,36
"SELECT * FROM orders WHERE status IN ('delivered', 'cancelled', 'shipped', 'cancelled')",2392084,36
SELECT * FROM users WHERE id = 96132,1001174,14
SELECT * FROM users WHERE id = 4171,878865,22
SELECT COUNT(*) FROM events WHERE month = 'Apr',9220073,90
SELECT * FROM orders WHERE total > 57744,4896033,45
SELECT * FROM users WHERE id = 97263,978654,14
SELECT * FROM orders WHERE status IN ('shipped'),2638735,34
SELECT * FROM users WHERE id = 63622,1192432,7
"SELECT * FROM users WHERE id IN (887, 911, 28, 457)",1078765,11
SELECT * FROM users WHERE id = 27449,873677,9
SELECT * FROM orders WHERE total > 77753,4198373,56
SELECT * FROM products WHERE category = 'auto',1709513,26
"SELECT name, email FROM users WHERE signup_date > '2025-01-01'",2830593,24
"SELECT name, email FROM users WHERE signup_date > '2025-09-10'",3334955,47
SELECT * FROM users WHERE id = 58903,1108194,13
SELECT * FROM users WHERE id = 92181,1059457,9
SELECT * FROM users WHERE id = 44234,1154608,19
SELECT * FROM users WHERE id = 43734,1177646,15
SELECT * FROM orders WHERE total > 79405,4947553,55
"SELECT * FROM users WHERE id IN (672, 609, 868, 219, 796)",1057832,5
SELECT COUNT(*) FROM events WHERE month = 'Jun',11534261,126
SELECT * FROM users WHERE id = 95876,822687,18
SELECT COUNT(*) FROM events WHERE month = 'Apr',9440880,99
SELECT * FROM sessions WHERE duration > 32620,3196377,39
SELECT * FROM orders WHERE total > 70223,5866943,69
SELECT * FROM users WHERE id = 6543,1088165,18
SELECT * FROM products WHERE category = 'garden',1998326,16
SELECT * FROM users WHERE id = 19354,875294,17
SELECT * FROM orders WHERE total > 96122,4999705,58
SELECT * FROM orders WHERE total > 58023,5020745,51
SELECT * FROM orders WHERE total > 88841,5586321,56
SELECT COUNT(*) FROM events WHERE month = 'Jan',10110065,97
"SELECT * FROM users WHERE id IN (586, 407, 766, 224, 317)",1109750,6
SELECT * FROM users WHERE id = 16386,1022504,15
SELECT * FROM products WHERE category = 'books',2052376,17
"SELECT * FROM orders WHERE status IN ('shipped', 'shipped', 'cancelled', 'cancelled')",2369701,34
SELECT COUNT(*) FROM events WHERE month = 'Apr',9322034,89
SELECT * FROM users WHERE id = 6875,950295,16
SELECT * FROM users WHERE id = 49690,882136,23
"SELECT * FROM orders WHERE status IN ('delivered', 'shipped')",2601053,41
SELECT * FROM users WHERE id = 73443,885390,16
SELECT * FROM orders WHERE total > 64122,5157849,50
SELECT * FROM users WHERE id = 41688,1197476,8
SELECT * FROM users WHERE id = 43460,1125310,26
SELECT * FROM users WHERE id = 6190,1188037,19
SELECT * FROM orders WHERE total > 6467,4270748,44
SELECT * FROM users WHERE id = 43440,1143233,8
"SELECT * FROM users WHERE id IN (570, 16, 573, 128)",1122559,25
SELECT * FROM users WHERE id = 74885,886689,3
SELECT * FROM orders WHERE total > 63400,5989093,73
"SELECT user_id, SUM(total) FROM orders WHERE region = 'toys' GROUP BY user_id",7384130,74
SELECT * FROM users WHERE id = 75754,892840,8
SELECT COUNT(*) FROM events WHERE month = 'Feb',9912994,107
SELECT * FROM users WHERE id = 58771,1022399,5
SELECT * FROM users WHERE id = 34136,931843,15
SELECT * FROM users WHERE id = 85316,1176720,18
SELECT * FROM sessions WHERE duration > 24932,3089693,44
"SELECT * FROM users WHERE id IN (526, 23, 202, 166)",1481195,29
SELECT COUNT(*) FROM events WHERE month = 'Jun',10009837,100
SELECT * FROM products WHERE category = 'auto',2189450,24
SELECT * FROM orders WHERE total > 70474,5644131,54
SELECT * FROM users WHERE id = 49084,806578,10
SELECT * FROM orders WHERE total > 45620,5267746,64
"SELECT * FROM users WHERE id IN (696, 209)",1082189,20
SELECT * FROM users WHERE id = 44621,870351,22
SELECT * FROM users WHERE id = 47682,891831,15
SELECT * FROM orders WHERE total > 9042,5276712,66
"SELECT * FROM users WHERE id IN (490, 13, 173, 830)",1482190,22
SELECT * FROM orders WHERE total > 6847,4824115,46
SELECT * FROM users WHERE id = 20747,972462,21
"SELECT * FROM orders WHERE status IN ('pending', 'pending')",2594542,38
SELECT COUNT(*) FROM events WHERE month = 'Jun',11966000,132
SELECT COUNT(*) FROM events WHERE month = 'Apr',11220201,110
SELECT * FROM orders WHERE total > 90894,4079469,35
SELECT * FROM orders WHERE total > 81647,4410320,47
"SELECT user_id, SUM(total) FROM orders WHERE region = 'toys' GROUP BY user_id",7904212,78
SELECT * FROM products WHERE category = 'books',2200680,37
SELECT * FROM users WHERE id = 44138,1113196,7
SELECT * FROM users WHERE id = 87182,1064686,15
SELECT * FROM orders WHERE total > 44282,5291840,56
SELECT * FROM orders WHERE status IN ('delivered'),2641691,36
SELECT * FROM users WHERE id = 92296,1092901,20
SELECT * FROM users WHERE id = 50849,1071278,12
SELECT * FROM orders WHERE total > 95914,5149487,52
SELECT * FROM products WHERE category = 'electronics',1850919,23
SELECT * FROM users WHERE id = 51885,1001087,12
SELECT COUNT(*) FROM events WHERE month = 'Jun',10956025,107
SELECT COUNT(*) FROM events WHERE month = 'Jan',9146705,96
SELECT * FROM users WHERE id = 42814,1177314,6
"SELECT name, email FROM users WHERE signup_date > '2025-09-10'",2149184,16
SELECT * FROM products WHERE category = 'books',1983599,26
"SELECT name, email FROM users WHERE signup_date > '2025-06-20'",3326362,43
SELECT * FROM users WHERE id = 58558,871824,10
SELECT * FROM users WHERE id = 41457,979603,24
"SELECT name, email FROM users WHERE signup_date > '2025-01-01'",3844501,48
SELECT * FROM orders WHERE total > 59739,5725587,60
SELECT * FROM orders WHERE total > 61721,4464451,56
SELECT COUNT(*) FROM events WHERE month = 'Apr',10319573,114
"SELECT user_id, SUM(total) FROM orders WHERE region = 'electronics' GROUP BY user_id",8259075,77
SELECT * FROM products WHERE category = 'toys',1518146,27
"SELECT * FROM users WHERE id IN (866, 342)",1079316,19
SELECT * FROM orders WHERE total > 89785,5384645,52
SELECT COUNT(*) FROM events WHERE month = 'Jun',9176772,91
SELECT * FROM users WHERE id = 12011,820767,5
SELECT * FROM users WHERE id = 86428,1044332,11
SELECT * FROM orders WHERE total > 36474,4207249,49
SELECT * FROM orders WHERE total > 1453,5710970,53
SELECT * FROM orders WHERE total > 38871,5575138,69
SELECT * FROM orders WHERE total > 42040,5265545,47
"SELECT * FROM orders WHERE status IN ('returned', 'shipped', 'cancelled')",2995996,36
SELECT COUNT(*) FROM events WHERE month = 'Mar',10842664,123
"SELECT name, email FROM users WHERE signup_date > '2025-06-20'",3291335,32
SELECT * FROM orders WHERE total > 16989,5158395,57
SELECT * FROM users WHERE id = 40741,839103,21
SELECT * FROM orders WHERE total > 9263,5624283,55
SELECT * FROM orders WHERE status IN ('pending'),2753281,26
SELECT COUNT(*) FROM events WHERE month = 'Mar',11537655,117
"SELECT * FROM users WHERE id IN (567, 671)",1036386,20
SELECT * FROM users WHERE id = 32579,831421,21
SELECT * FROM users WHERE id = 62660,832929,5
"SELECT name, email FROM users WHERE signup_date > '2025-06-20'",3899602,45
SELECT * FROM users WHERE id = 37594,1193515,15
SELECT * FROM users WHERE id = 85590,1188360,14
SELECT * FROM orders WHERE total > 10779,5460542,69
SELECT * FROM orders WHERE total > 59287,4451906,44
SELECT * FROM users WHERE id = 27273,821587,21
SELECT COUNT(*) FROM events WHERE month = 'Feb',9271304,95
SELECT * FROM users WHERE id = 70917,884547,7
SELECT * FROM users WHERE id = 39923,807900,6
SELECT * FROM users WHERE id = 8802,900904,14
SELECT * FROM orders WHERE total > 35714,5774893,56
SELECT * FROM users WHERE id = 95296,1128114,17
SELECT * FROM products WHERE category = 'books',1653408,20
SELECT COUNT(*) FROM events WHERE month = 'May',9704185,110
SELECT * FROM users WHERE id = 41407,934590,24
"SELECT user_id, SUM(total) FROM orders WHERE region = 'auto' GROUP BY user_id",8198086,84
SELECT * FROM users WHERE id = 44656,895350,8
SELECT * FROM users WHERE id = 48519,923762,6
SELECT * FROM orders WHERE total > 7795,5212891,47
SELECT * FROM users WHERE id = 70671,824285,16
SELECT * FROM users WHERE id = 21905,1143594,14
SELECT * FROM users WHERE id = 88996,1127951,23
SELECT * FROM users WHERE id = 74586,1184744,21
SELECT COUNT(*) FROM events WHERE month = 'Mar',9779930,108
SELECT * FROM users WHERE id = 86049,887074,12
SELECT COUNT(*) FROM events WHERE month = 'Apr',10646955,104
SELECT * FROM users WHERE id = 73131,1156782,20
SELECT * FROM users WHERE id = 30649,846151,6
"SELECT * FROM users WHERE id IN (138, 849, 50)",1463180,19
SELECT * FROM orders WHERE total > 3547,4932466,54
"SELECT user_id, SUM(total) FROM orders WHERE region = 'books' GROUP BY user_id",9682327,91
"SELECT name, email FROM users WHERE signup_date > '2025-03-15'",3720180,40
SELECT * FROM orders WHERE total > 89250,5769107,72
SELECT * FROM users WHERE id = 6178,1083638,21
SELECT * FROM sessions WHERE duration > 71701,4271616,56
"SELECT user_id, SUM(total) FROM orders WHERE region = 'toys' GROUP BY user_id",7236140,77
SELECT * FROM users WHERE id = 39017,880520,7
SELECT * FROM orders WHERE total > 33571,5268309,53
"SELECT * FROM users WHERE id IN (14, 263)",1433065,28
SELECT * FROM sessions WHERE duration > 25579,3048309,27
SELECT * FROM orders WHERE total > 84165,4491068,45
"SELECT name, email FROM users WHERE signup_date > '2025-09-10'",2554697,24
SELECT * FROM users WHERE id = 47533,1033907,15
"SELECT user_id, SUM(total) FROM orders WHERE region = 'electronics' GROUP BY user_id",8519894,98
SELECT * FROM sessions WHERE duration > 88951,4598922,42
SELECT COUNT(*) FROM events WHERE month = 'Mar',11234266,119
SELECT COUNT(*) FROM events WHERE month = 'Mar',9345901,100
SELECT * FROM orders WHERE total > 55081,4551448,52
"SELECT * FROM users WHERE id IN (136, 836, 403, 362)",1019578,10
SELECT * FROM users WHERE id = 10656,980800,10
SELECT * FROM orders WHERE total > 40397,5562880,61
SELECT * FROM users WHERE id = 27717,831056,14
SELECT * FROM users WHERE id = 79106,959608,11
SELECT * FROM users WHERE id = 6854,880193,5
SELECT * FROM orders WHERE total > 69575,5725608,55
SELECT COUNT(*) FROM events WHERE month = 'Feb',9937964,106
SELECT * FROM users WHERE id = 21972,928149,13
"SELECT user_id, SUM(total) FROM orders WHERE region = 'books' GROUP BY user_id",7347365,80
SELECT * FROM users WHERE id IN (767),1046297,5
SELECT * FROM users WHERE id = 78476,1180683,23
SELECT * FROM products WHERE category = 'auto',1585407,13
SELECT COUNT(*) FROM events WHERE month = 'Jun',10968503,104
SELECT * FROM users WHERE id = 42684,1168056,21
SELECT * FROM users WHERE id = 88966,1131846,15
SELECT * FROM products WHERE category = 'garden',1525424,22
SELECT * FROM users WHERE id = 13082,1105175,15
SELECT * FROM users WHERE id = 24274,845815,7
SELECT COUNT(*) FROM events WHERE month = 'Feb',10293897,98
SELECT * FROM users WHERE id = 75812,1039970,12
SELECT * FROM users WHERE id = 153,888963,12
SELECT * FROM orders WHERE total > 39872,4617543,51
SELECT * FROM users WHERE id = 28066,899830,11
SELECT * FROM orders WHERE total > 41500,5458601,54
SELECT * FROM sessions WHERE duration > 70198,4469322,51
"SELECT * FROM orders WHERE status IN ('returned', 'delivered', 'pending', 'shipped')",2848196,39
SELECT COUNT(*) FROM events WHERE month = 'Feb',9920893,94
SELECT * FROM orders WHERE total > 85378,4279028,47
SELECT * FROM orders WHERE total > 41791,4948813,50
SELECT * FROM orders WHERE total > 46190,4037489,47
SELECT * FROM sessions WHERE duration > 90615,3848641,53
SELECT * FROM orders WHERE total > 84295,4598072,48
SELECT * FROM users WHERE id = 43765,1170877,10
"SELECT user_id, SUM(total) FROM orders WHERE region = 'auto' GROUP BY user_id",8255071,96
SELECT * FROM users WHERE id = 33749,1009514,22
SELECT * FROM users WHERE id = 19329,920520,13
SELECT * FROM users WHERE id = 25313,805675,6
SELECT * FROM orders WHERE total > 22102,5649886,55
SELECT * FROM users WHERE id = 25099,1199577,11
SELECT * FROM sessions WHERE duration > 21317,4980047,53
SELECT * FROM orders WHERE total > 54702,4210976,47
SELECT * FROM users WHERE id = 26590,1081655,22
SELECT * FROM users WHERE id = 10556,858302,7
SELECT * FROM orders WHERE total > 82300,5963888,56
SELECT * FROM orders WHERE total > 90253,4868245,54
"SELECT name, email FROM users WHERE signup_date > '2025-01-01'",3955312,50
SELECT * FROM users WHERE id = 39737,814211,23
SELECT * FROM orders WHERE total > 13542,4754294,58
SELECT * FROM users WHERE id = 90891,935169,9
SELECT * FROM products WHERE category = 'garden',1811400,32
SELECT * FROM users WHERE id = 27246,1020600,7
"SELECT * FROM orders WHERE status IN ('pending', 'cancelled', 'pending')",2639308,30
SELECT * FROM users WHERE id = 20636,1195677,10
"SELECT * FROM users WHERE id IN (451, 31, 326)",1149069,20
SELECT * FROM orders WHERE total > 87050,4378050,56
SELECT COUNT(*) FROM events WHERE month = 'Feb',9320813,93
SELECT COUNT(*) FROM events WHERE month = 'May',9684186,105
SELECT * FROM users WHERE id = 1075,1159216,15
SELECT * FROM users WHERE id = 14485,1146358,18
SELECT * FROM orders WHERE total > 66917,4833738,59
SELECT * FROM products WHERE category = 'books',2405871,19
SELECT * FROM orders WHERE total > 51676,5532187,53
SELECT * FROM products WHERE category = 'books',2337718,28
"SELECT user_id, SUM(total) FROM orders WHERE region = 'toys' GROUP BY user_id",8410023,89
SELECT * FROM users WHERE id = 65087,1090565,24
SELECT * FROM products WHERE category = 'toys',2490774,28
SELECT * FROM users WHERE id = 61704,1172484,12
SELECT * FROM orders WHERE total > 68467,4200056,47
"SELECT name, email FROM users WHERE signup_date > '2025-03-15'",3726008,33
SELECT * FROM orders WHERE total > 67356,4986418,64
SELECT * FROM orders WHERE total > 89321,4348215,42
SELECT COUNT(*) FROM events WHERE month = 'Jun',9328922,93
"SELECT * FROM orders WHERE status IN ('shipped', 'shipped')",2769091,38
"SELECT user_id, SUM(total) FROM orders WHERE region = 'books' GROUP BY user_id",8429622,96
SELECT * FROM users WHERE id = 30988,1087629,15
SELECT * FROM users WHERE id = 19758,1110969,23
SELECT * FROM users WHERE id = 1075,1194634,26
SELECT * FROM users WHERE id IN (46),1374018,18
SELECT * FROM orders WHERE total > 15129,4105528,51
SELECT * FROM products WHERE category = 'books',2246644,36
SELECT COUNT(*) FROM events WHERE month = 'Jun',11406044,111
SELECT * FROM products WHERE category = 'electronics',1964870,22
SELECT * FROM users WHERE id IN (112),1318544,27
SELECT COUNT(*) FROM events WHERE month = 'Feb',10958134,106
SELECT COUNT(*) FROM events WHERE month = 'Mar',9861644,111
"SELECT * FROM users WHERE id IN (855, 7, 933)",1490597,20
SELECT * FROM users WHERE id = 23006,1050828,17
SELECT * FROM orders WHERE total > 83711,5567435,60
SELECT * FROM orders WHERE total > 28955,5941076,60
SELECT * FROM users WHERE id = 12979,849093,18
"SELECT * FROM orders WHERE status IN ('cancelled', 'cancelled', 'shipped')",2604386,34
"SELECT user_id, SUM(total) FROM orders WHERE region = 'books' GROUP BY user_id",8526183,95
SELECT * FROM users WHERE id = 19741,1141863,14
SELECT * FROM users WHERE id = 79172,1063577,5
SELECT * FROM orders WHERE total > 79076,5458757,53
"SELECT * FROM orders WHERE status IN ('cancelled', 'cancelled')",2236627,18
SELECT * FROM users WHERE id = 83073,1005652,7
"SELECT * FROM users WHERE id IN (606, 192)",1238890,11
SELECT COUNT(*) FROM events WHERE month = 'Feb',11843148,122
SELECT * FROM users WHERE id = 11737,825190,7
SELECT * FROM orders WHERE total > 89021,4595427,50
SELECT COUNT(*) FROM events WHERE month = 'Jan',11944152,120
"SELECT name, email FROM users WHERE signup_date > '2025-03-15'",2090266,15
SELECT * FROM users WHERE id = 24581,916966,21
SELECT COUNT(*) FROM events WHERE month = 'Jan',9889434,110
SELECT * FROM users WHERE id = 18390,952368,18
SELECT * FROM products WHERE category = 'garden',2057054,17
SELECT COUNT(*) FROM events WHERE month = 'May',9339019,96
SELECT * FROM users WHERE id = 67890,1124657,9
"SELECT * FROM users WHERE id IN (181, 507)",1328988,16
SELECT * FROM users WHERE id = 28982,1046427,25
SELECT * FROM users WHERE id = 98060,1007328,9
SELECT * FROM products WHERE category = 'electronics',2398724,28
SELECT * FROM users WHERE id = 91195,814073,4
SELECT * FROM sessions WHERE duration > 7573,3538800,48
SELECT * FROM users WHERE id = 36353,1013174,15
"SELECT name, email FROM users WHERE signup_date > '2025-03-15'",3354815,38
SELECT * FROM users WHERE id = 29980,1071302,8
SELECT * FROM orders WHERE total > 95918,5047037,50
SELECT COUNT(*) FROM events WHERE month = 'Mar',9221965,99
SELECT * FROM users WHERE id = 73665,1116853,11
SELECT * FROM users WHERE id = 62754,913681,18
SELECT * FROM products WHERE category = 'books',1818676,28
SELECT * FROM users WHERE id = 90621,1024997,8
SELECT * FROM products WHERE category = 'garden',2288384,37
SELECT * FROM users WHERE id = 67622,832915,22
SELECT COUNT(*) FROM events WHERE month = 'May',10574783,101
"SELECT name, email FROM users WHERE signup_date > '2025-09-10'",3860224,53
SELECT * FROM users WHERE id = 71530,912500,17
SELECT * FROM users WHERE id = 30062,896135,12
SELECT * FROM users WHERE id = 86162,899264,20
SELECT COUNT(*) FROM events WHERE month = 'Jan',9531775,108
SELECT * FROM users WHERE id = 12572,1119407,24
SELECT * FROM orders WHERE total > 15471,4763479,47
SELECT COUNT(*) FROM events WHERE month = 'Apr',9614641,110
SELECT * FROM orders WHERE total > 45007,5343150,57
"SELECT * FROM orders WHERE status IN ('pending', 'returned')",2205032,31
"SELECT name, email FROM users WHERE signup_date > '2025-01-01'",3781802,52
SELECT * FROM users WHERE id = 9407,1033993,5
SELECT * FROM users WHERE id = 23357,964789,17
"SELECT * FROM users WHERE id IN (926, 158, 816, 488, 339)",1023006,23
SELECT * FROM users WHERE id = 27809,1180890,10
"SELECT user_id, SUM(total) FROM orders WHERE region = 'electronics' GROUP BY user_id",7889799,79
SELECT * FROM orders WHERE total > 20675,4796906,47
"SELECT name, email FROM users WHERE signup_date > '2025-01-01'",2539779,34
SELECT * FROM orders WHERE total > 74289,5951747,66
SELECT * FROM users WHERE id = 91013,818695,3
SELECT COUNT(*) FROM events WHERE month = 'Apr',9574128,104
SELECT COUNT(*) FROM events WHERE month = 'Feb',10809530,119
"SELECT * FROM orders WHERE status IN ('cancelled', 'delivered', 'shipped')",2587169,26
"SELECT * FROM users WHERE id IN (735, 42, 886, 819)",1196776,11
SELECT * FROM users WHERE id = 7844,815768,9
"SELECT name, email FROM users WHERE signup_date > '2025-03-15'",3815529,45
SELECT * FROM products WHERE category = 'auto',2449936,21
SELECT * FROM users WHERE id = 19022,1168791,9
SELECT * FROM users WHERE id = 58474,1183919,23
SELECT * FROM users WHERE id = 77265,1063924,15
SELECT * FROM users WHERE id = 85648,819119,18
SELECT * FROM orders WHERE total > 13312,4118082,38
SELECT * FROM users WHERE id = 19657,811725,22
SELECT * FROM orders WHERE total > 63987,4919599,52
SELECT * FROM users WHERE id = 41105,952187,7
SELECT * FROM products WHERE category = 'toys',1820345,21
SELECT COUNT(*) FROM events WHERE month = 'Feb',11569970,114
SELECT * FROM orders WHERE total > 68393,5174371,66
SELECT * FROM users WHERE id = 67035,918772,20
SELECT * FROM products WHERE category = 'auto',2383084,31
"SELECT * FROM orders WHERE status IN ('shipped', 'cancelled', 'shipped', 'shipped')",2119145,30
SELECT * FROM orders WHERE total > 90908,4790671,48
SELECT * FROM users WHERE id = 11915,985002,5
SELECT * FROM orders WHERE total > 6436,5926840,63
SELECT * FROM users WHERE id = 72195,855456,9
"SELECT name, email FROM users WHERE signup_date > '2025-03-15'",3005090,26
SELECT COUNT(*) FROM events WHERE month = 'Mar',9061368,96
SELECT * FROM orders WHERE total > 91671,5015214,46
SELECT * FROM sessions WHERE duration > 37503,4074815,49
"SELECT name, email FROM users WHERE signup_date > '2025-03-15'",3743816,46
"SELECT user_id, SUM(total) FROM orders WHERE region = 'electronics' GROUP BY user_id",9221481,107
SELECT COUNT(*) FROM events WHERE month = 'Jan',11448069,126
SELECT COUNT(*) FROM events WHERE month = 'Apr',9781805,93
SELECT COUNT(*) FROM events WHERE month = 'May',9108394,96
SELECT * FROM users WHERE id = 55654,1088620,9
SELECT COUNT(*) FROM events WHERE month = 'Jun',9113969,103
SELECT * FROM orders WHERE total > 56549,5789375,59
SELECT * FROM orders WHERE total > 93735,5382241,59
SELECT * FROM users WHERE id = 37709,836913,21
SELECT COUNT(*) FROM events WHERE month = 'Mar',9096754,96
"SELECT * FROM orders WHERE status IN ('cancelled', 'shipped', 'cancelled', 'returned')",2602303,24
SELECT * FROM orders WHERE total > 96305,5365862,54
SELECT * FROM orders WHERE total > 53153,5832550,57
SELECT * FROM products WHERE category = 'toys',2088399,31
SELECT * FROM users WHERE id = 77817,1102396,26
SELECT * FROM products WHERE category = 'books',1683156,22
SELECT * FROM users WHERE id = 97623,1036499,10
SELECT * FROM users WHERE id IN (777),1066592,13
SELECT * FROM users WHERE id = 33110,992737,24
SELECT COUNT(*) FROM events WHERE month = 'Feb',11352807,118
SELECT * FROM users WHERE id = 57850,923849,13
SELECT * FROM orders WHERE total > 84523,4868537,47
SELECT COUNT(*) FROM events WHERE month = 'Apr',9778313,109
SELECT * FROM orders WHERE total > 10565,5001905,52
"SELECT name, email FROM users WHERE signup_date > '2025-06-20'",3041544,40
SELECT * FROM users WHERE id = 68425,905738,17
SELECT * FROM orders WHERE total > 8199,5968490,74
SELECT * FROM users WHERE id = 23063,841580,21
"SELECT * FROM orders WHERE status IN ('returned', 'shipped')",2344563,35
SELECT * FROM users WHERE id = 62438,1174197,17
SELECT * FROM users WHERE id = 63020,1048377,18
SELECT * FROM products WHERE category = 'garden',2098749,23
SELECT * FROM orders WHERE total > 55831,4432019,50
"SELECT user_id, SUM(total) FROM orders WHERE region = 'electronics' GROUP BY user_id",9757828,97
SELECT * FROM sessions WHERE duration > 99970,3534552,45
SELECT * FROM orders WHERE total > 81718,5223569,53
SELECT * FROM users WHERE id = 2415,923639,6
SELECT * FROM products WHERE category = 'garden',2169701,33
SELECT * FROM products WHERE category = 'electronics',1867648,17
SELECT * FROM users WHERE id = 47672,859563,11
SELECT * FROM users WHERE id = 3251,1157284,19
SELECT * FROM users WHERE id = 30153,994232,20
"SELECT * FROM users WHERE id IN (784, 114)",1019788,22
SELECT * FROM orders WHERE total > 47922,4220512,43
SELECT * FROM orders WHERE total > 72201,5614282,67
SELECT COUNT(*) FROM events WHERE month = 'Jan',11889561,116
SELECT COUNT(*) FROM events WHERE month = 'Mar',9578436,92
SELECT * FROM products WHERE category = 'toys',1593451,12
"SELECT * FROM orders WHERE status IN ('shipped', 'pending', 'returned', 'cancelled')",2599304,33
SELECT * FROM users WHERE id = 80938,996038,24
SELECT COUNT(*) FROM events WHERE month = 'Jan',10197883,102
SELECT * FROM users WHERE id = 36815,1036039,20
"SELECT * FROM orders WHERE status IN ('pending', 'returned', 'delivered')",2871959,33
SELECT * FROM orders WHERE total > 44733,4431813,50
SELECT * FROM users WHERE id = 99651,1011104,23
SELECT * FROM users WHERE id = 97359,1172536,25
SELECT * FROM orders WHERE total > 70794,5197426,53
"SELECT name, email FROM users WHERE signup_date > '2025-06-20'",3900975,35
SELECT * FROM users WHERE id = 15362,977626,22
SELECT * FROM orders WHERE total > 32332,4461638,42
"SELECT name, email FROM users WHERE signup_date > '2025-06-20'",2956148,34
SELECT * FROM orders WHERE total > 95528,5436624,65
"SELECT name, email FROM users WHERE signup_date > '2025-01-01'",3574871,40
SELECT * FROM users WHERE id = 42251,989158,24
SELECT * FROM users WHERE id = 86719,1184263,24
"SELECT * FROM orders WHERE status IN ('returned', 'returned', 'pending')",2065911,25
"SELECT name, email FROM users WHERE signup_date > '2025-03-15'",2161226,20
SELECT * FROM users WHERE id = 8998,896370,6
SELECT * FROM orders WHERE total > 81884,5917191,63
SELECT * FROM users WHERE id = 72455,920838,5
SELECT * FROM orders WHERE total > 3826,4796475,54
SELECT * FROM users WHERE id = 43545,996974,17
SELECT * FROM products WHERE category = 'electronics',2348597,19
SELECT * FROM products WHERE category = 'garden',1590213,22
SELECT * FROM users WHERE id = 5395,1140666,22
SELECT * FROM sessions WHERE duration > 9701,4509043,56
SELECT * FROM orders WHERE total > 9892,4839614,51
SELECT COUNT(*) FROM events WHERE month = 'Apr',11867189,121
SELECT * FROM users WHERE id = 69382,1113306,8
SELECT * FROM users WHERE id = 44949,845450,15
SELECT * FROM users WHERE id = 84328,1095899,7
SELECT * FROM orders WHERE total > 73162,5129763,49
SELECT COUNT(*) FROM events WHERE month = 'Feb',9610400,110
SELECT * FROM orders WHERE total > 93321,4973494,61
SELECT * FROM products WHERE category = 'electronics',2318826,29
"SELECT * FROM users WHERE id IN (566, 894, 867)",1272231,15
SELECT * FROM orders WHERE total > 44893,5764684,56
SELECT COUNT(*) FROM events WHERE month = 'Apr',10775050,102
SELECT * FROM orders WHERE total > 55938,5772986,65
SELECT * FROM users WHERE id = 48449,871756,17
SELECT * FROM orders WHERE total > 12354,5096200,52
"SELECT * FROM users WHERE id IN (657, 755, 401)",1287097,9
SELECT COUNT(*) FROM events WHERE month = 'Apr',10979668,106
SELECT * FROM orders WHERE total > 91592,5848645,53
"SELECT user_id, SUM(total) FROM orders WHERE region = 'electronics' GROUP BY user_id",9512217,94
SELECT COUNT(*) FROM events WHERE month = 'Apr',10156798,113
SELECT * FROM users WHERE id = 23838,873110,3
SELECT * FROM users WHERE id = 18327,963856,22
SELECT * FROM users WHERE id = 13830,848962,18
SELECT * FROM products WHERE category = 'books',1593342,23
SELECT * FROM users WHERE id = 32312,913024,12
SELECT * FROM orders WHERE total > 58732,5629646,55
SELECT * FROM users WHERE id = 72826,1191311,8
SELECT COUNT(*) FROM events WHERE month = 'Feb',10684071,101
"SELECT user_id, SUM(total) FROM orders WHERE region = 'garden' GROUP BY user_id",8173060,80
SELECT * FROM orders WHERE total > 75877,5977092,54
"SELECT * FROM users WHERE id IN (974, 649)",1323611,10
SELECT COUNT(*) FROM events WHERE month = 'Feb',11038077,113
SELECT COUNT(*) FROM events WHERE month = 'Mar',11805483,120
SELECT * FROM users WHERE id = 62110,867220,8
"SELECT * FROM users WHERE id IN (822, 994)",1459968,19
SELECT * FROM users WHERE id = 94205,917343,17
SELECT COUNT(*) FROM events WHERE month = 'May',11684350,117
SELECT * FROM users WHERE id = 91577,1196266,15
SELECT * FROM users WHERE id = 62193,801036,7
SELECT * FROM orders WHERE total > 7386,4486273,53
SELECT * FROM users WHERE id = 46366,1055836,25
SELECT COUNT(*) FROM events WHERE month = 'Feb',10353201,118
SELECT * FROM users WHERE id = 80049,890707,10
"SELECT user_id, SUM(total) FROM orders WHERE region = 'electronics' GROUP BY user_id",8221307,81
SELECT * FROM orders WHERE total > 69618,4451008,49
SELECT * FROM orders WHERE total > 52066,5634326,68
SELECT * FROM orders WHERE total > 87829,4981022,49
SELECT * FROM orders WHERE total > 22362,4576625,53
SELECT * FROM products WHERE category = 'garden',2438747,20
SELECT * FROM products WHERE category = 'garden',2076744,23
"SELECT name, email FROM users WHERE signup_date > '2025-03-15'",3369921,30
SELECT * FROM users WHERE id IN (337),1010627,24
SELECT * FROM products WHERE category = 'books',1611129,13
SELECT * FROM products WHERE category = 'electronics',1903323,27
"SELECT user_id, SUM(total) FROM orders WHERE region = 'toys' GROUP BY user_id",7413004,84
SELECT * FROM orders WHERE status IN ('returned'),2549991,38
SELECT * FROM orders WHERE total > 41637,5845994,54
SELECT * FROM users WHERE id = 50314,831849,23
SELECT * FROM users WHERE id = 81969,1172284,8
SELECT * FROM users WHERE id = 98207,823760,20
SELECT * FROM users WHERE id = 27027,1050631,13
SELECT * FROM sessions WHERE duration > 45129,4770655,60
"SELECT * FROM orders WHERE status IN ('cancelled', 'shipped')",2704264,24
SELECT * FROM users WHERE id = 89974,843944,7
SELECT * FROM users WHERE id = 32929,1056968,11
SELECT * FROM users WHERE id = 92269,919167,13
SELECT * FROM users WHERE id = 10795,1167239,19
SELECT * FROM users WHERE id = 35289,1104014,10
SELECT * FROM orders WHERE total > 49892,4586090,58
SELECT COUNT(*) FROM events WHERE month = 'Feb',9461378,99
SELECT * FROM orders WHERE total > 56789,4196813,51
SELECT * FROM users WHERE id = 62654,1003362,14
"SELECT * FROM orders WHERE status IN ('cancelled', 'shipped', 'shipped', 'delivered')",2668632,26
SELECT * FROM orders WHERE total > 88449,4744890,47
SELECT * FROM users WHERE id = 81516,1162374,22
SELECT * FROM users WHERE id IN (669),1460358,15
SELECT * FROM users WHERE id = 87711,928479,21
SELECT * FROM products WHERE category = 'books',2000420,32
SELECT * FROM users WHERE id = 44448,1176246,11
SELECT * FROM users WHERE id = 38428,909511,6
SELECT * FROM products WHERE category = 'auto',2030367,33
SELECT * FROM users WHERE id = 26128,974256,18
SELECT * FROM users WHERE id = 25689,1179452,10
SELECT * FROM orders WHERE total > 70293,5043572,54
SELECT * FROM users WHERE id = 79352,1137780,10
"SELECT user_id, SUM(total) FROM orders WHERE region = 'auto' GROUP BY user_id",9510582,96
SELECT * FROM users WHERE id = 10614,881835,11
SELECT * FROM products WHERE category = 'electronics',1747516,32
SELECT * FROM users WHERE id = 63878,1062747,24
SELECT COUNT(*) FROM events WHERE month = 'Mar',11520667,116
SELECT * FROM orders WHERE total > 86975,4943294,55
SELECT * FROM users WHERE id = 86349,896646,11
SELECT * FROM users WHERE id = 2466,825059,4
SELECT * FROM users WHERE id = 11672,1064086,19
SELECT * FROM orders WHERE total > 66166,4709509,54
SELECT * FROM products WHERE category = 'electronics',1730111,20
"SELECT * FROM orders WHERE status IN ('shipped', 'delivered')",2860130,39
SELECT * FROM orders WHERE total > 17160,4179909,39
SELECT * FROM users WHERE id = 6888,921432,17
SELECT * FROM orders WHERE total > 58460,4284622,37
SELECT * FROM users WHERE id IN (873),1194646,12
SELECT COUNT(*) FROM events WHERE month = 'May',11893253,126
SELECT * FROM users WHERE id = 55976,1100790,13
SELECT * FROM users WHERE id IN (742),1397035,11
SELECT COUNT(*) FROM events WHERE month = 'Mar',9060011,87
SELECT * FROM users WHERE id = 21580,820081,15
"SELECT * FROM orders WHERE status IN ('shipped', 'pending', 'shipped')",2988826,38
SELECT * FROM users WHERE id IN (717),1461990,12
SELECT COUNT(*) FROM events WHERE month = 'Feb',10579735,106
SELECT * FROM products WHERE category = 'books',2360993,30
SELECT * FROM users WHERE id = 54187,863830,6
SELECT * FROM products WHERE category = 'auto',2359664,22
SELECT COUNT(*) FROM events WHERE month = 'Feb',9203452,98
SELECT * FROM users WHERE id = 76477,1041596,20
SELECT * FROM orders WHERE total > 32068,5825924,56
SELECT * FROM users WHERE id = 37314,1112932,19
SELECT COUNT(*) FROM events WHERE month = 'Jan',9959270,98
SELECT * FROM products WHERE category = 'toys',1975961,33
SELECT COUNT(*) FROM events WHERE month = 'Jan',10795506,119
SELECT * FROM orders WHERE total > 19449,4843103,59
SELECT COUNT(*) FROM events WHERE month = 'May',9530802,103
"SELECT user_id, SUM(total) FROM orders WHERE region = 'electronics' GROUP BY user_id",9780590,95
SELECT * FROM orders WHERE total > 4417,4800563,45
SELECT * FROM orders WHERE total > 23997,4974546,62
SELECT * FROM users WHERE id = 82347,1195628,8
SELECT * FROM users WHERE id = 64888,869822,3
SELECT * FROM users WHERE id = 735,923500,19
SELECT * FROM users WHERE id = 51712,1085588,23
SELECT * FROM users WHERE id = 35329,800582,21
SELECT COUNT(*) FROM events WHERE month = 'Feb',11073661,107
SELECT * FROM users WHERE id = 44078,896304,6
"SELECT * FROM orders WHERE status IN ('returned', 'shipped')",2489238,25
SELECT COUNT(*) FROM events WHERE month = 'May',11342509,123
SELECT * FROM orders WHERE total > 21270,4251381,39
SELECT * FROM users WHERE id = 80367,823365,4
SELECT * FROM users WHERE id = 65858,1184694,13
"SELECT * FROM users WHERE id IN (762, 330)",1237303,10
SELECT COUNT(*) FROM events WHERE month = 'Feb',9343258,94
SELECT * FROM users WHERE id = 18939,991773,6
SELECT * FROM users WHERE id = 56402,1090174,10
"SELECT user_id, SUM(total) FROM orders WHERE region = 'auto' GROUP BY user_id",7066343,81
SELECT * FROM orders WHERE total > 20558,5947501,64
SELECT * FROM users WHERE id = 45959,979553,22
SELECT * FROM users WHERE id = 75069,1003372,18
SELECT * FROM products WHERE category = 'auto',2293553,24
SELECT COUNT(*) FROM events WHERE month = 'Mar',9305095,94
SELECT * FROM orders WHERE total > 59243,4816835,44
SELECT * FROM orders WHERE total > 33602,4145180,43
SELECT COUNT(*) FROM events WHERE month = 'Mar',9143487,95
"SELECT user_id, SUM(total) FROM orders WHERE region = 'garden' GROUP BY user_id",7286659,77
SELECT * FROM users WHERE id = 40023,856719,13
SELECT COUNT(*) FROM events WHERE month = 'Jun',9750993,103
SELECT * FROM products WHERE category = 'books',2083583,34
SELECT * FROM users WHERE id = 34649,1135121,11
SELECT * FROM users WHERE id = 64221,1115153,25
SELECT * FROM orders WHERE total > 75890,5530114,66
SELECT * FROM users WHERE id = 66722,912188,9
SELECT COUNT(*) FROM events WHERE month = 'Jan',11214452,122
SELECT * FROM orders WHERE total > 33016,4038672,41
SELECT * FROM users WHERE id = 33731,916912,4
SELECT * FROM users WHERE id = 97906,824702,11
SELECT * FROM users WHERE id = 85241,1076738,25
SELECT COUNT(*) FROM events WHERE month = 'Feb',10966908,124
SELECT * FROM products WHERE category = 'electronics',2463633,25
SELECT * FROM users WHERE id = 38550,805247,7
SELECT * FROM orders WHERE total > 82777,4382579,55
SELECT * FROM users WHERE id = 39735,917248,5
SELECT * FROM orders WHERE total > 5625,5275671,65
SELECT * FROM users WHERE id = 88299,881945,8
SELECT * FROM orders WHERE total > 48363,5916374,57
SELECT * FROM orders WHERE total > 43663,4471159,58
SELECT * FROM sessions WHERE duration > 90979,4953509,60
SELECT COUNT(*) FROM events WHERE month = 'Feb',9214232,97
"SELECT * FROM orders WHERE status IN ('delivered', 'shipped')",2254839,31
SELECT * FROM users WHERE id IN (470),1166763,18
SELECT * FROM users WHERE id = 28662,1071001,13
SELECT * FROM orders WHERE total > 10130,4564393,49
SELECT * FROM products WHERE category = 'auto',2078343,24
SELECT * FROM users WHERE id = 69355,1182016,25
SELECT * FROM users WHERE id = 56719,1068550,18
SELECT * FROM users WHERE id = 82483,1048906,10
SELECT * FROM users WHERE id = 41866,891734,17
"SELECT * FROM users WHERE id IN (92, 204, 82, 850)",1212385,11
SELECT * FROM orders WHERE total > 42413,5706655,58
SELECT * FROM orders WHERE total > 61367,5992975,55
SELECT * FROM users WHERE id = 1205,1180311,18
SELECT * FROM users WHERE id = 12730,832130,15
SELECT * FROM orders WHERE status IN ('shipped'),2241479,22
SELECT * FROM orders WHERE total > 52078,5391277,61
SELECT * FROM users WHERE id = 8036,809044,3
SELECT * FROM users WHERE id = 46441,1099399,19
SELECT * FROM orders WHERE total > 28608,4004860,36
SELECT * FROM users WHERE id = 73917,1057175,16
SELECT * FROM orders WHERE status IN ('delivered'),2173514,35
SELECT * FROM users WHERE id = 5446,1157807,11
SELECT * FROM sessions WHERE duration > 27095,4683197,57
SELECT * FROM users WHERE id = 56868,1139388,22
SELECT * FROM orders WHERE total > 65028,4269088,39
SELECT * FROM orders WHERE total > 54636,4872966,51
SELECT * FROM orders WHERE total > 42542,5111476,62
SELECT * FROM orders WHERE total > 12036,4866443,58
SELECT COUNT(*) FROM events WHERE month = 'May',10848316,119
SELECT * FROM users WHERE id = 37512,1017748,14
SELECT COUNT(*) FROM events WHERE month = 'Jun',10076536,96
SELECT * FROM users WHERE id = 76875,848569,17
SELECT * FROM orders WHERE total > 76378,5004444,52
SELECT * FROM sessions WHERE duration > 74028,4021207,48
SELECT COUNT(*) FROM events WHERE month = 'Mar',10223416,113
SELECT * FROM orders WHERE total > 80838,4905272,57
SELECT * FROM users WHERE id = 10759,1004802,9
"SELECT user_id, SUM(total) FROM orders WHERE region = 'auto' GROUP BY user_id",9844555,104
SELECT COUNT(*) FROM events WHERE month = 'May',9833002,111
SELECT * FROM users WHERE id = 63131,895808,8
SELECT * FROM users WHERE id = 19875,1034455,18
SELECT * FROM orders WHERE total > 97953,4352611,58
SELECT * FROM users WHERE id = 90830,1031890,21
SELECT * FROM users WHERE id = 20056,1123427,12
SELECT * FROM orders WHERE total > 27700,5977403,62
SELECT * FROM orders WHERE total > 78854,4419162,39
SELECT * FROM users WHERE id = 56559,1097592,13
SELECT * FROM users WHERE id = 17939,1097303,12
SELECT * FROM users WHERE id = 55578,1004776,14
"SELECT * FROM orders WHERE status IN ('delivered', 'pending')",2238806,29
SELECT COUNT(*) FROM events WHERE month = 'Mar',9731356,110
"SELECT name, email FROM users WHERE signup_date > '2025-03-15'",2526796,24
SELECT COUNT(*) FROM events WHERE month = 'May',11930169,127
SELECT * FROM users WHERE id = 48564,1167663,25
SELECT * FROM products WHERE category = 'books',2433413,33
SELECT * FROM orders WHERE total > 22701,4898335,44
SELECT * FROM users WHERE id = 76955,808527,3
"SELECT name, email FROM users WHERE signup_date > '2025-03-15'",2486350,31
SELECT * FROM orders WHERE total > 62345,5737448,55
SELECT * FROM products WHERE category = 'auto',1669684,16
SELECT * FROM products WHERE category = 'books',2469943,32
SELECT * FROM users WHERE id = 14446,1088916,22
SELECT * FROM users WHERE id = 13049,802448,6
SELECT COUNT(*) FROM events WHERE month = 'Jun',10708548,115
SELECT COUNT(*) FROM events WHERE month = 'Mar',11524458,120
SELECT * FROM users WHERE id = 197,1112959,14
SELECT * FROM users WHERE id = 49352,1053025,11
"SELECT * FROM users WHERE id IN (985, 913, 757)",1023724,19
SELECT * FROM products WHERE category = 'electronics',2077795,25
SELECT * FROM orders WHERE total > 14384,4313220,52
"SELECT name, email FROM users WHERE signup_date > '2025-03-15'",2055794,22
SELECT * FROM orders WHERE total > 88189,5978637,68
SELECT * FROM orders WHERE total > 90813,5782794,62
SELECT COUNT(*) FROM events WHERE month = 'Apr',11798522,114
SELECT * FROM users WHERE id = 35458,893056,5
SELECT * FROM users WHERE id = 88563,954424,21
"SELECT * FROM users WHERE id IN (960, 494, 185, 527, 960)",1440943,25
SELECT * FROM users WHERE id IN (812),1390075,22
SELECT * FROM users WHERE id IN (387),1484154,12
SELECT * FROM orders WHERE total > 88401,5035412,56
SELECT * FROM orders WHERE total > 87445,5119041,52
SELECT * FROM orders WHERE total > 77556,5222135,64
SELECT * FROM orders WHERE total > 60667,4225443,38
SELECT * FROM users WHERE id = 22545,1037240,14
SELECT * FROM sessions WHERE duration > 4456,4089399,47
SELECT * FROM users WHERE id = 10,812702,19
"SELECT name, email FROM users WHERE signup_date > '2025-09-10'",2216070,28
SELECT * FROM users WHERE id = 38917,939945,9
SELECT * FROM products WHERE category = 'electronics',1887992,15
"SELECT name, email FROM users WHERE signup_date > '2025-09-10'",2560877,21
SELECT * FROM orders WHERE total > 15008,5115349,59
SELECT * FROM users WHERE id = 71647,922272,4
SELECT * FROM users WHERE id = 57258,1090964,5
SELECT * FROM orders WHERE total > 20481,5298426,63
SELECT * FROM users WHERE id = 87616,1182379,20
SELECT * FROM orders WHERE total > 24779,4081717,49
SELECT * FROM orders WHERE total > 9492,4288209,37
SELECT COUNT(*) FROM events WHERE month = 'Jan',11117526,107
SELECT * FROM users WHERE id = 68259,1042323,20
SELECT * FROM products WHERE category = 'books',1599800,13
SELECT * FROM products WHERE category = 'toys',2172197,23
"SELECT name, email FROM users WHERE signup_date > '2025-03-15'",3948117,50
SELECT COUNT(*) FROM events WHERE month = 'Apr',10650731,110
SELECT COUNT(*) FROM events WHERE month = 'Mar',11452128,120
SELECT * FROM users WHERE id = 25835,903405,19
SELECT * FROM orders WHERE total > 48460,4040672,53
SELECT * FROM products WHERE category = 'auto',2168888,28
SELECT COUNT(*) FROM events WHERE month = 'Mar',10229523,101
"SELECT name, email FROM users WHERE signup_date > '2025-06-20'",2731126,30
SELECT * FROM users WHERE id = 23622,1078045,5
SELECT * FROM sessions WHERE duration > 95898,3456434,42
SELECT COUNT(*) FROM events WHERE month = 'Jun',11817128,128
SELECT * FROM users WHERE id = 57455,804878,10
SELECT COUNT(*) FROM events WHERE month = 'Mar',9351439,94
SELECT COUNT(*) FROM events WHERE month = 'Jun',10452610,109
SELECT * FROM users WHERE id = 84657,885661,19
SELECT * FROM sessions WHERE duration > 25974,4858908,50
SELECT * FROM orders WHERE total > 86789,4194697,45
SELECT * FROM users WHERE id = 47603,800462,19
SELECT * FROM users WHERE id IN (477),1422144,11
"SELECT name, email FROM users WHERE signup_date > '2025-06-20'",2372769,21
SELECT COUNT(*) FROM events WHERE month = 'Mar',9584862,107
"SELECT user_id, SUM(total) FROM orders WHERE region = 'electronics' GROUP BY user_id",9181566,103
SELECT * FROM users WHERE id = 23750,910654,20
"SELECT name, email FROM users WHERE signup_date > '2025-01-01'",2703920,31
SELECT * FROM users WHERE id = 23336,1017599,8
